instrument,timestamp,open,high,low,close,volume,close_lag_10,row_role,forward_return_1d
SPY,2021-12-17T00:00:00Z,433.26,436.15,429.92,431.59,1788722.0,,SUPPORT_MOM10_WARMUP,
SPY,2021-12-20T00:00:00Z,426.48,427.41,423.42,427.12,1951976.0,,SUPPORT_MOM10_WARMUP,
SPY,2021-12-21T00:00:00Z,430.54,434.74,428.29,434.6,1438023.0,,SUPPORT_MOM10_WARMUP,
SPY,2021-12-22T00:00:00Z,434.22,439.06,434.15,438.96,1186516.0,,SUPPORT_MOM10_WARMUP,
SPY,2021-12-23T00:00:00Z,439.94,443.16,439.85,441.67,1327872.0,,SUPPORT_MOM10_WARMUP,
SPY,2021-12-27T00:00:00Z,443.07,447.98,443.01,447.98,1048955.0,,SUPPORT_MOM10_WARMUP,
SPY,2021-12-28T00:00:00Z,448.36,449.37,446.81,447.58,981087.0,,SUPPORT_MOM10_WARMUP,
SPY,2021-12-29T00:00:00Z,447.66,449.1,446.69,448.14,798714.0,,SUPPORT_MOM10_WARMUP,
SPY,2021-12-30T00:00:00Z,448.67,449.56,446.46,446.92,1079839.0,,SUPPORT_MOM10_WARMUP,
SPY,2021-12-31T00:00:00Z,446.42,447.54,445.51,445.71,978337.0,,SUPPORT_MOM10_WARMUP,
SPY,2022-01-03T00:00:00Z,447.05,448.43,444.73,448.39,1096935.0,431.59,EVALUATION,-0.0005798523606681538
SPY,2022-01-04T00:00:00Z,449.76,450.48,446.39,448.13,1592794.0,427.12,EVALUATION,-0.018789190636645636
SPY,2022-01-05T00:00:00Z,447.92,448.59,439.52,439.71,2124466.0,434.6,EVALUATION,-0.0011825976211593536
SPY,2022-01-06T00:00:00Z,439.08,441.86,436.83,439.19,1982217.0,438.96,EVALUATION,-0.004189530727020108
SPY,2022-01-07T00:00:00Z,439.18,440.35,436.14,437.35,1237553.0,441.67,EVALUATION,-0.0008917343089059893
SPY,2022-01-10T00:00:00Z,434.28,437.09,428.55,436.96,2037795.0,447.98,EVALUATION,0.008971072867081764
SPY,2022-01-11T00:00:00Z,436.6,440.97,433.67,440.88,1182243.0,447.58,EVALUATION,0.0028806024315006784
SPY,2022-01-12T00:00:00Z,442.64,444.1,440.17,442.15,823670.0,448.14,EVALUATION,-0.013389121338912013
SPY,2022-01-13T00:00:00Z,443.3,443.77,434.97,436.23,1480043.0,446.92,EVALUATION,-0.0004584737409165651
SPY,2022-01-14T00:00:00Z,432.79,436.47,431.65,436.03,1526542.0,445.71,EVALUATION,-0.017407059147306336
SPY,2022-01-18T00:00:00Z,431.45,431.65,427.36,428.44,1616692.0,448.39,EVALUATION,-0.010223135094762359
SPY,2022-01-19T00:00:00Z,429.97,431.34,423.72,424.06,1615078.0,448.13,EVALUATION,-0.011625713342451549
SPY,2022-01-20T00:00:00Z,425.79,430.54,418.85,419.13,1946911.0,439.71,EVALUATION,-0.01918259251306287
SPY,2022-01-21T00:00:00Z,418.26,420.5,411.05,411.09,3155532.0,439.19,EVALUATION,0.0047434868277020925
SPY,2022-01-24T00:00:00Z,405.52,413.3,394.97,413.04,3508516.0,437.35,EVALUATION,-0.01271063335270195
SPY,2022-01-25T00:00:00Z,406.47,412.69,400.95,407.79,2831413.0,436.96,EVALUATION,-0.003187915348586312
SPY,2022-01-26T00:00:00Z,413.85,416.72,402.52,406.49,2683341.0,440.88,EVALUATION,-0.0041329429998278044
SPY,2022-01-27T00:00:00Z,411.31,414.41,403.08,404.81,2283525.0,442.15,EVALUATION,0.024653541167461324
SPY,2022-01-28T00:00:00Z,406.12,414.83,401.54,414.79,2725224.0,436.23,EVALUATION,0.017792135779551188
SPY,2022-01-31T00:00:00Z,414.1,422.61,412.83,422.17,2210038.0,436.03,EVALUATION,0.006798209252196985
SPY,2022-02-01T00:00:00Z,423.0,425.72,419.48,425.04,1315722.0,428.44,EVALUATION,0.00952851496329754
SPY,2022-02-02T00:00:00Z,427.47,429.97,425.22,429.09,1506614.0,424.06,EVALUATION,-0.023491575194015235
SPY,2022-02-03T00:00:00Z,423.26,425.08,418.36,419.01,1709160.0,419.13,EVALUATION,0.0051550082336937475
SPY,2022-02-04T00:00:00Z,418.94,424.94,416.59,421.17,1571603.0,411.09,EVALUATION,-0.003371560177600541
SPY,2022-02-07T00:00:00Z,421.88,423.25,418.48,419.75,915456.0,413.04,EVALUATION,0.007957117331744978
SPY,2022-02-08T00:00:00Z,419.3,424.09,417.9,423.09,1066565.0,407.79,EVALUATION,0.014677728142948432
SPY,2022-02-09T00:00:00Z,427.24,429.66,427.07,429.3,1363613.0,406.49,EVALUATION,-0.01756347542511072
SPY,2022-02-10T00:00:00Z,423.62,429.55,419.73,421.76,2187584.0,404.81,EVALUATION,-0.019940250379362645
SPY,2022-02-11T00:00:00Z,421.75,423.79,411.99,413.35,2442797.0,414.79,EVALUATION,-0.003459537921858047
SPY,2022-02-14T00:00:00Z,412.92,414.45,408.62,411.92,1353964.0,422.17,EVALUATION,0.016168187997669392
SPY,2022-02-15T00:00:00Z,416.54,418.84,416.01,418.58,971379.0,425.04,EVALUATION,0.0015528692245210252
SPY,2022-02-16T00:00:00Z,416.68,420.4,414.8,419.23,1044875.0,429.09,EVALUATION,-0.02173031510149559
SPY,2022-02-17T00:00:00Z,416.13,416.46,409.6,410.12,1471785.0,419.01,EVALUATION,-0.0061933092753341246
SPY,2022-02-18T00:00:00Z,410.49,411.68,405.33,407.58,1718599.0,421.17,EVALUATION,-0.010795426664703789
SPY,2022-02-22T00:00:00Z,405.5,408.74,399.73,403.18,2494412.0,419.75,EVALUATION,-0.017535592043256054
SPY,2022-02-23T00:00:00Z,406.0,406.6,395.47,396.11,2181670.0,423.09,EVALUATION,0.014844361414758422
SPY,2022-02-24T00:00:00Z,385.79,402.36,385.41,401.99,2457055.0,429.3,EVALUATION,0.021791586855394396
SPY,2022-02-25T00:00:00Z,403.18,410.91,401.64,410.75,1794538.0,421.76,EVALUATION,-0.002653682288496606
SPY,2022-02-28T00:00:00Z,405.44,411.24,404.23,409.66,2056557.0,413.35,EVALUATION,-0.015012449348240087
SPY,2022-03-01T00:00:00Z,408.35,410.28,401.01,403.51,2051122.0,411.92,EVALUATION,0.018264727020395943
SPY,2022-03-02T00:00:00Z,405.82,412.6,405.15,410.88,1551924.0,418.58,EVALUATION,-0.004648559190031043
SPY,2022-03-03T00:00:00Z,413.33,413.98,407.2,408.97,1501648.0,419.23,EVALUATION,-0.008264664889845341
SPY,2022-03-04T00:00:00Z,405.22,406.73,401.65,405.59,1529061.0,410.12,EVALUATION,-0.02933997386523335
SPY,2022-03-07T00:00:00Z,404.99,405.27,393.62,393.69,2501177.0,407.58,EVALUATION,-0.007544006705783701
SPY,2022-03-08T00:00:00Z,393.87,400.95,389.65,390.72,3256913.0,403.18,EVALUATION,0.026771089271089288
SPY,2022-03-09T00:00:00Z,399.02,403.1,396.87,401.18,2191544.0,396.11,EVALUATION,-0.004611396380677091
SPY,2022-03-10T00:00:00Z,396.58,400.21,394.6,399.33,2202301.0,401.99,EVALUATION,-0.012721308191220304
SPY,2022-03-11T00:00:00Z,401.84,402.36,393.77,394.25,2088256.0,410.75,EVALUATION,-0.007431832593532084
SPY,2022-03-14T00:00:00Z,395.08,398.42,390.24,391.32,2561937.0,409.66,EVALUATION,0.02213022590207503
SPY,2022-03-15T00:00:00Z,393.94,400.6,392.72,399.98,2612143.0,403.51,EVALUATION,0.022301115055752607
SPY,2022-03-16T00:00:00Z,403.47,408.9,398.74,408.9,2848672.0,410.88,EVALUATION,0.012325752017608327
SPY,2022-03-17T00:00:00Z,407.06,413.94,406.59,413.94,2107649.0,408.97,EVALUATION,0.010629559839590241
SPY,2022-03-18T00:00:00Z,412.4,418.8,411.63,418.34,1853532.0,405.59,EVALUATION,7.171200458966354e-05
SPY,2022-03-21T00:00:00Z,418.64,420.32,414.89,418.37,1923850.0,393.69,EVALUATION,0.01175992542486326
SPY,2022-03-22T00:00:00Z,419.89,424.2,419.83,423.29,1367707.0,390.72,EVALUATION,-0.012922582626568091
SPY,2022-03-23T00:00:00Z,420.72,422.21,417.81,417.82,1533798.0,401.18,EVALUATION,0.014910727107366961
SPY,2022-03-24T00:00:00Z,419.8,424.07,418.75,424.05,1175556.0,399.33,EVALUATION,0.004952246197382326
SPY,2022-03-25T00:00:00Z,424.72,426.44,422.2,426.15,1147220.0,394.25,EVALUATION,0.007063240642966262
SPY,2022-03-28T00:00:00Z,425.62,429.18,423.76,429.16,972411.0,391.32,EVALUATION,0.012606021064404782
SPY,2022-03-29T00:00:00Z,433.11,435.01,430.43,434.57,1995564.0,399.98,EVALUATION,-0.0064201394481901986
SPY,2022-03-30T00:00:00Z,433.42,434.19,429.75,431.78,1142267.0,408.9,EVALUATION,-0.014891843068229105
SPY,2022-03-31T00:00:00Z,431.19,431.88,425.15,425.35,1732118.0,413.94,EVALUATION,0.002492065357940554
SPY,2022-04-01T00:00:00Z,426.74,426.89,422.89,426.41,1247893.0,418.34,EVALUATION,0.008348772308341745
SPY,2022-04-04T00:00:00Z,426.55,430.09,425.81,429.97,1164303.0,418.37,EVALUATION,-0.012000837267716391
SPY,2022-04-05T00:00:00Z,428.58,431.01,423.56,424.81,1793188.0,423.29,EVALUATION,-0.010169252136249085
SPY,2022-04-06T00:00:00Z,420.7,422.65,417.51,420.49,2303884.0,417.82,EVALUATION,0.004637446788270827
SPY,2022-04-07T00:00:00Z,419.62,424.28,417.6,422.44,1971889.0,424.05,EVALUATION,-0.0023908720765078995
SPY,2022-04-08T00:00:00Z,421.87,424.19,419.87,421.43,1579934.0,426.15,EVALUATION,-0.017037230382269897
SPY,2022-04-11T00:00:00Z,418.16,418.95,413.69,414.25,1942981.0,429.16,EVALUATION,-0.003934821967411017
SPY,2022-04-12T00:00:00Z,417.21,419.58,411.09,412.62,2364634.0,434.57,EVALUATION,0.011536038001066284
SPY,2022-04-13T00:00:00Z,412.35,418.06,412.27,417.38,1137623.0,431.78,EVALUATION,-0.012147203986774602
SPY,2022-04-14T00:00:00Z,417.61,418.66,412.06,412.31,1480474.0,425.35,EVALUATION,0.00014552157357328177
SPY,2022-04-18T00:00:00Z,411.31,413.98,410.12,412.37,1239780.0,426.41,EVALUATION,0.015738293280306515
SPY,2022-04-19T00:00:00Z,412.33,419.69,412.1,418.86,1593310.0,429.97,EVALUATION,-0.00042973785990552127
SPY,2022-04-20T00:00:00Z,420.78,421.36,417.54,418.68,1267461.0,424.81,EVALUATION,-0.015286137384159848
SPY,2022-04-21T00:00:00Z,422.39,423.65,411.54,412.28,1677539.0,420.49,EVALUATION,-0.027093237605510745
SPY,2022-04-22T00:00:00Z,411.28,411.58,400.55,401.11,2520022.0,422.44,EVALUATION,0.005883672807957874
SPY,2022-04-25T00:00:00Z,398.86,403.58,394.32,403.47,2446712.0,421.43,EVALUATION,-0.029097578506456556
SPY,2022-04-26T00:00:00Z,400.84,401.05,391.71,391.73,3107121.0,414.25,EVALUATION,0.0026548898475990956
SPY,2022-04-27T00:00:00Z,392.8,398.16,390.72,392.77,1884990.0,412.62,EVALUATION,0.025307431830333238
SPY,2022-04-28T00:00:00Z,397.52,404.45,393.15,402.71,2901392.0,417.38,EVALUATION,-0.03702416130714403
SPY,2022-04-29T00:00:00Z,398.81,400.91,387.15,387.8,3563548.0,412.31,EVALUATION,0.006523981433728565
SPY,2022-05-02T00:00:00Z,387.91,391.52,381.36,390.33,3327180.0,412.37,EVALUATION,0.00417595368021928
SPY,2022-05-03T00:00:00Z,390.7,394.4,389.19,391.96,1816807.0,418.86,EVALUATION,0.03061536891519534
SPY,2022-05-04T00:00:00Z,392.65,404.47,389.5,403.96,2997683.0,418.68,EVALUATION,-0.03468165164867809
SPY,2022-05-05T00:00:00Z,399.69,399.75,385.52,389.95,4327815.0,412.28,EVALUATION,-0.006385434030003911
SPY,2022-05-06T00:00:00Z,387.05,390.47,381.98,387.46,2839887.0,401.11,EVALUATION,-0.032287203840396406
SPY,2022-05-09T00:00:00Z,381.38,382.56,373.31,374.95,3073074.0,403.47,EVALUATION,0.002053607147619818
SPY,2022-05-10T00:00:00Z,381.01,382.3,371.71,375.72,3043393.0,391.73,EVALUATION,-0.01594272330458857
SPY,2022-05-11T00:00:00Z,374.75,380.32,369.04,369.73,2891288.0,392.77,EVALUATION,-0.0008384496794958674
SPY,2022-05-12T00:00:00Z,366.72,372.56,362.61,369.42,3669221.0,402.71,EVALUATION,0.02349629148394783
SPY,2022-05-13T00:00:00Z,373.57,379.57,372.46,378.1,2496868.0,387.8,EVALUATION,-0.003358899761967793
SPY,2022-05-16T00:00:00Z,376.6,380.29,374.34,376.83,2126515.0,390.33,EVALUATION,0.020141708462702024
SPY,2022-05-17T00:00:00Z,382.7,384.54,379.05,384.42,2344311.0,391.96,EVALUATION,-0.04011237708756055
SPY,2022-05-18T00:00:00Z,379.91,380.14,367.69,369.0,2791976.0,403.96,EVALUATION,-0.006476964769647653
SPY,2022-05-19T00:00:00Z,365.86,371.03,364.54,366.61,2361296.0,389.95,EVALUATION,0.0004637080276042038
SPY,2022-05-20T00:00:00Z,370.26,370.71,358.28,366.78,3193677.0,387.46,EVALUATION,0.0189214242870388
SPY,2022-05-23T00:00:00Z,369.94,374.42,367.55,373.72,1917353.0,374.95,EVALUATION,-0.007358450176602749
SPY,2022-05-24T00:00:00Z,369.58,372.02,364.4,370.97,2426004.0,375.72,EVALUATION,0.008545165377254138
SPY,2022-05-25T00:00:00Z,369.34,376.05,369.02,374.14,1743436.0,369.73,EVALUATION,0.019885604319238803
SPY,2022-05-26T00:00:00Z,375.2,383.2,375.2,381.58,2200921.0,369.42,EVALUATION,0.024765448922899447
SPY,2022-05-27T00:00:00Z,384.07,391.03,383.9,391.03,2162002.0,378.1,EVALUATION,-0.005754034217323456
SPY,2022-05-31T00:00:00Z,389.38,392.07,386.03,388.78,2083148.0,376.83,EVALUATION,-0.00810226863521779
SPY,2022-06-01T00:00:00Z,390.84,391.87,383.15,385.63,1869336.0,384.42,EVALUATION,0.01895599408759696
SPY,2022-06-02T00:00:00Z,385.41,392.99,383.24,392.94,2054041.0,369.0,EVALUATION,-0.01644016898254186
SPY,2022-06-03T00:00:00Z,388.3,389.78,385.56,386.48,1882423.0,366.61,EVALUATION,0.002872076174704974
SPY,2022-06-06T00:00:00Z,390.52,392.19,386.53,387.59,1558059.0,366.78,EVALUATION,0.009855775432802805
SPY,2022-06-07T00:00:00Z,384.17,391.85,383.78,391.41,1484530.0,373.72,EVALUATION,-0.010704887458164114
SPY,2022-06-08T00:00:00Z,389.64,391.46,386.37,387.22,1624210.0,370.97,EVALUATION,-0.023939879138474396
SPY,2022-06-09T00:00:00Z,385.36,387.61,377.95,377.95,1956316.0,374.14,EVALUATION,-0.029130837412356114
SPY,2022-06-10T00:00:00Z,371.76,372.58,366.94,366.94,2613512.0,381.58,EVALUATION,-0.03766283316073471
SPY,2022-06-13T00:00:00Z,357.65,359.42,351.47,353.12,3778833.0,391.03,EVALUATION,-0.003313321250566381
SPY,2022-06-14T00:00:00Z,354.83,355.79,348.9,351.95,1984160.0,388.78,EVALUATION,0.014348629066628815
SPY,2022-06-15T00:00:00Z,355.25,361.37,350.35,357.0,3169544.0,385.63,EVALUATION,-0.03196078431372551
SPY,2022-06-16T00:00:00Z,348.82,349.21,342.8,345.59,3220976.0,392.94,EVALUATION,0.0008391446511764045
SPY,2022-06-17T00:00:00Z,345.56,349.26,342.45,345.88,2502209.0,386.48,EVALUATION,0.025471261709263393
SPY,2022-06-21T00:00:00Z,351.61,356.0,351.57,354.69,1585797.0,387.59,EVALUATION,-0.0021145225408102375
SPY,2022-06-22T00:00:00Z,350.38,358.08,350.01,353.94,1541028.0,391.41,EVALUATION,0.010425495846753785
SPY,2022-06-23T00:00:00Z,356.15,358.18,352.59,357.63,1358761.0,387.22,EVALUATION,0.03128932136565732
SPY,2022-06-24T00:00:00Z,360.66,368.82,360.59,368.82,2042323.0,377.95,EVALUATION,-0.0035789816170489486
SPY,2022-06-27T00:00:00Z,369.76,369.98,366.34,367.5,1379071.0,366.94,EVALUATION,-0.020190476190476203
SPY,2022-06-28T00:00:00Z,368.91,371.59,359.81,360.08,1434998.0,353.12,EVALUATION,-0.001027549433459285
SPY,2022-06-29T00:00:00Z,360.46,361.43,357.83,359.71,1347481.0,351.95,EVALUATION,-0.008284451363598344
SPY,2022-06-30T00:00:00Z,355.79,359.88,352.3,356.73,2090833.0,357.0,EVALUATION,0.010147730776777886
SPY,2022-07-01T00:00:00Z,356.08,360.88,353.5,360.35,1365163.0,345.59,EVALUATION,0.002275565422505954
SPY,2022-07-05T00:00:00Z,355.82,361.17,352.6,361.17,1250596.0,345.88,EVALUATION,0.0034886618489906596
SPY,2022-07-06T00:00:00Z,361.29,364.82,358.93,362.43,1333191.0,354.69,EVALUATION,0.014430372761636834
SPY,2022-07-07T00:00:00Z,364.18,368.58,364.17,367.66,1200997.0,353.94,EVALUATION,-0.0007615731926237101
SPY,2022-07-08T00:00:00Z,366.17,369.36,364.71,367.38,1023870.0,357.63,EVALUATION,-0.011214546246393398
SPY,2022-07-11T00:00:00Z,364.83,365.75,362.62,363.26,1055393.0,368.82,EVALUATION,-0.00856136100864402
SPY,2022-07-12T00:00:00Z,362.73,365.08,358.35,360.15,1145027.0,367.5,EVALUATION,-0.005358878245175447
SPY,2022-07-13T00:00:00Z,354.74,361.1,354.25,358.22,1560393.0,360.08,EVALUATION,-0.002372843503992028
SPY,2022-07-14T00:00:00Z,353.26,357.92,350.86,357.37,1449695.0,359.71,EVALUATION,0.018412289783697577
SPY,2022-07-15T00:00:00Z,361.75,364.26,359.86,363.95,1426821.0,356.73,EVALUATION,-0.007528506663003198
SPY,2022-07-18T00:00:00Z,367.23,367.88,359.94,361.21,1375367.0,360.35,EVALUATION,0.02657733728302092
SPY,2022-07-19T00:00:00Z,365.14,371.44,364.44,370.81,1603480.0,361.17,EVALUATION,0.006849869205253434
SPY,2022-07-20T00:00:00Z,371.04,374.66,369.75,373.35,1373750.0,362.43,EVALUATION,0.010070978974152878
SPY,2022-07-21T00:00:00Z,372.67,377.11,370.33,377.11,1140760.0,367.66,EVALUATION,-0.009281111611996518
SPY,2022-07-22T00:00:00Z,377.07,378.37,371.36,373.61,1518449.0,367.38,EVALUATION,0.0009100398811594523
SPY,2022-07-25T00:00:00Z,374.28,374.84,371.81,373.95,792134.0,363.26,EVALUATION,-0.011899986629228532
SPY,2022-07-26T00:00:00Z,372.27,372.57,368.72,369.5,918302.0,360.15,EVALUATION,0.02617050067658999
SPY,2022-07-27T00:00:00Z,372.98,380.9,372.62,379.17,2266143.0,358.22,EVALUATION,0.012237255057098384
SPY,2022-07-28T00:00:00Z,379.99,384.63,376.5,383.81,1633561.0,357.37,EVALUATION,0.015294025689794433
SPY,2022-07-29T00:00:00Z,385.41,390.5,384.64,389.68,1387388.0,363.95,EVALUATION,-0.0033104085403408146
SPY,2022-08-01T00:00:00Z,386.89,390.87,386.15,388.39,1194335.0,361.21,EVALUATION,-0.006411081644738581
SPY,2022-08-02T00:00:00Z,386.84,390.46,384.73,385.9,1041460.0,370.81,EVALUATION,0.015340761855402896
SPY,2022-08-03T00:00:00Z,387.95,393.01,387.69,391.82,945100.0,373.35,EVALUATION,-0.0005359603899749432
SPY,2022-08-04T00:00:00Z,391.82,392.43,390.03,391.61,754368.0,377.11,EVALUATION,-0.0017874926585123019
SPY,2022-08-05T00:00:00Z,387.38,391.57,387.29,390.91,1001026.0,373.61,EVALUATION,-0.001227904121153256
SPY,2022-08-08T00:00:00Z,392.61,394.87,389.45,390.43,997879.0,373.95,EVALUATION,-0.0037394667417974814
SPY,2022-08-09T00:00:00Z,389.77,390.19,387.88,388.97,904719.0,369.5,EVALUATION,0.020515721006761245
SPY,2022-08-10T00:00:00Z,395.97,397.25,394.03,396.95,1238604.0,379.17,EVALUATION,0.0004786497039930282
SPY,2022-08-11T00:00:00Z,399.97,401.79,396.4,397.14,1196335.0,383.81,EVALUATION,0.016694364707659837
SPY,2022-08-12T00:00:00Z,399.05,403.93,398.14,403.77,956808.0,389.68,EVALUATION,0.004383683780370129
SPY,2022-08-15T00:00:00Z,401.68,405.95,401.63,405.54,1071259.0,388.39,EVALUATION,0.001898702963949228
SPY,2022-08-16T00:00:00Z,404.43,408.19,403.64,406.31,889212.0,385.9,EVALUATION,-0.00708818389899335
SPY,2022-08-17T00:00:00Z,402.76,406.08,401.44,403.43,955055.0,391.82,EVALUATION,0.0026770443447436953
SPY,2022-08-18T00:00:00Z,403.61,405.25,402.34,404.51,843759.0,391.61,EVALUATION,-0.013151714419915472
SPY,2022-08-19T00:00:00Z,401.71,402.08,398.3,399.19,1311955.0,390.91,EVALUATION,-0.020792104010621593
SPY,2022-08-22T00:00:00Z,394.32,394.5,389.94,390.89,1506564.0,390.43,EVALUATION,-0.0026861776970503737
SPY,2022-08-23T00:00:00Z,390.35,392.78,389.35,389.84,1094373.0,388.97,EVALUATION,0.003309049866611957
SPY,2022-08-24T00:00:00Z,389.58,392.49,389.06,391.13,820436.0,396.95,EVALUATION,0.01416408866617247
SPY,2022-08-25T00:00:00Z,392.6,396.7,391.59,396.67,953924.0,397.14,EVALUATION,-0.03378122872917044
SPY,2022-08-26T00:00:00Z,396.61,397.02,383.21,383.27,1616118.0,403.77,EVALUATION,-0.006705455683982509
SPY,2022-08-29T00:00:00Z,380.31,383.71,379.34,380.7,1459284.0,405.54,EVALUATION,-0.011084843708957126
SPY,2022-08-30T00:00:00Z,381.96,382.02,374.44,376.48,1586931.0,406.31,EVALUATION,-0.0076763705907353375
SPY,2022-08-31T00:00:00Z,378.13,379.35,373.53,373.59,1484931.0,403.43,EVALUATION,0.0030782408522713745
SPY,2022-09-01T00:00:00Z,371.44,375.17,368.81,374.74,1672423.0,404.51,EVALUATION,-0.0104339008379144
SPY,2022-09-02T00:00:00Z,378.47,379.68,369.07,370.83,2121598.0,399.19,EVALUATION,-0.003478682954453416
SPY,2022-09-06T00:00:00Z,371.73,372.65,367.31,369.54,1205303.0,390.89,EVALUATION,0.017887102884667216
SPY,2022-09-07T00:00:00Z,369.14,376.84,369.04,376.15,1216815.0,389.84,EVALUATION,0.006407018476671578
SPY,2022-09-08T00:00:00Z,373.8,379.01,372.7,378.56,1898322.0,391.13,EVALUATION,0.015347633136094663
SPY,2022-09-09T00:00:00Z,380.8,385.31,380.57,384.37,1405507.0,396.67,EVALUATION,0.011083070999297506
SPY,2022-09-12T00:00:00Z,386.5,389.28,386.25,388.63,1053304.0,383.27,EVALUATION,-0.04376913774026703
SPY,2022-09-13T00:00:00Z,379.91,381.14,370.58,371.62,2951925.0,380.7,EVALUATION,0.0038211075830150154
SPY,2022-09-14T00:00:00Z,372.95,374.5,369.84,373.04,1111740.0,376.48,EVALUATION,-0.011017585245550077
SPY,2022-09-15T00:00:00Z,371.56,374.35,367.63,368.93,1620604.0,373.59,EVALUATION,-0.007752148103976397
SPY,2022-09-16T00:00:00Z,364.71,366.71,362.78,366.07,1669994.0,374.74,EVALUATION,0.007621493157046633
SPY,2022-09-19T00:00:00Z,362.93,368.86,362.85,368.86,897971.0,370.83,EVALUATION,-0.011061107195141862
SPY,2022-09-20T00:00:00Z,365.58,366.48,361.92,364.78,1647627.0,369.54,EVALUATION,-0.01776413180547165
SPY,2022-09-21T00:00:00Z,366.59,369.6,358.3,358.3,2085917.0,376.15,EVALUATION,-0.00823332403014232
SPY,2022-09-22T00:00:00Z,357.53,358.55,354.6,355.35,1288498.0,378.56,EVALUATION,-0.016293794850147814
SPY,2022-09-23T00:00:00Z,351.8,351.82,344.92,349.56,2136439.0,384.37,EVALUATION,-0.010470305526948276
SPY,2022-09-26T00:00:00Z,347.88,351.46,344.68,345.9,1847635.0,388.63,EVALUATION,-0.002572997976293734
SPY,2022-09-27T00:00:00Z,349.39,351.64,342.67,345.01,1506076.0,371.62,EVALUATION,0.019622619634213523
SPY,2022-09-28T00:00:00Z,345.93,353.47,344.28,351.78,2006135.0,373.04,EVALUATION,-0.020950594121325716
SPY,2022-09-29T00:00:00Z,348.25,348.47,341.52,344.41,2229924.0,368.93,EVALUATION,-0.015301530153015386
SPY,2022-09-30T00:00:00Z,343.6,347.31,339.04,339.14,2816620.0,366.07,EVALUATION,0.026449253995400213
SPY,2022-10-03T00:00:00Z,342.78,349.9,341.16,348.11,1618750.0,368.86,EVALUATION,0.030909769900318906
SPY,2022-10-04T00:00:00Z,353.58,358.87,353.51,358.87,1487082.0,364.78,EVALUATION,-0.0021177585197982296
SPY,2022-10-05T00:00:00Z,354.5,360.24,352.2,358.11,1490642.0,358.3,EVALUATION,-0.010611264695205458
SPY,2022-10-06T00:00:00Z,356.61,359.52,353.83,354.31,1464188.0,355.35,EVALUATION,-0.027969856904970336
SPY,2022-10-07T00:00:00Z,350.33,350.54,342.68,344.4,1786980.0,349.56,EVALUATION,-0.007375145180023135
SPY,2022-10-10T00:00:00Z,345.56,345.75,339.64,341.86,1239893.0,345.9,EVALUATION,-0.006142865500497363
SPY,2022-10-11T00:00:00Z,340.12,344.62,337.75,339.76,1607080.0,345.01,EVALUATION,-0.0037673651989639234
SPY,2022-10-12T00:00:00Z,340.19,341.6,338.3,338.48,1308393.0,351.78,EVALUATION,0.02682580950129987
SPY,2022-10-13T00:00:00Z,331.54,348.9,330.51,347.56,2869450.0,344.41,EVALUATION,-0.022931292438715722
SPY,2022-10-14T00:00:00Z,349.91,351.5,338.9,339.59,1802519.0,339.14,EVALUATION,0.025648576224270636
SPY,2022-10-17T00:00:00Z,345.59,349.35,345.56,348.3,1484072.0,348.11,EVALUATION,0.011800172265288511
SPY,2022-10-18T00:00:00Z,356.15,356.42,348.97,352.41,1258448.0,358.87,EVALUATION,-0.007150761896654534
SPY,2022-10-19T00:00:00Z,349.7,352.99,347.19,349.89,949998.0,358.11,EVALUATION,-0.008516962473920309
SPY,2022-10-20T00:00:00Z,349.4,353.81,346.17,346.91,1564765.0,354.31,EVALUATION,0.024357902626041206
SPY,2022-10-21T00:00:00Z,346.65,355.82,345.31,355.36,1582516.0,344.4,EVALUATION,0.011959702836560115
SPY,2022-10-24T00:00:00Z,356.89,360.81,354.27,359.61,1388193.0,341.86,EVALUATION,0.015989544228469654
SPY,2022-10-25T00:00:00Z,359.7,365.75,359.62,365.36,1211118.0,339.76,EVALUATION,-0.007006787825706184
SPY,2022-10-26T00:00:00Z,362.31,367.94,362.07,362.8,1585903.0,338.48,EVALUATION,-0.005402425578831416
SPY,2022-10-27T00:00:00Z,363.89,365.46,360.14,360.84,1493070.0,347.56,EVALUATION,0.023473007427114556
SPY,2022-10-28T00:00:00Z,360.65,369.81,360.49,369.31,1568316.0,339.59,EVALUATION,-0.007121388535376805
SPY,2022-10-31T00:00:00Z,366.85,368.73,365.85,366.68,1745821.0,348.3,EVALUATION,-0.004418021162866825
SPY,2022-11-01T00:00:00Z,370.41,370.62,363.99,365.06,1294546.0,352.41,EVALUATION,-0.024680874376814765
SPY,2022-11-02T00:00:00Z,364.55,368.95,355.99,356.05,2467552.0,349.89,EVALUATION,-0.010644572391518059
SPY,2022-11-03T00:00:00Z,352.62,355.27,350.16,352.26,1643995.0,346.91,EVALUATION,0.013768239368648238
SPY,2022-11-04T00:00:00Z,357.93,359.59,351.34,357.11,1658118.0,355.36,EVALUATION,0.010304948055221086
SPY,2022-11-07T00:00:00Z,358.72,361.31,356.53,360.79,1250909.0,359.61,EVALUATION,0.005044485711909852
SPY,2022-11-08T00:00:00Z,361.83,365.64,358.62,362.61,1721182.0,365.36,EVALUATION,-0.020324866936929475
SPY,2022-11-09T00:00:00Z,360.65,361.85,354.73,355.24,1329373.0,362.8,EVALUATION,0.054301317419209516
SPY,2022-11-10T00:00:00Z,368.38,375.05,366.16,374.53,2435337.0,360.84,EVALUATION,0.010172749846474316
SPY,2022-11-11T00:00:00Z,375.63,379.15,373.74,378.34,1448532.0,369.31,EVALUATION,-0.008986625786329694
SPY,2022-11-14T00:00:00Z,376.6,379.93,374.88,374.94,1002684.0,366.68,EVALUATION,0.009148130367525598
SPY,2022-11-15T00:00:00Z,380.86,381.94,374.61,378.37,1826755.0,365.06,EVALUATION,-0.007585167957290473
SPY,2022-11-16T00:00:00Z,376.68,377.56,374.9,375.5,1240798.0,356.05,EVALUATION,-0.003009320905459356
SPY,2022-11-17T00:00:00Z,370.73,374.94,370.42,374.37,1403944.0,352.26,EVALUATION,0.004834789112375448
SPY,2022-11-18T00:00:00Z,377.58,377.58,373.18,376.18,1175909.0,357.11,EVALUATION,-0.004200116965282552
SPY,2022-11-21T00:00:00Z,374.7,375.69,372.93,374.6,897412.0,360.79,EVALUATION,0.01345435130806183
SPY,2022-11-22T00:00:00Z,376.58,379.82,375.23,379.64,990774.0,362.61,EVALUATION,0.005926667369086536
SPY,2022-11-23T00:00:00Z,379.35,382.55,379.13,381.89,1040098.0,355.24,EVALUATION,5.2371101626258465e-05
SPY,2022-11-25T00:00:00Z,381.52,382.51,381.26,381.91,354072.0,374.53,EVALUATION,-0.01581524442931581
SPY,2022-11-28T00:00:00Z,378.9,380.5,375.14,375.87,987539.0,378.34,EVALUATION,-0.0014366669327161574
SPY,2022-11-29T00:00:00Z,376.01,377.16,373.45,375.33,905449.0,374.94,EVALUATION,0.030666346948019063
SPY,2022-11-30T00:00:00Z,375.49,386.91,373.66,386.84,2347320.0,378.37,EVALUATION,-0.00010340192327562558
SPY,2022-12-01T00:00:00Z,388.11,389.22,384.29,386.8,1340246.0,375.5,EVALUATION,-0.0013702171664944363
SPY,2022-12-02T00:00:00Z,381.94,387.2,381.94,386.27,1198086.0,374.37,EVALUATION,-0.017811375462759238
SPY,2022-12-05T00:00:00Z,383.4,384.43,378.04,379.39,1595237.0,376.18,EVALUATION,-0.014207016526529448
SPY,2022-12-06T00:00:00Z,379.2,379.75,371.85,374.0,1213050.0,374.6,EVALUATION,-0.0020855614973260828
SPY,2022-12-07T00:00:00Z,372.96,375.61,372.21,373.22,905487.0,379.64,EVALUATION,0.007689834414018382
SPY,2022-12-08T00:00:00Z,375.06,377.24,373.68,376.09,1050916.0,381.89,EVALUATION,-0.0071525432742163275
SPY,2022-12-09T00:00:00Z,374.96,377.49,373.27,373.4,1051349.0,381.91,EVALUATION,0.014247455811462473
SPY,2022-12-12T00:00:00Z,374.17,378.73,373.52,378.72,986494.0,375.87,EVALUATION,0.007842205323193907
SPY,2022-12-13T00:00:00Z,389.54,389.55,378.92,381.69,1730605.0,375.33,EVALUATION,-0.006576017186722183
SPY,2022-12-14T00:00:00Z,381.31,384.85,376.28,379.18,1636933.0,386.84,EVALUATION,-0.023972783374650697
SPY,2022-12-15T00:00:00Z,374.38,375.21,368.29,370.09,2089252.0,386.8,EVALUATION,-0.012051122699883732
SPY,2022-12-16T00:00:00Z,367.35,368.62,363.46,365.63,1699530.0,386.27,EVALUATION,-0.008752017066433249
SPY,2022-12-19T00:00:00Z,365.8,366.04,360.82,362.43,979700.0,379.39,EVALUATION,0.0012968021411030595
SPY,2022-12-20T00:00:00Z,361.65,364.53,360.4,362.9,612906.0,374.0,EVALUATION,0.01482502066685032
SPY,2022-12-21T00:00:00Z,365.55,369.46,365.04,368.28,705913.0,373.22,EVALUATION,-0.013983925274247744
SPY,2022-12-22T00:00:00Z,365.3,365.64,357.44,363.13,1432802.0,376.09,EVALUATION,0.005314900999642047
SPY,2022-12-23T00:00:00Z,362.11,365.33,360.58,365.06,666399.0,373.4,EVALUATION,-0.0036980222429190412
SPY,2022-12-27T00:00:00Z,365.18,365.37,362.12,363.71,609727.0,378.72,EVALUATION,-0.012180033543207514
SPY,2022-12-28T00:00:00Z,363.7,365.61,359.1,359.28,918689.0,381.69,EVALUATION,0.0177299042529504
SPY,2022-12-29T00:00:00Z,362.14,366.57,361.59,365.65,1118483.0,379.18,EVALUATION,-0.0023519759332694123
SPY,2022-12-30T00:00:00Z,363.06,364.88,360.95,364.79,933670.0,370.09,EVALUATION,-0.004057128759012096
SPY,2023-01-03T00:00:00Z,366.56,368.56,360.42,363.31,1210981.0,365.63,SUPPORT_FORWARD_RETURN,
