instrument,timestamp,open,high,low,close,volume,funding_rate,perp_close,funding_rate_lag_1,row_role,forward_carry_return_1d
BTC-USD,2023-12-31T00:00:00Z,42139.32,42850.0,41964.68,42288.06,11397.57303743,3.703230416666667e-05,42315.0,,SUPPORT_CARRYFUNDING_WARMUP,
BTC-USD,2024-01-01T00:00:00Z,42288.58,44240.8,42175.65,44220.78,7977.72851143,7.431492083333334e-05,44241.0,3.703230416666667e-05,EVALUATION,0.0005938889314984623
BTC-USD,2024-01-02T00:00:00Z,44220.78,45925.82,44195.13,44972.8,29583.38407747,9.661364583333334e-05,44971.0,7.431492083333334e-05,EVALUATION,-0.0005299506992810516
BTC-USD,2024-01-03T00:00:00Z,44972.81,45519.32,40625.68,42862.44,32281.85234351,8.306933750000001e-05,42887.0,9.661364583333334e-05,EVALUATION,0.00031497016700101217
BTC-USD,2024-01-04T00:00:00Z,42860.58,44800.0,42650.0,44193.29,18193.81684353,7.483028333333333e-05,44208.0,8.306933750000001e-05,EVALUATION,0.0003933057988894214
BTC-USD,2024-01-05T00:00:00Z,44198.35,44443.37,42450.0,44186.59,18073.09561495,4.709737083333334e-05,44186.0,7.483028333333333e-05,EVALUATION,-0.00036454234760219636
BTC-USD,2024-01-06T00:00:00Z,44187.76,44260.95,43436.5,43992.44,5691.43460343,2.5238433333333332e-05,44009.0,4.709737083333334e-05,EVALUATION,-0.0001629656870675917
BTC-USD,2024-01-07T00:00:00Z,43992.79,44510.01,43629.7,43950.28,5931.34650683,4.58127375e-05,43976.0,2.5238433333333332e-05,EVALUATION,-0.0001767423223927532
BTC-USD,2024-01-08T00:00:00Z,43954.52,47330.0,43200.44,46995.1,26447.17326625,8.7075625e-05,47035.0,4.58127375e-05,EVALUATION,9.454749212965105e-05
BTC-USD,2024-01-09T00:00:00Z,46995.09,47901.0,44701.54,46124.08,26305.56366042,8.933367499999999e-05,46163.0,8.7075625e-05,EVALUATION,0.0006586769003272903
BTC-USD,2024-01-10T00:00:00Z,46120.79,47732.5,44320.01,46666.11,36534.39765866,9.10836125e-05,46679.0,8.933367499999999e-05,EVALUATION,-0.00026107199474482957
BTC-USD,2024-01-11T00:00:00Z,46678.54,49102.29,45555.55,46342.66,38150.89478822,5.2663612500000006e-05,46370.0,9.10836125e-05,EVALUATION,0.0003595190437235188
BTC-USD,2024-01-12T00:00:00Z,46344.96,46522.2,41444.97,42773.03,46862.43347199,2.6035879166666667e-05,42784.0,5.2663612500000006e-05,EVALUATION,-0.0010680766868405996
BTC-USD,2024-01-13T00:00:00Z,42775.1,43250.0,42427.0,42839.33,10998.76404264,2.164614583333333e-05,42897.0,2.6035879166666667e-05,EVALUATION,-0.0007519347699166621
BTC-USD,2024-01-14T00:00:00Z,42839.32,43064.13,41680.73,41697.33,7834.26155365,2.8387429166666666e-05,41786.0,2.164614583333333e-05,EVALUATION,0.001957245925714329
BTC-USD,2024-01-15T00:00:00Z,41698.13,43331.91,41680.0,42490.16,10869.45830576,1.5244179166666668e-05,42498.0,2.8387429166666666e-05,EVALUATION,-2.773675101905406e-05
BTC-USD,2024-01-16T00:00:00Z,42481.69,43569.23,42028.02,43130.45,18180.4405406,9.171233333333333e-06,43140.0,1.5244179166666668e-05,EVALUATION,-0.0015313884943677907
BTC-USD,2024-01-17T00:00:00Z,43130.35,43185.47,42160.0,42739.49,16381.8407159,1.3940354166666667e-05,42815.0,9.171233333333333e-06,EVALUATION,0.0005909090795184039
BTC-USD,2024-01-18T00:00:00Z,42737.68,42877.22,40600.05,41293.5,25097.42399202,2.2894816666666666e-05,41343.0,1.3940354166666667e-05,EVALUATION,3.600715662301584e-05
BTC-USD,2024-01-19T00:00:00Z,41290.57,42159.52,40236.49,41624.07,22745.55271173,1.2793037500000002e-05,41673.0,2.2894816666666666e-05,EVALUATION,0.0011555546494586397
BTC-USD,2024-01-20T00:00:00Z,41623.94,41846.15,41418.55,41666.67,4836.63124969,1.1952887500000001e-05,41668.0,1.2793037500000002e-05,EVALUATION,-0.0006529045723518287
BTC-USD,2024-01-21T00:00:00Z,41666.67,41858.59,41472.49,41554.05,3138.26294449,1.1858425000000002e-05,41583.0,1.1952887500000001e-05,EVALUATION,-0.0006313445295557104
BTC-USD,2024-01-22T00:00:00Z,41553.92,41658.0,39372.44,39524.27,26539.34338688,6.089462500000001e-06,39577.0,1.1858425000000002e-05,EVALUATION,0.00028900311047340584
BTC-USD,2024-01-23T00:00:00Z,39524.27,40144.49,38501.0,39878.3,21966.56334645,2.5643904166666666e-05,39921.0,6.089462500000001e-06,EVALUATION,4.872229211231221e-05
BTC-USD,2024-01-24T00:00:00Z,39878.28,40527.26,39382.15,40077.78,17438.97734668,3.1416075000000004e-05,40120.0,2.5643904166666666e-05,EVALUATION,-9.094358930151748e-05
BTC-USD,2024-01-25T00:00:00Z,40079.87,40282.87,39503.0,39941.66,12978.7331205,1.57969875e-05,39988.0,3.1416075000000004e-05,EVALUATION,0.0015925405267397407
BTC-USD,2024-01-26T00:00:00Z,39941.66,42243.14,39805.95,41814.8,19359.37921096,6.6617875e-06,41797.0,1.57969875e-05,EVALUATION,0.00033227505978524564
BTC-USD,2024-01-27T00:00:00Z,41814.96,42199.99,41383.94,42126.55,3774.45056434,9.027791666666667e-06,42095.0,6.6617875e-06,EVALUATION,-0.0002368018254635289
BTC-USD,2024-01-28T00:00:00Z,42126.55,42839.07,41617.53,42034.59,4298.44263812,-1.4925708333333332e-06,42013.0,9.027791666666667e-06,EVALUATION,0.00101642097640662
BTC-USD,2024-01-29T00:00:00Z,42034.57,43326.77,41787.35,43306.18,12529.09255982,1.8572333333333334e-06,43240.0,-1.4925708333333332e-06,EVALUATION,-0.0008270800425590436
BTC-USD,2024-01-30T00:00:00Z,43303.3,43872.99,42680.2,42942.78,16384.61219735,-1.5659441666666666e-05,42912.0,1.8572333333333334e-06,EVALUATION,-0.0010524622530474657
BTC-USD,2024-01-31T00:00:00Z,42937.72,43741.94,42265.77,42548.08,15320.62044085,-8.535200000000001e-06,42562.0,-1.5659441666666666e-05,EVALUATION,0.0002116013745013347
BTC-USD,2024-02-01T00:00:00Z,42545.47,43276.19,41846.04,43078.81,11526.63383073,4.918941666666667e-06,43084.0,-8.535200000000001e-06,EVALUATION,0.00014792381538862327
BTC-USD,2024-02-02T00:00:00Z,43080.38,43700.0,42527.58,43181.66,12202.24125895,1.2162683333333335e-05,43181.0,4.918941666666667e-06,EVALUATION,0.0007424391729420991
BTC-USD,2024-02-03T00:00:00Z,43183.62,43358.13,42863.58,43010.67,2254.45335539,-1.8555208333333334e-06,42978.0,1.2162683333333335e-05,EVALUATION,-0.0006203664961163092
BTC-USD,2024-02-04T00:00:00Z,43007.82,43100.0,42228.01,42568.55,2643.251649,8.834520833333334e-06,42563.0,-1.8555208333333334e-06,EVALUATION,-0.001979527592869468
BTC-USD,2024-02-05T00:00:00Z,42571.91,43520.0,42235.0,42657.67,8756.87806894,1.0539358333333333e-05,42737.0,8.834520833333334e-06,EVALUATION,0.0020258138594837264
BTC-USD,2024-02-06T00:00:00Z,42658.3,43372.79,42516.07,43095.79,7940.36830921,8.568858333333333e-06,43089.0,1.0539358333333333e-05,EVALUATION,-0.0008977125972545546
BTC-USD,2024-02-07T00:00:00Z,43097.16,44430.0,42760.44,44343.61,12440.36853251,1.2826745833333335e-05,44377.0,8.568858333333333e-06,EVALUATION,-0.00024154744697046977
BTC-USD,2024-02-08T00:00:00Z,44345.94,45637.38,44335.0,45305.2,19283.80580787,3.846320833333333e-05,45352.0,1.2826745833333335e-05,EVALUATION,0.000967333443302329
BTC-USD,2024-02-09T00:00:00Z,45304.83,48230.02,45252.93,47160.41,22108.85067543,5.2871062500000004e-05,47166.0,3.846320833333333e-05,EVALUATION,-5.3588338786723795e-05
BTC-USD,2024-02-10T00:00:00Z,47157.01,48179.43,46889.53,47767.06,5663.309891,3.5973229166666664e-05,47777.0,5.2871062500000004e-05,EVALUATION,0.00034058470562020105
BTC-USD,2024-02-11T00:00:00Z,47767.06,48614.0,47590.3,48316.3,5243.1260706,2.2797683333333334e-05,48311.0,3.5973229166666664e-05,EVALUATION,-0.00012752642843947263
BTC-USD,2024-02-12T00:00:00Z,48321.14,50363.42,47715.67,49941.81,18545.08725852,6.606504166666667e-05,49946.0,2.2797683333333334e-05,EVALUATION,-4.367310808462749e-05
BTC-USD,2024-02-13T00:00:00Z,49941.95,50423.42,48327.81,49725.36,20471.56790372,4.618365e-05,49734.0,6.606504166666667e-05,EVALUATION,0.0003288632541306892
BTC-USD,2024-02-14T00:00:00Z,49724.55,52111.0,49253.92,51858.59,20249.94369733,4.731572083333333e-05,51853.0,4.618365e-05,EVALUATION,0.00022415751351969395
BTC-USD,2024-02-15T00:00:00Z,51858.51,52890.0,51353.49,51934.29,18465.04404385,3.7540154166666666e-05,51919.0,4.731572083333333e-05,EVALUATION,-0.00032405479918659055
BTC-USD,2024-02-16T00:00:00Z,51935.23,52608.2,51597.87,52162.64,13816.27351282,1.5598804166666666e-05,52165.0,3.7540154166666666e-05,EVALUATION,-0.0002450321299368585
BTC-USD,2024-02-17T00:00:00Z,52162.65,52214.05,50642.36,51666.22,5387.3486576,3.4501762499999996e-05,51683.0,1.5598804166666666e-05,EVALUATION,-0.0004047348665888933
BTC-USD,2024-02-18T00:00:00Z,51666.23,52400.0,51174.38,52153.63,3997.17143898,2.5373266666666666e-05,52193.0,3.4501762499999996e-05,EVALUATION,0.00012284648265703578
BTC-USD,2024-02-19T00:00:00Z,52153.63,52501.01,51687.98,51787.05,6009.01451962,2.3530645833333332e-05,51821.0,2.5373266666666666e-05,EVALUATION,-2.238339933892402e-05
BTC-USD,2024-02-20T00:00:00Z,51787.05,53000.0,50764.01,52277.52,15888.87599974,1.9861583333333333e-05,52314.0,2.3530645833333332e-05,EVALUATION,-0.0003885265389507609
BTC-USD,2024-02-21T00:00:00Z,52277.53,52394.91,50628.6,51851.67,13735.03407249,1.9313058333333335e-05,51909.0,1.9861583333333333e-05,EVALUATION,0.0004706470406303262
BTC-USD,2024-02-22T00:00:00Z,51851.46,52076.0,50905.65,51258.7,13104.51408087,1.4638979166666666e-05,51292.0,1.9313058333333335e-05,EVALUATION,0.0001940365338235214
BTC-USD,2024-02-23T00:00:00Z,51260.29,51512.68,50513.01,50747.05,11679.16625824,1.6339333333333335e-05,50771.0,1.4638979166666666e-05,EVALUATION,-0.0006588187876691888
BTC-USD,2024-02-24T00:00:00Z,50746.98,51696.19,50576.55,51570.65,3448.96576791,2.0080995833333334e-05,51630.0,1.6339333333333335e-05,EVALUATION,0.0004944255959378648
BTC-USD,2024-02-25T00:00:00Z,51568.63,51967.82,51275.01,51731.0,3617.40106809,2.0154104166666667e-05,51766.0,2.0080995833333334e-05,EVALUATION,0.0009195011887248681
BTC-USD,2024-02-26T00:00:00Z,51730.96,54980.0,50901.23,54533.48,22422.38763854,3.24114e-05,54522.0,2.0154104166666667e-05,EVALUATION,-0.0010765263701434514
BTC-USD,2024-02-27T00:00:00Z,54530.32,57646.81,54490.8,57077.07,28791.48651731,6.13291375e-05,57130.0,3.24114e-05,EVALUATION,0.00021493642912800615
BTC-USD,2024-02-28T00:00:00Z,57077.08,64100.0,56723.48,62518.9,48265.6721171,0.0001689272875,62574.0,6.13291375e-05,EVALUATION,0.0006434414836724943
BTC-USD,2024-02-29T00:00:00Z,62520.06,63675.48,60355.61,61179.03,36825.89535085,0.00012121797500000001,61201.0,0.0001689272875,EVALUATION,0.0003054210109530019
BTC-USD,2024-03-01T00:00:00Z,61179.03,63267.18,60788.33,62436.72,24696.65692545,7.892530416666667e-05,62445.0,0.00012121797500000001,EVALUATION,-0.0003279336374950975
BTC-USD,2024-03-02T00:00:00Z,62439.74,62500.0,61623.39,62045.78,6882.38410251,7.486320416666666e-05,62079.0,7.892530416666667e-05,EVALUATION,0.00013863575642909977
BTC-USD,2024-03-03T00:00:00Z,62045.78,63260.0,61388.0,63154.49,7314.17629968,0.00011799406249999999,63187.0,7.486320416666666e-05,EVALUATION,0.0007384187404542966
BTC-USD,2024-03-04T00:00:00Z,63155.74,68602.98,62300.0,68360.14,40600.36656889,0.0001338309,68354.0,0.00011799406249999999,EVALUATION,-0.0018597748280815393
BTC-USD,2024-03-05T00:00:00Z,68356.7,69324.58,59224.68,63800.78,65575.09537327,0.0002554106833333333,63930.0,0.0001338309,EVALUATION,0.0013471188929576995
BTC-USD,2024-03-06T00:00:00Z,63802.15,67654.06,62832.39,66122.28,34655.98799427,0.00016443297083333335,66178.0,0.0002554106833333333,EVALUATION,0.0015969911555012337
BTC-USD,2024-03-07T00:00:00Z,66115.48,68098.09,65599.63,66938.21,22228.36739914,9.385014166666667e-05,66894.0,0.00016443297083333335,EVALUATION,0.0007566321047923258
BTC-USD,2024-03-08T00:00:00Z,66938.21,70199.0,66157.09,68289.16,33749.52797544,0.00011146745833333333,68200.0,9.385014166666667e-05,EVALUATION,-0.00015995650903213176
BTC-USD,2024-03-09T00:00:00Z,68289.16,68700.41,68047.62,68480.0,9005.50992187,7.96633125e-05,68407.0,0.00011146745833333333,EVALUATION,-0.0005613163618644236
BTC-USD,2024-03-10T00:00:00Z,68480.01,70000.0,68221.13,69032.12,12163.05713369,8.285569166666667e-05,69003.0,7.96633125e-05,EVALUATION,-0.0009439127307509855
BTC-USD,2024-03-11T00:00:00Z,69032.8,72943.98,67112.21,72110.98,32332.72583229,6.0632812500000004e-05,72153.0,8.285569166666667e-05,EVALUATION,-0.00048771589968434504
BTC-USD,2024-03-12T00:00:00Z,72110.98,73027.63,68603.0,71475.93,29420.19277654,9.178060833333332e-05,71559.0,6.0632812500000004e-05,EVALUATION,0.0012296103968470076
BTC-USD,2024-03-13T00:00:00Z,71473.43,73709.99,71337.3,73135.04,21455.92195688,9.420070416666667e-05,73137.0,9.178060833333332e-05,EVALUATION,-0.001679945735619628
BTC-USD,2024-03-14T00:00:00Z,73135.04,73835.57,68454.47,71364.58,34226.602618,9.274665416666667e-05,71493.0,9.420070416666667e-05,EVALUATION,0.0016510876313189113
BTC-USD,2024-03-15T00:00:00Z,71364.58,72414.96,65565.7,69506.88,40195.84231178,6.9127925e-05,69522.0,9.274665416666667e-05,EVALUATION,-0.0013511563080233161
BTC-USD,2024-03-16T00:00:00Z,69514.87,70050.0,64774.05,65254.22,16532.825303,2.1706495833333334e-05,65358.0,6.9127925e-05,EVALUATION,2.303488834732237e-05
BTC-USD,2024-03-17T00:00:00Z,65254.22,68877.82,64505.0,68343.64,12631.85084112,4.742049583333333e-05,68454.0,2.1706495833333334e-05,EVALUATION,0.0011271690612909909
BTC-USD,2024-03-18T00:00:00Z,68354.29,68933.71,66562.65,67613.04,20057.37580028,2.944825e-05,67648.0,4.742049583333333e-05,EVALUATION,-0.0013273589111957413
BTC-USD,2024-03-19T00:00:00Z,67609.39,68136.39,61506.0,61906.27,40111.97553957,4.117359166666667e-05,62023.0,2.944825e-05,EVALUATION,0.0012671732976566458
BTC-USD,2024-03-20T00:00:00Z,61902.57,68150.0,60771.14,67858.8,38590.78345488,1.8196804166666668e-05,67902.0,4.117359166666667e-05,EVALUATION,0.0004947151455093602
BTC-USD,2024-03-21T00:00:00Z,67855.88,68234.56,64525.0,65484.7,18523.96247162,1.53877625e-05,65495.0,1.8196804166666668e-05,EVALUATION,-0.00010059517240257615
BTC-USD,2024-03-22T00:00:00Z,65478.98,66651.1,62258.36,63814.56,17807.65930238,1.5408041666666667e-05,63832.0,1.53877625e-05,EVALUATION,0.00015876492677255848
BTC-USD,2024-03-23T00:00:00Z,63814.56,66029.09,63013.19,63998.86,7395.08270425,1.2662829166666666e-05,64007.0,1.5408041666666667e-05,EVALUATION,-0.0020179869606048936
BTC-USD,2024-03-24T00:00:00Z,63998.87,67637.6,63785.57,67204.93,6535.8276512,2.8324533333333333e-05,67351.0,1.2662829166666666e-05,EVALUATION,0.0013635503050034577
BTC-USD,2024-03-25T00:00:00Z,67212.69,71269.92,66381.84,69890.28,22228.13803338,7.3147525e-05,69952.0,2.8324533333333333e-05,EVALUATION,0.00017720825304171783
BTC-USD,2024-03-26T00:00:00Z,69895.6,71582.96,69269.69,69992.4,15697.73440865,4.56199375e-05,70045.0,7.3147525e-05,EVALUATION,-0.0007517768443523583
BTC-USD,2024-03-27T00:00:00Z,69994.9,71789.85,68369.62,69435.96,18703.73738295,8.14826125e-05,69546.0,4.56199375e-05,EVALUATION,-6.13698381826751e-05
BTC-USD,2024-03-28T00:00:00Z,69437.16,71635.99,68841.01,70801.18,15224.17928189,6.0329275000000004e-05,70922.0,8.14826125e-05,EVALUATION,0.0004903035342295787
BTC-USD,2024-03-29T00:00:00Z,70804.06,70941.7,69036.95,69903.75,7365.03204354,0.00010350649166666666,69996.0,6.0329275000000004e-05,EVALUATION,0.0007126508256561134
BTC-USD,2024-03-30T00:00:00Z,69903.74,70363.25,69569.03,69626.87,3262.62331859,8.423525416666666e-05,69675.0,0.00010350649166666666,EVALUATION,-0.000950399218900721
BTC-USD,2024-03-31T00:00:00Z,69623.86,71399.91,69587.86,71288.9,4424.66955382,8.512119999999999e-05,71412.0,8.423525416666666e-05,EVALUATION,0.00045399309322315617
BTC-USD,2024-04-01T00:00:00Z,71291.5,71313.8,68055.15,69681.82,13916.60016523,7.878859999999999e-05,69776.0,8.512119999999999e-05,EVALUATION,0.0009419373755165839
BTC-USD,2024-04-02T00:00:00Z,69681.85,69711.0,64521.61,65464.14,23496.58634089,3.1217375e-05,65493.0,7.878859999999999e-05,EVALUATION,0.0004257257146266057
BTC-USD,2024-04-03T00:00:00Z,65472.0,66944.06,64500.0,65987.92,14506.55934744,3.154887916666667e-05,65991.0,3.1217375e-05,EVALUATION,6.469360270450539e-06
BTC-USD,2024-04-04T00:00:00Z,65984.18,69367.19,65073.95,68525.23,18624.08140025,1.4810383333333333e-05,68529.0,3.154887916666667e-05,EVALUATION,-0.0006998359570474799
BTC-USD,2024-04-05T00:00:00Z,68528.69,68783.99,66000.0,67856.51,15515.82134206,1.8691866666666666e-05,67909.0,1.4810383333333333e-05,EVALUATION,0.0007821833973552473
BTC-USD,2024-04-06T00:00:00Z,67856.51,69685.0,67469.19,68919.89,3985.44167764,3.9254595833333336e-05,68922.0,1.8691866666666666e-05,EVALUATION,-0.0011676453119940384
BTC-USD,2024-04-07T00:00:00Z,68919.57,70312.0,68846.23,69350.34,5766.41938443,2.2497687500000002e-05,69435.0,3.9254595833333336e-05,EVALUATION,-7.842134396773376e-05
BTC-USD,2024-04-08T00:00:00Z,69350.36,72777.0,69037.33,71622.53,16648.69284289,3.378085416666667e-05,71718.0,2.2497687500000002e-05,EVALUATION,0.0004289871705020222
BTC-USD,2024-04-09T00:00:00Z,71616.31,71761.37,68200.0,69117.01,15143.52341376,5.0784454166666664e-05,69183.0,3.378085416666667e-05,EVALUATION,0.0011151190001227834
BTC-USD,2024-04-10T00:00:00Z,69115.79,71159.6,67463.07,70634.04,16655.987797,3.237764583333333e-05,70625.0,5.0784454166666664e-05,EVALUATION,-0.0008611082242696238
BTC-USD,2024-04-11T00:00:00Z,70638.4,71305.86,69530.0,70020.73,11001.16448135,2.7650095833333332e-05,70074.0,3.237764583333333e-05,EVALUATION,0.0004887399433469205
BTC-USD,2024-04-12T00:00:00Z,70020.71,71265.74,65110.31,67148.61,23509.75554216,3.1620075000000004e-05,67169.0,2.7650095833333332e-05,EVALUATION,0.0009056221206389146
BTC-USD,2024-04-13T00:00:00Z,67148.62,69100.0,60822.01,64024.77,27548.47240557,2.76583125e-05,63988.0,3.1620075000000004e-05,EVALUATION,0.0008443474718888636
BTC-USD,2024-04-14T00:00:00Z,64021.36,65890.91,62150.0,65777.05,21604.05147827,3.443505e-05,65686.0,2.76583125e-05,EVALUATION,-0.0011466951836234885
BTC-USD,2024-04-15T00:00:00Z,65764.56,66928.82,62315.08,63452.18,21672.73701332,1.4050833333333333e-05,63438.0,3.443505e-05,EVALUATION,-0.0009455166056709217
BTC-USD,2024-04-16T00:00:00Z,63452.18,64400.0,61645.09,63814.94,17710.28213211,1.5403641666666668e-05,63862.0,1.4050833333333333e-05,EVALUATION,0.0013721749304505156
BTC-USD,2024-04-17T00:00:00Z,63814.94,64524.14,59648.33,61279.36,21812.15297865,2.5063120833333333e-05,61242.0,1.5403641666666668e-05,EVALUATION,-0.00044602441365356355
BTC-USD,2024-04-18T00:00:00Z,61275.73,64210.0,60816.07,63513.85,15249.84211445,-7.186354166666666e-06,63503.0,2.5063120833333333e-05,EVALUATION,0.0008961898260202599
BTC-USD,2024-04-19T00:00:00Z,63514.84,65498.99,59573.32,63848.37,22838.07934159,1.18625625e-05,63781.0,-7.186354166666666e-06,EVALUATION,-0.0005846239659919299
BTC-USD,2024-04-20T00:00:00Z,63841.96,65463.08,63121.15,64968.87,5157.40726514,1.0773529166666667e-05,64939.0,1.18625625e-05,EVALUATION,0.00025685617931571307
BTC-USD,2024-04-21T00:00:00Z,64960.82,65725.81,64250.0,64952.92,4487.48723219,9.641225e-06,64907.0,1.0773529166666667e-05,EVALUATION,-0.0007866970365215315
BTC-USD,2024-04-22T00:00:00Z,64952.92,67272.73,64520.0,66859.17,10977.05178637,7.474779166666667e-06,66865.0,9.641225e-06,EVALUATION,0.0001911220656486851
BTC-USD,2024-04-23T00:00:00Z,66856.07,67225.66,65823.66,66414.16,8840.16749844,1.117255e-05,66408.0,7.474779166666667e-06,EVALUATION,8.567387465547681e-05
BTC-USD,2024-04-24T00:00:00Z,66418.0,67077.97,63542.56,64255.78,15083.5524347,1.0658170833333333e-05,64245.0,1.117255e-05,EVALUATION,-1.6176495555259238e-05
BTC-USD,2024-04-25T00:00:00Z,64255.77,65287.69,62747.18,64484.44,13256.29877715,5.198608333333334e-06,64475.0,1.0658170833333333e-05,EVALUATION,-0.0008822985117259986
BTC-USD,2024-04-26T00:00:00Z,64484.44,64810.0,63287.76,63742.39,10151.96247701,1.1006083333333333e-05,63790.0,5.198608333333334e-06,EVALUATION,-0.00043890965842829547
BTC-USD,2024-04-27T00:00:00Z,63742.39,63900.0,62389.0,63422.0,5312.16741262,1.25e-05,63498.0,1.1006083333333333e-05,EVALUATION,0.000939404006034667
BTC-USD,2024-04-28T00:00:00Z,63422.34,64333.33,62743.81,63108.94,4415.96831554,1.1407858333333333e-05,63126.0,1.25e-05,EVALUATION,0.0005599734405074594
BTC-USD,2024-04-29T00:00:00Z,63109.76,64200.0,61741.01,63844.85,10712.13554316,1.0063216666666667e-05,63827.0,1.1407858333333333e-05,EVALUATION,-0.0009106453188375512
BTC-USD,2024-04-30T00:00:00Z,63845.01,64727.81,59040.3,60622.1,21106.65540758,1.0618883333333333e-05,60661.0,1.0063216666666667e-05,EVALUATION,-0.000549568394697457
BTC-USD,2024-05-01T00:00:00Z,60621.2,60785.49,56500.0,58265.59,26611.9312734,1.7183366666666665e-05,58336.0,1.0618883333333333e-05,EVALUATION,0.0006930547103974683
BTC-USD,2024-05-02T00:00:00Z,58267.81,59641.03,56903.79,59071.89,13593.00905888,1.1269200000000002e-05,59103.0,1.7183366666666665e-05,EVALUATION,0.0011459440766337621
BTC-USD,2024-05-03T00:00:00Z,59070.3,63365.72,58821.05,62913.03,15954.29032707,-1.082583333333333e-06,62874.0,1.1269200000000002e-05,EVALUATION,0.0001248547159592762
BTC-USD,2024-05-04T00:00:00Z,62913.03,64546.0,62565.82,63902.88,6414.57464352,1.16216875e-05,63856.0,-1.082583333333333e-06,EVALUATION,-0.00041670825381640193
BTC-USD,2024-05-05T00:00:00Z,63902.88,64636.75,62908.34,64023.45,4474.5195919,1.3110066666666667e-05,64004.0,1.16216875e-05,EVALUATION,-0.0014610609421787059
BTC-USD,2024-05-06T00:00:00Z,64023.45,65523.44,62704.48,63162.24,11241.77217344,2.63525625e-05,63237.0,1.3110066666666667e-05,EVALUATION,0.0009008767626788446
BTC-USD,2024-05-07T00:00:00Z,63161.35,64415.06,62252.64,62315.76,8994.93773002,2.6008341666666668e-05,62335.0,2.63525625e-05,EVALUATION,0.00039545022063676606
BTC-USD,2024-05-08T00:00:00Z,62315.75,63013.05,60851.04,61169.53,7486.42596849,1.2643595833333335e-05,61165.0,2.6008341666666668e-05,EVALUATION,-0.0006641191763795941
BTC-USD,2024-05-09T00:00:00Z,61169.53,63424.14,60601.6,63073.57,8360.0553824,3.3712875e-06,63111.0,1.2643595833333335e-05,EVALUATION,-0.0003696738085372795
BTC-USD,2024-05-10T00:00:00Z,63073.55,63470.0,60150.0,60787.47,11511.12990976,1.6205870833333336e-05,60847.0,3.3712875e-06,EVALUATION,8.307863642470495e-05
BTC-USD,2024-05-11T00:00:00Z,60787.99,61482.0,60450.13,60814.63,2338.06810837,1.4236679166666668e-05,60870.0,1.6205870833333336e-05,EVALUATION,-3.652037332581348e-05
BTC-USD,2024-05-12T00:00:00Z,60814.64,61843.45,60576.05,61453.02,2694.97577935,1.2765470833333332e-05,61512.0,1.4236679166666668e-05,EVALUATION,0.0008662738499751038
BTC-USD,2024-05-13T00:00:00Z,61453.01,63456.18,60738.51,62932.37,9170.80865115,1.1867487500000002e-05,62939.0,1.2765470833333332e-05,EVALUATION,-0.0015883086295475828
BTC-USD,2024-05-14T00:00:00Z,62927.44,63103.02,61024.51,61539.84,13456.61307634,1.5151904166666667e-05,61645.0,1.1867487500000002e-05,EVALUATION,0.0022265583705827286
BTC-USD,2024-05-15T00:00:00Z,61539.7,66480.0,61299.57,66244.69,21821.38858725,2.4273133333333333e-05,66212.0,1.5151904166666667e-05,EVALUATION,-0.0011546962636168293
BTC-USD,2024-05-16T00:00:00Z,66244.68,66772.83,64588.5,65252.18,12012.70197182,1.0325695833333334e-05,65296.0,2.4273133333333333e-05,EVALUATION,0.0005412428612939615
BTC-USD,2024-05-17T00:00:00Z,65252.17,67500.0,65113.46,67046.33,11710.00723895,1.3923041666666667e-05,67056.0,1.0325695833333334e-05,EVALUATION,0.0005130696759859755
BTC-USD,2024-05-18T00:00:00Z,67046.34,67407.79,66624.06,66923.87,3880.58113972,1.2167116666666666e-05,66900.0,1.3923041666666667e-05,EVALUATION,-0.0006997580737061792
BTC-USD,2024-05-19T00:00:00Z,66923.87,67701.91,65852.02,66261.62,3565.11346165,9.759633333333334e-06,66285.0,1.2167116666666666e-05,EVALUATION,0.00015239930311311203
BTC-USD,2024-05-20T00:00:00Z,66260.04,71560.9,66057.03,71432.17,20415.88691709,7.1650708333333335e-06,71447.0,9.759633333333334e-06,EVALUATION,-0.0003391500181834571
BTC-USD,2024-05-21T00:00:00Z,71432.16,71980.0,69146.01,70142.84,16102.06132545,1.1529783333333334e-05,70182.0,7.1650708333333335e-06,EVALUATION,-0.0010021399050919846
BTC-USD,2024-05-22T00:00:00Z,70142.88,70659.99,68887.52,69109.93,10889.10300904,1.7781004166666667e-05,69219.0,1.1529783333333334e-05,EVALUATION,0.00023009211844475692
BTC-USD,2024-05-23T00:00:00Z,69109.93,70066.95,66259.0,67940.45,14340.27843589,1.4104225000000001e-05,68033.0,1.7781004166666667e-05,EVALUATION,0.0014306735102041313
BTC-USD,2024-05-24T00:00:00Z,67932.79,69278.75,66587.91,68547.8,10374.95988085,1.3015383333333334e-05,68544.0,1.4104225000000001e-05,EVALUATION,-0.00029304520080532915
BTC-USD,2024-05-25T00:00:00Z,68545.52,69605.03,68487.44,69289.67,2501.11901959,1.25e-05,69307.0,1.3015383333333334e-05,EVALUATION,-0.0012439422105753777
BTC-USD,2024-05-26T00:00:00Z,69289.69,69522.0,68097.38,68473.72,2037.67329089,2.8868391666666668e-05,68578.0,1.25e-05,EVALUATION,-0.00021621424729947804
BTC-USD,2024-05-27T00:00:00Z,68470.8,70613.39,68210.12,69368.72,5384.62278063,5.245132083333333e-05,69493.0,2.8868391666666668e-05,EVALUATION,5.971480557450617e-05
BTC-USD,2024-05-28T00:00:00Z,69366.31,69533.96,67194.59,68321.98,11975.93086328,3.944789166666667e-05,68443.0,5.245132083333333e-05,EVALUATION,-0.00036842276618512455
BTC-USD,2024-05-29T00:00:00Z,68321.99,68864.11,67081.66,67569.45,8970.02059069,5.873729583333333e-05,67718.0,3.944789166666667e-05,EVALUATION,0.0012538366461198262
BTC-USD,2024-05-30T00:00:00Z,67569.44,69536.89,67092.91,68338.58,11841.26381893,2.7283270833333333e-05,68405.0,5.873729583333333e-05,EVALUATION,-0.0008509529099232903
BTC-USD,2024-05-31T00:00:00Z,68338.58,69024.71,66584.47,67472.41,10690.85876224,2.3654245833333332e-05,67597.0,2.7283270833333333e-05,EVALUATION,0.0005286454557427261
BTC-USD,2024-06-01T00:00:00Z,67473.07,67837.33,67371.28,67719.29,1949.57008052,3.637992916666667e-05,67811.0,2.3654245833333332e-05,EVALUATION,0.0004193700780218497
BTC-USD,2024-06-02T00:00:00Z,67719.29,68411.0,67260.0,67735.52,2997.15241527,1.7040845833333336e-05,67800.0,3.637992916666667e-05,EVALUATION,0.00016284864347407055
BTC-USD,2024-06-03T00:00:00Z,67731.14,70295.78,67568.0,68791.0,11884.90882705,5.404442083333333e-05,68849.0,1.7040845833333336e-05,EVALUATION,-0.00021848873752222358
BTC-USD,2024-06-04T00:00:00Z,68791.04,71108.9,68542.37,70542.32,18042.19396496,3.9560662499999996e-05,70620.0,5.404442083333333e-05,EVALUATION,0.001238421503163796
BTC-USD,2024-06-05T00:00:00Z,70541.68,71804.13,70356.49,71121.11,10123.1802918,2.32077125e-05,71113.0,3.9560662499999996e-05,EVALUATION,-0.0009679832272426322
BTC-USD,2024-06-06T00:00:00Z,71120.65,71650.56,70093.98,70773.64,7716.5079994,1.3037075000000001e-05,70835.0,2.32077125e-05,EVALUATION,-0.0007058588319752769
BTC-USD,2024-06-07T00:00:00Z,70773.63,71974.04,68298.55,69324.53,13768.98185265,3.509625416666667e-05,69436.0,1.3037075000000001e-05,EVALUATION,0.0010214737164107222
BTC-USD,2024-06-08T00:00:00Z,69326.71,69546.58,69126.22,69304.05,2631.94610412,3.3262070833333334e-05,69347.0,3.509625416666667e-05,EVALUATION,-0.00010441889239028394
BTC-USD,2024-06-09T00:00:00Z,69303.8,69848.94,69123.99,69637.87,1826.03995531,2.4435145833333333e-05,69690.0,3.3262070833333334e-05,EVALUATION,-0.0003772989459463396
BTC-USD,2024-06-10T00:00:00Z,69641.08,70187.53,69141.51,69497.73,6088.40363232,1.4726908333333335e-05,69577.0,2.4435145833333333e-05,EVALUATION,0.00040409339433506136
BTC-USD,2024-06-11T00:00:00Z,69495.97,69547.82,66018.69,67316.53,17354.68915468,4.293254166666666e-05,67369.0,1.4726908333333335e-05,EVALUATION,0.0005371631415406595
BTC-USD,2024-06-12T00:00:00Z,67316.52,70032.0,66883.32,68248.6,17140.01139413,2.73138e-05,68267.0,4.293254166666666e-05,EVALUATION,-0.001184000501010453
BTC-USD,2024-06-13T00:00:00Z,68248.59,68474.49,66200.0,66738.85,11916.13211129,3.203832083333333e-05,66838.0,2.73138e-05,EVALUATION,0.0012357095112037163
BTC-USD,2024-06-14T00:00:00Z,66746.46,67322.72,65005.0,66004.39,11520.15791899,1.6868525e-05,66022.0,3.203832083333333e-05,EVALUATION,3.75793816430009e-05
BTC-USD,2024-06-15T00:00:00Z,66004.36,66428.57,65800.86,66192.0,2004.1421548,1.25e-05,66208.0,1.6868525e-05,EVALUATION,-0.0012503846906133992
BTC-USD,2024-06-16T00:00:00Z,66192.0,66931.18,65999.0,66628.75,2118.65163435,1.25e-05,66729.0,1.25e-05,EVALUATION,0.00024701553499070067
BTC-USD,2024-06-17T00:00:00Z,66629.38,67274.96,65050.0,66481.81,14487.64060903,2.3812929166666668e-05,66567.0,1.25e-05,EVALUATION,0.0003219958682190273
BTC-USD,2024-06-18T00:00:00Z,66481.81,66574.33,64010.01,65152.8,15937.73176483,2.5968645833333335e-05,65217.0,2.3812929166666668e-05,EVALUATION,-0.00013482265045614976
BTC-USD,2024-06-19T00:00:00Z,65150.9,65709.26,64635.48,64943.79,4958.38361329,2.2481895833333337e-05,65018.0,2.5968645833333335e-05,EVALUATION,0.00020968657473304376
BTC-USD,2024-06-20T00:00:00Z,64945.67,66455.52,64500.0,64840.88,9346.70807899,2.5043695833333333e-05,64903.0,2.2481895833333337e-05,EVALUATION,0.0008377421932018424
BTC-USD,2024-06-21T00:00:00Z,64840.89,65017.1,63300.93,64120.28,9816.79599936,1.5699025e-05,64129.0,2.5043695833333333e-05,EVALUATION,-0.0007231486339880232
BTC-USD,2024-06-22T00:00:00Z,64120.28,64523.91,63910.01,64235.01,2324.21500373,1.25e-05,64291.0,1.5699025e-05,EVALUATION,0.0009550623915938576
BTC-USD,2024-06-23T00:00:00Z,64235.0,64499.95,63125.75,63171.43,2054.79092364,1.3292704166666666e-05,63167.0,1.25e-05,EVALUATION,-0.0014264838388921837
BTC-USD,2024-06-24T00:00:00Z,63169.36,63343.91,58414.28,60263.0,21418.04594647,4.345054166666667e-06,60345.0,1.3292704166666666e-05,EVALUATION,0.0011907744144538932
BTC-USD,2024-06-25T00:00:00Z,60262.16,62400.0,60217.36,61789.71,15201.5824773,1.2788666666666668e-05,61801.0,4.345054166666667e-06,EVALUATION,-0.00046775950517397626
BTC-USD,2024-06-26T00:00:00Z,61794.47,62470.0,60656.8,60816.68,11392.79835017,1.25e-05,60857.0,1.2788666666666668e-05,EVALUATION,-0.0015989443006608766
BTC-USD,2024-06-27T00:00:00Z,60818.86,62346.16,60546.94,61615.39,10530.35898848,2.01394125e-05,61756.0,1.25e-05,EVALUATION,-0.0003461275014597555
BTC-USD,2024-06-28T00:00:00Z,61611.43,62170.62,59868.0,60313.35,11381.0258738,1.88221e-05,60473.0,2.01394125e-05,EVALUATION,0.0011014273525166477
BTC-USD,2024-06-29T00:00:00Z,60312.36,61122.66,60273.8,60885.67,3199.03650127,2.0139483333333332e-05,60981.0,1.88221e-05,EVALUATION,0.00041721116388868996
BTC-USD,2024-06-30T00:00:00Z,60884.44,62942.67,60611.01,62668.26,4263.22924826,1.2204875e-05,62741.0,2.0139483333333332e-05,EVALUATION,-0.00016211594549701665
BTC-USD,2024-07-01T00:00:00Z,62669.14,63801.26,62448.46,62830.13,12326.70696465,1.2038e-05,62914.0,1.2204875e-05,EVALUATION,-0.0002770609729022303
BTC-USD,2024-07-02T00:00:00Z,62830.94,63223.57,61000.0,62040.22,10688.64132628,1.25e-05,62141.0,1.2038e-05,EVALUATION,0.0012317395964818263
BTC-USD,2024-07-03T00:00:00Z,62039.44,62197.01,59332.76,60145.01,12066.71677065,6.178841666666667e-06,60169.0,1.25e-05,EVALUATION,0.0007433658619774353
BTC-USD,2024-07-04T00:00:00Z,60145.01,60429.27,56709.73,57042.14,17969.35692426,8.955120833333334e-06,57023.0,6.178841666666667e-06,EVALUATION,0.0005264223981126709
BTC-USD,2024-07-05T00:00:00Z,57036.45,57515.6,53499.9,56639.43,28052.41501655,6.9057666666666675e-06,56591.0,8.955120833333334e-06,EVALUATION,-0.00027757026892750503
BTC-USD,2024-07-06T00:00:00Z,56634.53,58481.97,56020.32,58244.75,6449.32501293,-1.963595833333333e-06,58211.0,6.9057666666666675e-06,EVALUATION,7.770987197108335e-05
BTC-USD,2024-07-07T00:00:00Z,58240.36,58448.89,55717.23,55854.09,5320.91645368,-6.8904e-06,55817.0,-1.963595833333333e-06,EVALUATION,-0.0011174164317424198
BTC-USD,2024-07-08T00:00:00Z,55852.61,58200.0,54278.93,56699.43,19043.04861272,-2.3902416666666668e-06,56725.0,-6.8904e-06,EVALUATION,-0.00031415962855248637
BTC-USD,2024-07-09T00:00:00Z,56701.18,58295.31,56276.37,58047.86,11757.76025902,1.25e-05,58093.0,-2.3902416666666668e-06,EVALUATION,0.0004164413252048391
BTC-USD,2024-07-10T00:00:00Z,58047.86,59481.93,57157.28,57712.59,11619.63229345,9.783391666666667e-06,57734.0,1.25e-05,EVALUATION,0.0010336237981669791
BTC-USD,2024-07-11T00:00:00Z,57713.4,59533.06,57036.41,57340.77,11433.53379518,3.953920833333334e-06,57303.0,9.783391666666667e-06,EVALUATION,-0.00020492852141295565
BTC-USD,2024-07-12T00:00:00Z,57343.66,58550.0,56538.33,57909.03,10516.60400149,4.2669916666666675e-06,57883.0,3.953920833333334e-06,EVALUATION,-0.00024161430986258792
BTC-USD,2024-07-13T00:00:00Z,57908.61,59875.0,57770.92,59224.58,4255.10545721,1.2356883333333334e-05,59213.0,4.2669916666666675e-06,EVALUATION,-0.00024190035055309003
BTC-USD,2024-07-14T00:00:00Z,59224.58,61428.67,59209.2,60808.42,6132.37403058,1.25e-05,60812.0,1.2356883333333334e-05,EVALUATION,-3.333870158567045e-05
BTC-USD,2024-07-15T00:00:00Z,60804.97,64943.61,60666.59,64757.16,20601.73387957,1.3413258333333332e-05,64764.0,1.25e-05,EVALUATION,0.0006589642926160265
BTC-USD,2024-07-16T00:00:00Z,64757.16,65405.89,62410.33,65088.99,14691.92002303,1.5767191666666665e-05,65054.0,1.3413258333333332e-05,EVALUATION,-0.0001368836815549251
BTC-USD,2024-07-17T00:00:00Z,65086.55,66139.0,63853.99,64085.81,10647.79709095,1.3550850000000001e-05,64061.0,1.5767191666666665e-05,EVALUATION,-0.0013268346427218252
BTC-USD,2024-07-18T00:00:00Z,64085.82,65130.88,63222.6,63982.86,7637.52760383,1.5870954166666667e-05,64044.0,1.3550850000000001e-05,EVALUATION,0.0012212030832765908
BTC-USD,2024-07-19T00:00:00Z,63977.64,67504.22,63289.15,66707.61,15163.05745737,1.6637591666666666e-05,66691.0,1.5870954166666667e-05,EVALUATION,-0.0010467339646917375
BTC-USD,2024-07-20T00:00:00Z,66707.61,67635.0,66271.0,67163.83,4671.38885135,2.3687383333333333e-05,67219.0,1.6637591666666666e-05,EVALUATION,0.00039841967652929657
BTC-USD,2024-07-21T00:00:00Z,67163.82,68380.0,65820.18,68181.28,6027.86201344,4.2225745833333336e-05,68213.0,2.3687383333333333e-05,EVALUATION,0.0001498036072484604
BTC-USD,2024-07-22T00:00:00Z,68181.16,68495.0,66569.42,67558.22,11844.79119584,2.176391666666667e-05,67581.0,4.2225745833333336e-05,EVALUATION,-0.0004336473778714652
BTC-USD,2024-07-23T00:00:00Z,67560.03,67786.84,65444.3,65939.24,10791.03782177,1.4127041666666667e-05,65991.0,2.176391666666667e-05,EVALUATION,-6.398658393832176e-05
BTC-USD,2024-07-24T00:00:00Z,65939.24,67131.17,65090.61,65366.4,7702.25551129,1.6936633333333333e-05,65423.0,1.4127041666666667e-05,EVALUATION,-5.72333049962713e-05
BTC-USD,2024-07-25T00:00:00Z,65358.86,66161.98,63412.46,65795.42,10452.25571747,1.2809816666666666e-05,65857.0,1.6936633333333333e-05,EVALUATION,0.0004223029568038577
BTC-USD,2024-07-26T00:00:00Z,65795.52,68216.66,65705.6,67924.08,9315.20918753,1.51972625e-05,67960.0,1.2809816666666666e-05,EVALUATION,-0.00031039498753442985
BTC-USD,2024-07-27T00:00:00Z,67921.46,69418.15,66635.28,67899.41,10233.62198513,2.3673395833333334e-05,67958.0,1.51972625e-05,EVALUATION,-0.00023546618826195294
BTC-USD,2024-07-28T00:00:00Z,67901.81,68308.82,67021.8,68244.3,3505.5483691,2.5543104166666665e-05,68321.0,2.3673395833333334e-05,EVALUATION,0.0006403845628499173
BTC-USD,2024-07-29T00:00:00Z,68244.3,70000.0,66400.01,66771.45,13641.48475825,4.889435416666666e-05,66807.0,2.5543104166666665e-05,EVALUATION,-0.00041142416596580135
BTC-USD,2024-07-30T00:00:00Z,66767.14,66994.15,65283.68,66169.68,8733.57157991,1.3096404166666666e-05,66233.0,4.889435416666666e-05,EVALUATION,3.942852231994738e-06
BTC-USD,2024-07-31T00:00:00Z,66169.68,66837.4,64500.0,64609.62,8986.37529253,1.25e-05,64672.0,1.3096404166666666e-05,EVALUATION,-0.0005879768657041312
BTC-USD,2024-08-01T00:00:00Z,64609.61,65593.56,62212.81,65288.18,15636.72205775,2.1396170833333333e-05,65391.0,1.25e-05,EVALUATION,-0.0001863054348178115
BTC-USD,2024-08-02T00:00:00Z,65293.48,65557.86,61150.0,61418.06,15390.00963957,1.2576008333333335e-05,61527.0,2.1396170833333333e-05,EVALUATION,0.0010788563014837893
BTC-USD,2024-08-03T00:00:00Z,61418.06,62171.58,59819.13,60674.93,8019.39450918,1.4959291666666668e-05,60718.0,1.2576008333333335e-05,EVALUATION,-0.0001350762493365045
BTC-USD,2024-08-04T00:00:00Z,60674.93,61082.3,57123.0,58130.95,10319.01091658,1.6062516666666667e-05,58181.0,1.4959291666666668e-05,EVALUATION,0.0018202000264042578
BTC-USD,2024-08-05T00:00:00Z,58131.31,58282.83,49050.01,54029.12,59125.78926672,1.3056450000000001e-05,53978.0,1.6062516666666667e-05,EVALUATION,-5.797970264546398e-05
BTC-USD,2024-08-06T00:00:00Z,54037.9,57091.16,53965.57,56048.08,16897.67519536,1.25e-05,55999.0,1.3056450000000001e-05,EVALUATION,-6.585974223868076e-05
BTC-USD,2024-08-07T00:00:00Z,56048.07,57757.15,54564.15,55148.1,13971.5151871,1.0152095833333333e-05,55104.0,1.25e-05,EVALUATION,0.0002688947045024431
BTC-USD,2024-08-08T00:00:00Z,55144.14,62755.24,54737.32,61705.58,20623.04985861,5.770795833333333e-06,61640.0,1.0152095833333333e-05,EVALUATION,-0.00045352955078949495
BTC-USD,2024-08-09T00:00:00Z,61704.05,61764.38,59552.46,60862.13,11569.80744379,-8.081166666666663e-07,60825.0,5.770795833333333e-06,EVALUATION,-0.0005154754619231166
BTC-USD,2024-08-10T00:00:00Z,60864.71,61500.0,60255.61,60935.02,3157.63609699,1.2209075000000001e-05,60930.0,-8.081166666666663e-07,EVALUATION,-0.00014565555613768594
BTC-USD,2024-08-11T00:00:00Z,60935.01,61868.69,58312.63,58722.49,5229.37008498,1.3529204166666667e-05,58727.0,1.2209075000000001e-05,EVALUATION,0.0004562232081572984
BTC-USD,2024-08-12T00:00:00Z,58717.44,60721.77,57653.31,59358.78,12183.92944247,1.25e-05,59337.0,1.3529204166666667e-05,EVALUATION,0.00035824746775291687
BTC-USD,2024-08-13T00:00:00Z,59358.78,61615.43,58402.01,60603.19,10879.76363828,1.25e-05,60560.0,1.25e-05,EVALUATION,-0.001368699811586918
BTC-USD,2024-08-14T00:00:00Z,60603.19,61827.2,58453.56,58690.62,12938.61473824,1.4944987500000001e-05,58730.0,1.25e-05,EVALUATION,0.0005918995020595311
BTC-USD,2024-08-15T00:00:00Z,58690.62,59883.49,56120.0,57543.61,14506.63316989,1.4591547826086955e-05,57549.0,1.4944987500000001e-05,EVALUATION,0.0004205571004007975
BTC-USD,2024-08-16T00:00:00Z,57543.57,59871.61,57096.56,58888.99,11930.21788221,4.417866666666667e-06,58870.0,1.4591547826086955e-05,EVALUATION,0.000182847929146257
BTC-USD,2024-08-17T00:00:00Z,58888.99,59711.02,58803.45,59497.49,2787.56355634,9.6679125e-06,59468.0,4.417866666666667e-06,EVALUATION,-0.00017737219314218665
BTC-USD,2024-08-18T00:00:00Z,59497.49,60284.99,58422.0,58437.9,4325.64817169,1.1970904166666668e-05,58420.0,9.6679125e-06,EVALUATION,8.445647531010786e-05
BTC-USD,2024-08-19T00:00:00Z,58436.2,59639.81,57820.0,59452.67,8539.29378706,9.452816666666667e-06,59430.0,1.1970904166666668e-05,EVALUATION,0.0003160738665607238
BTC-USD,2024-08-20T00:00:00Z,59455.81,61457.03,58571.96,59017.59,11062.05279919,9.624533333333334e-06,58977.0,9.452816666666667e-06,EVALUATION,-0.00047671860060445744
BTC-USD,2024-08-21T00:00:00Z,59017.59,61849.98,58793.89,61163.28,13380.11101719,1.0268395833333334e-05,61151.0,9.624533333333334e-06,EVALUATION,-0.0002989865423687504
BTC-USD,2024-08-22T00:00:00Z,61167.54,61430.48,59750.0,60383.29,9608.6955368,1.2910975000000002e-05,60390.0,1.0268395833333334e-05,EVALUATION,0.00021618136057637526
BTC-USD,2024-08-23T00:00:00Z,60383.28,64987.0,60343.2,64086.72,17852.77117167,1.5803841666666668e-05,64081.0,1.2910975000000002e-05,EVALUATION,-0.0003074087046079044
BTC-USD,2024-08-24T00:00:00Z,64091.63,64529.78,63564.22,64179.63,5020.91676004,2.1329441666666668e-05,64195.0,1.5803841666666668e-05,EVALUATION,-0.0005285016724102976
BTC-USD,2024-08-25T00:00:00Z,64179.63,65050.08,63793.74,64251.93,4012.30764642,2.6854179166666665e-05,64303.0,2.1329441666666668e-05,EVALUATION,0.0008947935441800026
BTC-USD,2024-08-26T00:00:00Z,64250.01,64509.36,62806.8,62840.0,10741.96651081,3.629988333333334e-05,62836.0,2.6854179166666665e-05,EVALUATION,0.0004982647828059039
BTC-USD,2024-08-27T00:00:00Z,62840.09,63226.26,58025.49,59439.64,14195.89496578,1.27900125e-05,59407.0,3.629988333333334e-05,EVALUATION,0.00032507430384329266
BTC-USD,2024-08-28T00:00:00Z,59437.68,60236.98,57851.62,59045.88,10001.12169866,1.25e-05,58995.0,1.27900125e-05,EVALUATION,-0.0006391737419726672
BTC-USD,2024-08-29T00:00:00Z,59047.94,61194.09,58729.39,59364.47,10933.22040343,1.247075e-05,59352.0,1.25e-05,EVALUATION,0.00015372755976459623
BTC-USD,2024-08-30T00:00:00Z,59353.12,59929.63,57700.0,59112.77,9382.9124508,1.2423545833333333e-05,59092.0,1.247075e-05,EVALUATION,-0.0003876868262698799
BTC-USD,2024-08-31T00:00:00Z,59117.59,59446.99,58739.31,58968.37,1368.21775121,8.275675000000001e-06,58971.0,1.2423545833333333e-05,EVALUATION,0.00019671867388857623
BTC-USD,2024-09-01T00:00:00Z,58968.37,59070.55,57200.0,57299.0,4411.05388122,1.25e-05,57291.0,8.275675000000001e-06,EVALUATION,0.00033874737820124173
BTC-USD,2024-09-02T00:00:00Z,57291.21,59423.0,57119.01,59139.83,4318.6544603,7.786229166666666e-06,59112.0,1.25e-05,EVALUATION,0.00011826340649135033
BTC-USD,2024-09-03T00:00:00Z,59138.89,59825.7,57394.49,57468.84,8264.44971184,2.208333333333358e-09,57435.0,7.786229166666666e-06,EVALUATION,-0.0007327439576410959
BTC-USD,2024-09-04T00:00:00Z,57460.5,58531.25,55555.0,57971.0,13715.96171494,1.1346920833333334e-05,57980.0,2.208333333333358e-09,EVALUATION,0.00012893017686163195
BTC-USD,2024-09-05T00:00:00Z,57971.0,58326.12,55628.04,56156.82,12281.57828747,1.25e-05,56159.0,1.1346920833333334e-05,EVALUATION,1.3333184060615622e-05
BTC-USD,2024-09-06T00:00:00Z,56156.82,56995.0,52530.0,53950.01,18495.45064356,1.1399320833333334e-05,53952.0,1.25e-05,EVALUATION,-1.8380779416619235e-05
BTC-USD,2024-09-07T00:00:00Z,53950.0,54847.0,53733.1,54156.33,3284.57722628,1.25e-05,54160.0,1.1399320833333334e-05,EVALUATION,0.0008451796669991218
BTC-USD,2024-09-08T00:00:00Z,54159.6,55315.95,53623.95,54881.11,3684.86816392,1.0117912500000001e-05,54839.0,1.25e-05,EVALUATION,-0.00010328106871502785
BTC-USD,2024-09-09T00:00:00Z,54881.1,58119.97,54565.56,57053.9,10203.03329517,-2.702166666666666e-07,57016.0,1.0117912500000001e-05,EVALUATION,-0.00015970861198588156
BTC-USD,2024-09-10T00:00:00Z,57047.82,58050.35,56377.76,57645.59,6433.21371111,8.613895833333335e-06,57617.0,-2.702166666666666e-07,EVALUATION,0.0008099751692065414
BTC-USD,2024-09-11T00:00:00Z,57641.15,58014.35,55534.41,57352.79,11678.94297124,1.9025791666666668e-06,57278.0,8.613895833333335e-06,EVALUATION,-0.00118034715504383
BTC-USD,2024-09-12T00:00:00Z,57352.92,58600.0,57311.15,58137.54,10175.62390483,1.1195191666666667e-05,58131.0,1.9025791666666668e-06,EVALUATION,0.0007622292730297883
BTC-USD,2024-09-13T00:00:00Z,58137.33,60670.0,57630.01,60543.35,11935.95544754,1.0051437500000001e-05,60491.0,1.1195191666666667e-05,EVALUATION,-0.0004130934052202403
BTC-USD,2024-09-14T00:00:00Z,60543.35,60660.0,59436.8,60012.35,3147.39019631,1.25e-05,59986.0,1.0051437500000001e-05,EVALUATION,-0.0005224791410496688
BTC-USD,2024-09-15T00:00:00Z,60012.34,60402.34,58695.75,59122.33,3975.3568185,1.25e-05,59128.0,1.25e-05,EVALUATION,-8.486706125015058e-05
BTC-USD,2024-09-16T00:00:00Z,59122.7,59214.15,57477.0,58208.75,7654.10991835,1.25e-05,58220.0,1.25e-05,EVALUATION,0.000693851071352901
BTC-USD,2024-09-17T00:00:00Z,58209.76,61373.41,57620.27,60312.6,11701.89074715,9.804770833333334e-06,60283.0,1.25e-05,EVALUATION,-0.001611504006497611
BTC-USD,2024-09-18T00:00:00Z,60317.38,61800.0,59174.5,61769.18,11471.50683029,9.60955e-06,61839.0,9.804770833333334e-06,EVALUATION,0.0006855566536976576
BTC-USD,2024-09-19T00:00:00Z,61770.38,63891.82,61569.16,62960.14,15075.86835522,2.9487808333333334e-05,62990.0,9.60955e-06,EVALUATION,0.0004981860937637192
BTC-USD,2024-09-20T00:00:00Z,62956.04,64140.67,62340.0,63210.69,10636.1082809,1.3001895833333334e-05,63210.0,2.9487808333333334e-05,EVALUATION,0.0002499950995045277
BTC-USD,2024-09-21T00:00:00Z,63210.94,63575.63,62755.0,63362.74,1960.85712028,1.25e-05,63347.0,1.3001895833333334e-05,EVALUATION,-0.0005243770805132903
BTC-USD,2024-09-22T00:00:00Z,63362.74,64000.0,62380.55,63577.66,2882.2341982,1.25e-05,63596.0,1.25e-05,EVALUATION,-0.00012613659921281015
BTC-USD,2024-09-23T00:00:00Z,63580.39,64739.67,62566.28,63338.87,7014.74459935,1.3728270833333334e-05,63366.0,1.25e-05,EVALUATION,-4.232640319334501e-06
BTC-USD,2024-09-24T00:00:00Z,63338.85,64700.0,62689.15,64272.93,8933.46473574,1.9726329166666665e-05,64302.0,1.3728270833333334e-05,EVALUATION,-0.0004905955841215951
BTC-USD,2024-09-25T00:00:00Z,64272.93,64811.0,62932.8,63130.89,5909.09510453,2.5103358333333332e-05,63192.0,1.9726329166666665e-05,EVALUATION,0.0003228484205694047
BTC-USD,2024-09-26T00:00:00Z,63131.13,65865.0,62652.99,65177.21,12789.85035505,2.6720141666666667e-05,65221.0,2.5103358333333332e-05,EVALUATION,0.0008731288711279942
BTC-USD,2024-09-27T00:00:00Z,65176.39,66550.0,64827.85,65789.0,9529.0168808,3.406705833333333e-05,65778.0,2.6720141666666667e-05,EVALUATION,-0.00017003699931098442
BTC-USD,2024-09-28T00:00:00Z,65787.53,66266.39,65400.0,65858.99,2755.22680581,1.25e-05,65860.0,3.406705833333333e-05,EVALUATION,-0.0008732900016188251
BTC-USD,2024-09-29T00:00:00Z,65857.33,66059.0,65433.29,65600.01,2721.35197741,2.5855770833333337e-05,65660.0,1.25e-05,EVALUATION,-0.0002940685629161101
BTC-USD,2024-09-30T00:00:00Z,65600.01,65624.95,62833.95,63301.25,10629.74147917,5.129860833333333e-05,63381.0,2.5855770833333337e-05,EVALUATION,0.0004847450452559292
BTC-USD,2024-10-01T00:00:00Z,63305.52,64106.75,60150.89,60790.0,15970.80295516,3.094993333333333e-05,60839.0,5.129860833333333e-05,EVALUATION,0.0004783007185572968
BTC-USD,2024-10-02T00:00:00Z,60792.63,62380.34,59969.2,60631.37,8764.03050337,1.25e-05,60652.0,3.094993333333333e-05,EVALUATION,7.272981542148617e-05
BTC-USD,2024-10-03T00:00:00Z,60631.36,61474.92,59824.87,60744.99,7834.55718072,1.25e-05,60762.0,1.25e-05,EVALUATION,0.0007871220437335381
BTC-USD,2024-10-04T00:00:00Z,60745.0,62481.0,60454.5,62090.71,7884.21831808,1.25e-05,62060.0,1.25e-05,EVALUATION,-0.0007997394056492731
BTC-USD,2024-10-05T00:00:00Z,62090.7,62380.04,61686.34,62051.29,1783.56564961,1.25e-05,62071.0,1.25e-05,EVALUATION,0.00013686177693697353
BTC-USD,2024-10-06T00:00:00Z,62051.29,62978.75,61805.85,62810.86,2086.21821773,1.25e-05,62823.0,1.25e-05,EVALUATION,-0.0002559555776173728
BTC-USD,2024-10-07T00:00:00Z,62810.93,64467.02,62113.28,62200.28,10707.1500015,1.25e-05,62229.0,1.25e-05,EVALUATION,-0.0004751875433681252
BTC-USD,2024-10-08T00:00:00Z,62203.82,63191.05,61824.48,62122.02,6566.33034742,1.25e-05,62181.0,1.25e-05,EVALUATION,0.0003887790820680887
BTC-USD,2024-10-09T00:00:00Z,62118.44,62507.68,60255.0,60578.28,7582.36723494,1.25e-05,60613.0,1.25e-05,EVALUATION,0.0002597964022186395
BTC-USD,2024-10-10T00:00:00Z,60578.28,61271.59,58863.9,60279.53,10462.57962276,9.648904166666668e-06,60299.0,1.25e-05,EVALUATION,0.0005640105945070343
BTC-USD,2024-10-11T00:00:00Z,60279.53,63416.7,60029.98,62518.75,11454.9900534,5.086154166666667e-06,62504.0,9.648904166666668e-06,EVALUATION,-0.00010685130553585925
BTC-USD,2024-10-12T00:00:00Z,62518.75,63474.25,62464.15,63187.47,3943.90648994,1.0858275e-05,63180.0,5.086154166666667e-06,EVALUATION,-0.0001683575029288432
BTC-USD,2024-10-13T00:00:00Z,63183.08,63270.18,62033.0,62845.3,2257.61460657,8.736866666666666e-06,62849.0,1.0858275e-05,EVALUATION,-0.00011685165594544313
BTC-USD,2024-10-14T00:00:00Z,62847.89,66500.0,62426.67,66065.65,13638.71106556,1.1208883333333335e-05,66078.0,8.736866666666666e-06,EVALUATION,0.0001621488244161076
BTC-USD,2024-10-15T00:00:00Z,66065.64,67944.76,64778.44,67056.6,16324.01191342,1.1004216666666667e-05,67059.0,1.1208883333333335e-05,EVALUATION,-0.00019664917252865788
BTC-USD,2024-10-16T00:00:00Z,67056.62,68399.0,66743.0,67608.44,12465.75691229,1.25e-05,67625.0,1.1004216666666667e-05,EVALUATION,5.4627853013818825e-05
BTC-USD,2024-10-17T00:00:00Z,67608.45,67926.99,66629.97,67402.33,7912.22639285,1.25e-05,67416.0,1.25e-05,EVALUATION,-0.0001319669561843721
BTC-USD,2024-10-18T00:00:00Z,67399.86,69000.62,67149.24,68426.11,11802.74441943,1.4356795833333334e-05,68450.0,1.25e-05,EVALUATION,0.00016752695527344255
BTC-USD,2024-10-19T00:00:00Z,68426.11,68689.29,68005.83,68363.73,1868.86958754,1.25e-05,68377.0,1.4356795833333334e-05,EVALUATION,-0.0007806290812313537
BTC-USD,2024-10-20T00:00:00Z,68363.73,69380.0,68083.18,69014.86,2632.89214855,1.2585741666666667e-05,69083.0,1.25e-05,EVALUATION,0.00048582327520894827
BTC-USD,2024-10-21T00:00:00Z,69014.87,69498.0,66802.0,67346.15,10226.59346669,1.5975433333333333e-05,67381.0,1.2585741666666667e-05,EVALUATION,-0.00015153129897639445
BTC-USD,2024-10-22T00:00:00Z,67346.15,67800.0,66535.0,67380.08,8598.06472763,1.25e-05,67426.0,1.5975433333333333e-05,EVALUATION,-0.001245673026652051
BTC-USD,2024-10-23T00:00:00Z,67389.7,67415.65,65149.51,66601.11,9021.17140157,2.30877125e-05,66731.0,1.25e-05,EVALUATION,0.0013180211543043314
BTC-USD,2024-10-24T00:00:00Z,66601.1,68800.0,66445.32,68156.84,10016.19830413,1.5670720833333335e-05,68201.0,2.30877125e-05,EVALUATION,-0.001360816934775514
BTC-USD,2024-10-25T00:00:00Z,68156.84,68742.38,65500.01,66564.51,14485.49253537,1.1711733333333333e-05,66699.0,1.5670720833333335e-05,EVALUATION,0.0011310255546715
BTC-USD,2024-10-26T00:00:00Z,66564.51,67365.18,66331.95,67012.56,2949.2199701,1.25e-05,67073.0,1.1711733333333333e-05,EVALUATION,-0.00021608281672671605
BTC-USD,2024-10-27T00:00:00Z,67008.15,68261.37,66836.78,67943.19,2819.59766921,1.25e-05,68020.0,1.25e-05,EVALUATION,0.00017767640424344076
BTC-USD,2024-10-28T00:00:00Z,67943.18,70235.98,67532.48,69924.5,16140.14013624,1.25e-05,69992.0,1.25e-05,EVALUATION,-0.00023330133723275525
BTC-USD,2024-10-29T00:00:00Z,69924.49,73624.98,69705.76,72724.35,20616.91187006,2.0358262500000002e-05,72813.0,1.25e-05,EVALUATION,0.00014656819848323074
BTC-USD,2024-10-30T00:00:00Z,72724.35,72948.6,71400.01,72322.91,13543.49337837,2.1149433333333335e-05,72402.0,2.0358262500000002e-05,EVALUATION,-0.0012431358252453695
BTC-USD,2024-10-31T00:00:00Z,72322.91,72684.02,69559.33,70197.83,14726.78460342,1.62181875e-05,70363.0,2.1149433333333335e-05,EVALUATION,0.0014743958986403907
BTC-USD,2024-11-01T00:00:00Z,70198.02,71620.0,68720.0,69467.29,15295.28781188,2.42011875e-05,69530.0,1.62181875e-05,EVALUATION,0.0008711087031737642
BTC-USD,2024-11-02T00:00:00Z,69466.64,69891.92,69000.0,69358.94,2203.99644104,1.25e-05,69362.0,2.42011875e-05,EVALUATION,-0.00034810580726955467
BTC-USD,2024-11-03T00:00:00Z,69360.95,69364.65,67444.0,68738.18,6758.88506466,1.25e-05,68766.0,1.25e-05,EVALUATION,-0.0007848229225019514
BTC-USD,2024-11-04T00:00:00Z,68736.4,69453.94,66783.77,67807.48,12431.01371517,1.2680195833333333e-05,67889.0,1.25e-05,EVALUATION,0.0007803070618022261
BTC-USD,2024-11-05T00:00:00Z,67810.15,70557.67,67427.53,69380.73,12867.66127618,1.4368104166666668e-05,69411.0,1.2680195833333333e-05,EVALUATION,0.000576087860830428
BTC-USD,2024-11-06T00:00:00Z,69380.64,76509.56,69285.82,75646.55,45398.11837369,5.3212675000000005e-05,75640.0,1.4368104166666668e-05,EVALUATION,-0.00012781413696260127
BTC-USD,2024-11-07T00:00:00Z,75646.55,76999.0,74463.96,75920.0,21932.40207681,2.463155833333333e-05,75925.0,5.3212675000000005e-05,EVALUATION,0.00043274846361843314
BTC-USD,2024-11-08T00:00:00Z,75925.0,77312.18,75654.26,76566.73,18378.39876264,3.0842925e-05,76541.0,2.463155833333333e-05,EVALUATION,-0.0009550715849008145
BTC-USD,2024-11-09T00:00:00Z,76566.72,76952.67,75758.58,76716.06,4836.57005338,1.8911983333333335e-05,76765.0,3.0842925e-05,EVALUATION,0.00033221834026955375
BTC-USD,2024-11-10T00:00:00Z,76716.06,81534.28,76535.33,80428.92,16728.21105103,5.5843e-05,80458.0,1.8911983333333335e-05,EVALUATION,0.00035031033138153565
BTC-USD,2024-11-11T00:00:00Z,80427.69,89666.0,80277.34,88770.73,35560.11866694,4.811525833333334e-05,88776.0,5.5843e-05,EVALUATION,0.00010079513022842409
BTC-USD,2024-11-12T00:00:00Z,88770.74,90100.0,85010.0,88035.43,40111.80924643,9.333963333333334e-05,88040.0,4.811525833333334e-05,EVALUATION,0.0006976295970307679
BTC-USD,2024-11-13T00:00:00Z,88035.43,93495.0,86220.5,90493.82,42318.6909168,5.0981933333333334e-05,90440.0,9.333963333333334e-05,EVALUATION,-0.0007717691660270463
BTC-USD,2024-11-14T00:00:00Z,90499.4,91831.25,86672.07,87340.4,23422.75915863,2.447799166666667e-05,87358.0,5.0981933333333334e-05,EVALUATION,-0.00029994838870762037
BTC-USD,2024-11-15T00:00:00Z,87338.96,91934.62,87100.83,91058.36,20388.33115227,3.2704125e-05,91107.0,2.447799166666667e-05,EVALUATION,0.0007910316102474696
BTC-USD,2024-11-16T00:00:00Z,91058.36,91820.73,90069.21,90636.24,6598.0269304,3.3558450000000004e-05,90616.0,3.2704125e-05,EVALUATION,-0.0008304254728227685
BTC-USD,2024-11-17T00:00:00Z,90638.54,91439.82,88713.64,89886.69,5574.55122824,4.159037083333334e-05,89945.0,3.3558450000000004e-05,EVALUATION,0.0003882154977999885
BTC-USD,2024-11-18T00:00:00Z,89877.11,92674.8,89372.65,90520.3,17340.77166451,6.76130875e-05,90550.0,4.159037083333334e-05,EVALUATION,0.001146411740968917
BTC-USD,2024-11-19T00:00:00Z,90521.32,94105.84,90403.24,92435.89,18267.16111244,6.221694166666667e-05,92366.0,6.76130875e-05,EVALUATION,-0.00014897677676673656
BTC-USD,2024-11-20T00:00:00Z,92445.04,94989.99,91600.0,94393.15,20329.039987,4.4044304166666674e-05,94340.0,6.221694166666667e-05,EVALUATION,-0.0004275549419009848
BTC-USD,2024-11-21T00:00:00Z,94384.15,99073.53,94127.2,98439.09,31188.09394751,3.3015645833333334e-05,98429.0,4.4044304166666674e-05,EVALUATION,0.0003788399741081793
BTC-USD,2024-11-22T00:00:00Z,98439.1,99860.0,97209.52,99024.03,29936.62215019,5.6897475e-05,98982.0,3.3015645833333334e-05,EVALUATION,-0.00016149607953117176
BTC-USD,2024-11-23T00:00:00Z,99024.03,99044.11,97215.01,97778.77,12072.47203722,4.030088333333333e-05,97757.0,5.6897475e-05,EVALUATION,-0.00026715936905713543
BTC-USD,2024-11-24T00:00:00Z,97778.78,98700.0,95780.77,98028.18,8654.77135767,5.5661375e-05,98038.0,4.030088333333333e-05,EVALUATION,-0.0009233662277507216
BTC-USD,2024-11-25T00:00:00Z,98032.06,98999.0,92534.93,93000.01,20695.912495,5.1619670833333336e-05,93100.0,5.5661375e-05,EVALUATION,2.1763358257550604e-05
BTC-USD,2024-11-26T00:00:00Z,93001.48,95004.92,90682.58,91929.54,17848.01962899,1.763985e-05,92028.0,5.1619670833333336e-05,EVALUATION,0.0013081712224467
BTC-USD,2024-11-27T00:00:00Z,91929.53,97386.06,91747.46,95951.19,15213.90946356,2.671407083333333e-05,95931.0,1.763985e-05,EVALUATION,-0.0007857939526347399
BTC-USD,2024-11-28T00:00:00Z,95951.19,96676.31,94671.59,95665.53,5586.55288339,1.4911291666666667e-05,95722.0,2.671407083333333e-05,EVALUATION,0.0001872162512167414
BTC-USD,2024-11-29T00:00:00Z,95665.53,98750.0,95383.46,97490.56,12587.02498942,3.225469166666666e-05,97533.0,1.4911291666666667e-05,EVALUATION,0.00027145607833721096
BTC-USD,2024-11-30T00:00:00Z,97489.8,97509.6,96129.73,96465.42,3476.04255853,2.873975833333333e-05,96484.0,3.225469166666666e-05,EVALUATION,0.00010515919529530686
BTC-USD,2024-12-01T00:00:00Z,96464.95,97895.9,95753.42,97263.18,4039.27591451,2.3795879166666668e-05,97274.0,2.873975833333333e-05,EVALUATION,-0.00047248814801143624
BTC-USD,2024-12-02T00:00:00Z,97259.17,98200.0,94400.63,95862.89,15554.61486745,2.244555e-05,95921.0,2.3795879166666668e-05,EVALUATION,0.0006160006041504639
BTC-USD,2024-12-03T00:00:00Z,95862.89,96310.1,93571.3,95924.52,17898.7046212,4.6100866666666664e-05,95928.0,2.244555e-05,EVALUATION,0.0007359349805732146
BTC-USD,2024-12-04T00:00:00Z,95924.85,99263.2,94634.85,98746.24,17528.92050771,5.922700833333333e-05,98683.0,4.6100866666666664e-05,EVALUATION,-0.0011660584269282208
BTC-USD,2024-12-05T00:00:00Z,98746.24,104000.0,92055.86,97044.23,36399.8182427,0.0001211894875,97107.0,5.922700833333333e-05,EVALUATION,0.0013146878594727715
BTC-USD,2024-12-06T00:00:00Z,97049.47,102104.12,96424.2,99891.35,17801.21293952,7.372385416666666e-05,99832.0,0.0001211894875,EVALUATION,-0.0004686378397741377
BTC-USD,2024-12-07T00:00:00Z,99885.37,100583.27,99012.73,99929.32,4774.3508777,5.2255925000000004e-05,99922.0,7.372385416666666e-05,EVALUATION,-0.00045523461356814583
BTC-USD,2024-12-08T00:00:00Z,99919.2,101435.05,98729.66,101174.99,4230.35225168,6.288995e-05,101220.0,5.2255925000000004e-05,EVALUATION,-0.000614961085630634
BTC-USD,2024-12-09T00:00:00Z,101175.0,101290.73,94220.8,97324.81,20103.05073464,3.1254820833333334e-05,97431.0,6.288995e-05,EVALUATION,0.0010113135047147659
BTC-USD,2024-12-10T00:00:00Z,97330.66,98338.17,94273.38,96660.76,20620.53877488,2.616231666666667e-05,96671.0,3.1254820833333334e-05,EVALUATION,0.0005057479504881853
BTC-USD,2024-12-11T00:00:00Z,96660.75,101984.98,95722.79,101202.11,21190.23753294,2.3237266666666665e-05,101164.0,2.616231666666667e-05,EVALUATION,-0.0008654140121086324
BTC-USD,2024-12-12T00:00:00Z,101211.61,102595.0,99298.39,100030.47,14796.92456547,2.6302199999999997e-05,100082.0,2.3237266666666665e-05,EVALUATION,-3.004331924333837e-05
BTC-USD,2024-12-13T00:00:00Z,100024.75,101959.13,99220.81,101428.75,13327.59954074,1.9249270833333335e-05,101486.0,2.6302199999999997e-05,EVALUATION,-0.00037179366249924555
BTC-USD,2024-12-14T00:00:00Z,101428.74,102650.0,100600.0,101399.99,4181.40180281,3.0338854166666668e-05,101498.0,1.9249270833333335e-05,EVALUATION,-0.0008499320105435871
BTC-USD,2024-12-15T00:00:00Z,101400.0,105100.0,101221.34,104447.76,7796.33358128,6.233382083333334e-05,104644.0,3.0338854166666668e-05,EVALUATION,0.0012945191487351983
BTC-USD,2024-12-16T00:00:00Z,104445.15,107857.79,103289.21,106099.81,22575.87902891,5.838189583333333e-05,106168.0,6.233382083333334e-05,EVALUATION,0.0005223124990830355
BTC-USD,2024-12-17T00:00:00Z,106099.98,108388.88,105337.97,106136.99,11994.58863972,3.0458570833333332e-05,106153.0,5.838189583333333e-05,EVALUATION,-0.0010067812519189093
BTC-USD,2024-12-18T00:00:00Z,106145.83,106528.13,99939.82,100150.73,22294.42835455,3.328090416666667e-05,100270.0,3.0458570833333332e-05,EVALUATION,0.0005859867673254734
BTC-USD,2024-12-19T00:00:00Z,100148.6,102796.22,95539.67,97372.21,23522.12863874,1.938725416666667e-05,97433.0,3.328090416666667e-05,EVALUATION,-0.0004363686491793564
BTC-USD,2024-12-20T00:00:00Z,97372.2,98132.47,92115.66,97765.0,21766.62386138,1.3329904166666667e-05,97870.0,1.938725416666667e-05,EVALUATION,0.0001736744357782714
BTC-USD,2024-12-21T00:00:00Z,97762.75,99596.57,96368.0,97230.08,6451.43271418,1.4202245833333334e-05,97319.0,1.3329904166666667e-05,EVALUATION,-0.000158965533588282
BTC-USD,2024-12-22T00:00:00Z,97230.09,97387.98,94182.98,95087.75,4933.50127735,1.23418e-05,95191.0,1.4202245833333334e-05,EVALUATION,-0.000428824944200729
BTC-USD,2024-12-23T00:00:00Z,95091.15,96430.08,92360.91,94764.56,13476.98947566,9.534420833333334e-06,94909.0,1.23418e-05,EVALUATION,0.0013469135392795378
BTC-USD,2024-12-24T00:00:00Z,94767.88,99444.0,93426.25,98594.47,13355.36314305,1.0656616666666667e-05,98613.0,9.534420833333334e-06,EVALUATION,-0.0007535932347189484
BTC-USD,2024-12-25T00:00:00Z,98594.47,99484.92,97557.48,99346.28,5254.2370598,1.1897970833333334e-05,99441.0,1.0656616666666667e-05,EVALUATION,-0.0012412942124756378
BTC-USD,2024-12-26T00:00:00Z,99358.67,99887.0,95083.93,95669.49,11403.37268934,1.6113683333333335e-05,95881.0,1.1897970833333334e-05,EVALUATION,0.0004333447034962559
BTC-USD,2024-12-27T00:00:00Z,95669.4,97340.47,93234.31,94171.89,13169.12897588,1.8262825000000002e-05,94341.0,1.6113683333333335e-05,EVALUATION,-0.0007148745743570634
BTC-USD,2024-12-28T00:00:00Z,94171.7,95534.17,94002.72,95130.82,2722.6591363,1.41004625e-05,95371.0,1.8262825000000002e-05,EVALUATION,0.0006068898150611657
BTC-USD,2024-12-29T00:00:00Z,95125.59,95170.06,92841.48,93563.35,3417.52751094,1.2933362500000001e-05,93744.0,1.41004625e-05,EVALUATION,-0.0002676405082990919
BTC-USD,2024-12-30T00:00:00Z,93563.35,94910.48,91271.19,92620.71,15271.24432744,1.8041041666666667e-05,92826.0,1.2933362500000001e-05,EVALUATION,-0.0006139035180813438
BTC-USD,2024-12-31T00:00:00Z,92620.7,96148.94,91887.13,93354.22,10348.6325655,1.66432875e-05,93620.0,1.8041041666666667e-05,EVALUATION,0.0001714293491218505
BTC-USD,2025-01-01T00:00:00Z,93347.59,94960.91,92743.63,94383.59,6871.73848196,4.110349166666667e-05,94640.0,1.66432875e-05,SUPPORT_FORWARD_RETURN,
