instrument,timestamp,open,high,low,close,volume,sma_close_7,row_role,forward_return_1d
BTC-USD,2024-12-26T00:00:00Z,99358.67,99887.0,95083.93,95669.49,11403.37268934,,SUPPORT_SMA7_WARMUP,
BTC-USD,2024-12-27T00:00:00Z,95669.4,97340.47,93234.31,94171.89,13169.12897588,,SUPPORT_SMA7_WARMUP,
BTC-USD,2024-12-28T00:00:00Z,94171.7,95534.17,94002.72,95130.82,2722.6591363,,SUPPORT_SMA7_WARMUP,
BTC-USD,2024-12-29T00:00:00Z,95125.59,95170.06,92841.48,93563.35,3417.52751094,,SUPPORT_SMA7_WARMUP,
BTC-USD,2024-12-30T00:00:00Z,93563.35,94910.48,91271.19,92620.71,15271.24432744,,SUPPORT_SMA7_WARMUP,
BTC-USD,2024-12-31T00:00:00Z,92620.7,96148.94,91887.13,93354.22,10348.6325655,,SUPPORT_SMA7_WARMUP,
BTC-USD,2025-01-01T00:00:00Z,93347.59,94960.91,92743.63,94383.59,6871.73848196,94127.72428571428,EVALUATION,0.02669531854001317
BTC-USD,2025-01-02T00:00:00Z,94383.59,97776.99,94177.0,96903.19,10912.47383962,94303.96714285715,EVALUATION,0.012727341587000396
BTC-USD,2025-01-03T00:00:00Z,96905.48,98969.92,96016.63,98136.51,9021.88538159,94870.34142857142,EVALUATION,0.0007473263518338324
BTC-USD,2025-01-04T00:00:00Z,98139.85,98761.02,97516.65,98209.85,2742.08960614,95310.20285714285,EVALUATION,0.001379495030284561
BTC-USD,2025-01-05T00:00:00Z,98209.85,98814.0,97250.0,98345.33,2377.92175899,95993.34285714285,EVALUATION,0.04000271288936652
BTC-USD,2025-01-06T00:00:00Z,98347.65,102500.0,97900.0,102279.41,15173.55606778,97373.15714285715,EVALUATION,-0.052184794574000826
BTC-USD,2025-01-07T00:00:00Z,102279.41,102735.99,96105.11,96941.98,16587.2869223,97885.69428571429,EVALUATION,-0.019654539756666756
BTC-USD,2025-01-08T00:00:00Z,96941.98,97254.35,92500.0,95036.63,14182.29739458,97978.98571428572,EVALUATION,-0.026191900954400493
BTC-USD,2025-01-09T00:00:00Z,95033.18,95363.26,91187.0,92547.44,9712.37853215,97356.73571428572,EVALUATION,0.023271740417670994
BTC-USD,2025-01-10T00:00:00Z,92547.44,95862.92,92209.25,94701.18,12634.03407823,96865.97428571428,EVALUATION,-0.0014377856748984952
BTC-USD,2025-01-11T00:00:00Z,94701.48,94983.65,93804.05,94565.02,2638.69956767,96345.28428571428,EVALUATION,-0.0005858403033173198
BTC-USD,2025-01-12T00:00:00Z,94569.91,95383.84,93670.3,94509.62,2025.81612971,95797.32571428572,EVALUATION,-3.354155904977674e-05
BTC-USD,2025-01-13T00:00:00Z,94507.24,95900.0,89028.64,94506.45,13094.86359481,94686.90285714285,EVALUATION,0.02146424926552637
BTC-USD,2025-01-14T00:00:00Z,94507.35,97353.29,94311.36,96534.96,11210.74226727,94628.75714285714,EVALUATION,0.0411795892389657
BTC-USD,2025-01-15T00:00:00Z,96534.97,100716.45,96400.0,100510.23,13610.74729401,95410.7,EVALUATION,-0.0052576737711176325
BTC-USD,2025-01-16T00:00:00Z,100504.27,100880.0,97277.58,99981.78,12312.37366854,96472.74857142857,EVALUATION,0.04125971752053226
BTC-USD,2025-01-17T00:00:00Z,99981.46,105970.0,99937.81,104107.0,20518.30949325,97816.43714285715,EVALUATION,0.003150604666352974
BTC-USD,2025-01-18T00:00:00Z,104107.0,104933.15,102233.45,104435.0,7835.29991824,99226.43428571429,EVALUATION,-0.03086963182840996
BTC-USD,2025-01-19T00:00:00Z,104435.01,106314.44,99518.0,101211.13,13312.63685598,100183.79285714286,EVALUATION,0.009231198189368905
BTC-USD,2025-01-20T00:00:00Z,101217.78,109358.01,99416.27,102145.43,32342.18311338,101275.07571428572,EVALUATION,0.03929524796165618
BTC-USD,2025-01-21T00:00:00Z,102145.42,107291.1,100051.0,106159.26,19411.23488978,102649.97571428571,EVALUATION,-0.023475578107835293
BTC-USD,2025-01-22T00:00:00Z,106159.27,106431.34,103100.0,103667.11,10730.018962,103100.95857142856,EVALUATION,0.0025007931638105774
BTC-USD,2025-01-23T00:00:00Z,103659.6,106870.87,101200.01,103926.36,25064.86499945,103664.47,EVALUATION,0.008890044835593303
BTC-USD,2025-01-24T00:00:00Z,103926.36,107200.0,102751.92,104850.27,12921.99361413,103770.65142857142,EVALUATION,-0.0011131111059610177
BTC-USD,2025-01-25T00:00:00Z,104866.13,105294.0,104104.0,104733.56,3404.85308291,103813.30285714286,EVALUATION,-0.020724589138381266
BTC-USD,2025-01-26T00:00:00Z,104729.92,105478.8,102452.24,102563.0,4575.36611531,104006.42714285714,EVALUATION,-0.004880707467605272
BTC-USD,2025-01-27T00:00:00Z,102565.28,103228.46,97715.03,102062.42,23647.14111877,103994.56857142856,EVALUATION,-0.007568113709237934
BTC-USD,2025-01-28T00:00:00Z,102063.92,103770.85,100213.8,101290.0,9488.53429464,103298.95999999999,EVALUATION,0.024259551782012112
BTC-USD,2025-01-29T00:00:00Z,101290.01,104829.64,101275.6,103747.25,11403.20278905,103310.40857142858,EVALUATION,0.009594374790657056
BTC-USD,2025-01-30T00:00:00Z,103747.25,106484.77,103289.74,104742.64,13061.34881233,103427.02,EVALUATION,-0.022258174894197902
BTC-USD,2025-01-31T00:00:00Z,104742.63,106090.0,101506.0,102411.26,13313.68104489,103078.59,EVALUATION,-0.017453256604791245
BTC-USD,2025-02-01T00:00:00Z,102414.05,102781.65,100250.0,100623.85,3390.25555744,102491.48857142856,EVALUATION,-0.029290570774225033
BTC-USD,2025-02-02T00:00:00Z,100623.88,101459.84,96179.0,97676.52,10366.65062753,101793.42,EVALUATION,0.03873684279497258
BTC-USD,2025-02-03T00:00:00Z,97676.53,102599.85,91178.01,101460.2,31328.72219576,101707.38857142857,EVALUATION,-0.03612401710227253
BTC-USD,2025-02-04T00:00:00Z,101460.15,101812.23,96145.76,97795.05,14168.7031661,101208.11,EVALUATION,-0.01182800151950436
BTC-USD,2025-02-05T00:00:00Z,97795.06,99230.49,96161.01,96638.33,9308.59185883,100192.55,EVALUATION,-0.000762740829648112
BTC-USD,2025-02-06T00:00:00Z,96635.62,99182.15,95674.96,96564.62,9168.94674634,99024.26142857142,EVALUATION,-0.0002851976220690222
BTC-USD,2025-02-07T00:00:00Z,96575.24,100235.79,95614.96,96537.08,12171.82534167,98185.09285714285,EVALUATION,-0.000630120571287196
BTC-USD,2025-02-08T00:00:00Z,96536.93,96919.05,95682.33,96476.25,2972.45715184,97592.57857142857,EVALUATION,-4.457055492901318e-06
BTC-USD,2025-02-09T00:00:00Z,96476.24,97342.28,94730.67,96475.82,3417.87009701,97421.05,EVALUATION,0.010039717724088737
BTC-USD,2025-02-10T00:00:00Z,96481.47,98367.23,95257.2,97444.41,6375.72539123,96847.36571428571,EVALUATION,-0.017141362957608375
BTC-USD,2025-02-11T00:00:00Z,97451.66,98500.0,94831.07,95774.08,7737.05105717,96558.65571428572,EVALUATION,0.02180600429677848
BTC-USD,2025-02-12T00:00:00Z,95770.95,98119.98,94066.92,97862.53,9078.50356189,96733.54142857142,EVALUATION,-0.01264263247639319
BTC-USD,2025-02-13T00:00:00Z,97864.28,98100.0,95220.0,96625.29,6803.6078927,96742.20857142858,EVALUATION,0.00914605275699576
BTC-USD,2025-02-14T00:00:00Z,96625.29,98890.11,96268.56,97509.03,7744.67640105,96881.05857142857,EVALUATION,0.0009015575275439502
BTC-USD,2025-02-15T00:00:00Z,97507.94,97997.85,97225.01,97596.94,1626.51929078,97041.15714285715,EVALUATION,-0.015134285972490558
BTC-USD,2025-02-16T00:00:00Z,97596.54,97738.22,96057.68,96119.88,2174.29326885,96990.30857142857,EVALUATION,-0.003517274470172027
BTC-USD,2025-02-17T00:00:00Z,96119.88,97050.64,95200.0,95781.8,3533.01273263,96752.79285714286,EVALUATION,-0.0018208052051643664
BTC-USD,2025-02-18T00:00:00Z,95781.8,96730.0,93333.0,95607.4,8867.39878431,96728.98142857142,EVALUATION,0.010717057466263169
BTC-USD,2025-02-19T00:00:00Z,95612.97,96880.0,95000.01,96632.03,6945.44897339,96553.19571428571,EVALUATION,0.017749497759697253
BTC-USD,2025-02-20T00:00:00Z,96632.03,98768.54,96419.07,98347.2,10582.84622768,96799.18285714286,EVALUATION,-0.02226977483853121
BTC-USD,2025-02-21T00:00:00Z,98347.2,99517.52,94721.92,96157.03,19298.23921958,96606.04000000001,EVALUATION,0.004420789618814203
BTC-USD,2025-02-22T00:00:00Z,96157.03,96982.52,95767.95,96582.12,7324.02366243,96461.06571428571,EVALUATION,-0.0032732766686007775
BTC-USD,2025-02-23T00:00:00Z,96578.49,96679.93,95243.91,96265.98,3787.84705335,96481.93714285715,EVALUATION,-0.04939605871149899
BTC-USD,2025-02-24T00:00:00Z,96266.23,96515.41,91300.0,91510.82,12644.0435007,95871.79714285715,EVALUATION,-0.031986162947725716
BTC-USD,2025-02-25T00:00:00Z,91509.88,92549.99,85836.18,88583.74,31587.91715546,94868.41714285714,EVALUATION,-0.050482853851056664
BTC-USD,2025-02-26T00:00:00Z,88583.17,89305.68,82111.12,84111.78,21568.55463119,93079.81,EVALUATION,0.0061039012609174215
BTC-USD,2025-02-27T00:00:00Z,84111.77,86993.87,82554.11,84625.19,16836.55524727,91119.52285714286,EVALUATION,-0.0038695334096148226
BTC-USD,2025-02-28T00:00:00Z,84627.5,85116.19,78167.81,84297.73,30755.74245077,89425.33714285714,EVALUATION,0.020416089496122947
BTC-USD,2025-03-01T00:00:00Z,84297.74,86534.96,83772.54,86018.76,6852.5441262,87916.28571428571,EVALUATION,0.09587117972870107
BTC-USD,2025-03-02T00:00:00Z,86018.82,95128.88,85003.35,94265.48,16751.22972996,87630.5,EVALUATION,-0.08597399599514044
BTC-USD,2025-03-03T00:00:00Z,94265.47,94415.61,85007.01,86161.1,22691.67068614,86866.25428571428,EVALUATION,0.012637489539943259
BTC-USD,2025-03-04T00:00:00Z,86161.09,88977.27,81444.0,87249.96,23130.37098654,86675.71428571429,EVALUATION,0.03843864226413385
BTC-USD,2025-03-05T00:00:00Z,87247.93,91000.0,86329.22,90603.73,14900.93396554,87603.13571428572,EVALUATION,-0.007525959472087895
BTC-USD,2025-03-06T00:00:00Z,90607.73,92817.29,87790.5,89921.85,13303.43744669,88359.80142857143,EVALUATION,-0.03519578389457079
BTC-USD,2025-03-07T00:00:00Z,89915.02,91280.0,84608.27,86756.98,27137.2022302,88711.12285714285,EVALUATION,-0.006342890220475517
BTC-USD,2025-03-08T00:00:00Z,86753.3,86863.38,85200.0,86206.69,3023.2478665,88737.97,EVALUATION,-0.06388738507417469
BTC-USD,2025-03-09T00:00:00Z,86206.64,86480.0,80000.0,80699.17,7565.44749561,86799.92571428571,EVALUATION,-0.026697424521218593
BTC-USD,2025-03-10T00:00:00Z,80708.21,84033.66,77389.0,78544.71,21375.10120997,85711.87,EVALUATION,0.05563455514699833
BTC-USD,2025-03-11T00:00:00Z,78548.18,83600.0,76555.0,82914.51,17096.37980265,85092.52,EVALUATION,0.008984193478318803
BTC-USD,2025-03-12T00:00:00Z,82911.81,84442.69,80572.21,83659.43,12617.220582,84100.47714285714,EVALUATION,-0.030911040154110503
BTC-USD,2025-03-13T00:00:00Z,83659.45,84310.8,79890.0,81073.43,10506.80043483,82836.41714285714,EVALUATION,0.03585712359770654
BTC-USD,2025-03-14T00:00:00Z,81071.5,85318.61,80771.17,83980.49,10857.45703924,82439.77571428572,EVALUATION,0.004417335502567399
BTC-USD,2025-03-15T00:00:00Z,83989.86,84690.43,83612.24,84351.46,2331.92028578,82174.74285714286,EVALUATION,-0.02120757601587453
BTC-USD,2025-03-16T00:00:00Z,84351.45,85092.35,81969.44,82562.57,4059.89765099,82440.94285714286,EVALUATION,0.01754826672667753
BTC-USD,2025-03-17T00:00:00Z,82562.5,84758.46,82416.98,84011.4,7785.97733364,83221.89857142857,EVALUATION,-0.0156245461925405
BTC-USD,2025-03-18T00:00:00Z,84011.39,84029.67,81125.0,82698.76,7316.63296603,83191.07714285715,EVALUATION,0.050535219633281114
BTC-USD,2025-03-19T00:00:00Z,82699.53,87045.45,82535.53,86877.96,13056.03519886,83650.86714285714,EVALUATION,-0.031015231020617984
BTC-USD,2025-03-20T00:00:00Z,86877.97,87492.87,83596.75,84183.42,9880.31696275,84095.15142857144,EVALUATION,-0.0014428019199028697
BTC-USD,2025-03-21T00:00:00Z,84183.41,84809.72,83100.0,84061.96,6257.63558757,84106.79000000001,EVALUATION,-0.002497324592479311
BTC-USD,2025-03-22T00:00:00Z,84061.96,84517.75,83659.69,83852.03,2108.51345069,84035.44285714286,EVALUATION,0.02672457661430494
BTC-USD,2025-03-23T00:00:00Z,83852.06,86128.99,83804.67,86092.94,3467.46945277,84539.78142857143,EVALUATION,0.016617855076153765
BTC-USD,2025-03-24T00:00:00Z,86092.95,88804.64,85533.06,87523.62,13107.50391644,85041.52714285714,EVALUATION,-0.001093876144519501
BTC-USD,2025-03-25T00:00:00Z,87518.09,88584.34,86321.97,87427.88,10153.98312373,85717.11571428571,EVALUATION,-0.00574038853509895
BTC-USD,2025-03-26T00:00:00Z,87432.82,88304.1,85850.0,86926.01,6885.71986041,85723.98,EVALUATION,0.0033530815460183216
BTC-USD,2025-03-27T00:00:00Z,86926.01,87790.12,85784.0,87217.48,6904.09386105,86157.41714285714,EVALUATION,-0.03251274859122266
BTC-USD,2025-03-28T00:00:00Z,87214.07,87498.15,83533.4,84381.8,10031.80008987,86203.10857142857,EVALUATION,-0.020916477249833476
BTC-USD,2025-03-29T00:00:00Z,84381.81,84584.13,81608.99,82616.83,3194.24303663,86026.65142857144,EVALUATION,-0.002866849284824946
BTC-USD,2025-03-30T00:00:00Z,82624.06,83508.98,81538.88,82379.98,2472.72302228,85496.22857142857,EVALUATION,0.0018735134434362255
BTC-USD,2025-03-31T00:00:00Z,82379.98,83920.8,81265.16,82534.32,6887.94694226,84783.47142857143,EVALUATION,0.031938834656903836
BTC-USD,2025-04-01T00:00:00Z,82534.31,85566.53,82403.32,85170.37,9130.97692565,84460.97,EVALUATION,-0.031469747049355234
BTC-USD,2025-04-02T00:00:00Z,85166.92,88530.0,82283.01,82490.08,16748.28262337,83827.26571428572,EVALUATION,0.008294936797248909
BTC-USD,2025-04-03T00:00:00Z,82490.1,83953.45,81177.7,83174.33,11800.91106566,83249.67285714285,EVALUATION,0.008245693112286068
BTC-USD,2025-04-04T00:00:00Z,83178.68,84720.67,81643.54,83860.16,14593.03092888,83175.15285714286,EVALUATION,-0.004315636888839736
BTC-USD,2025-04-05T00:00:00Z,83859.78,84238.35,82346.61,83498.25,2836.42920662,83301.07,EVALUATION,-0.061408472632659916
BTC-USD,2025-04-06T00:00:00Z,83505.88,83773.58,77058.99,78370.75,11014.8594773,82728.32285714286,EVALUATION,0.0098156518854291
BTC-USD,2025-04-07T00:00:00Z,78370.15,81223.67,74420.69,79140.01,26706.52930797,82243.42142857143,EVALUATION,-0.036496962787848974
BTC-USD,2025-04-08T00:00:00Z,79140.02,80849.98,76167.35,76251.64,14917.02351692,80969.31714285715,EVALUATION,0.08318653867641412
BTC-USD,2025-04-09T00:00:00Z,76258.8,83583.35,74553.01,82594.75,23584.94464084,80984.27,EVALUATION,-0.03683539208000508
BTC-USD,2025-04-10T00:00:00Z,82593.15,82730.93,78387.24,79552.34,11876.12778689,80466.84285714285,EVALUATION,0.048120897512254235
BTC-USD,2025-04-11T00:00:00Z,79552.34,84299.0,78919.94,83380.47,9964.68703141,80398.31571428571,EVALUATION,0.022673654873857085
BTC-USD,2025-04-12T00:00:00Z,83379.64,85909.97,82765.26,85271.01,3972.49282052,80651.56714285714,EVALUATION,-0.018035906927805656
BTC-USD,2025-04-13T00:00:00Z,85271.02,86092.99,83010.0,83733.07,3904.15929557,81417.61285714286,EVALUATION,0.010238368185950808
BTC-USD,2025-04-14T00:00:00Z,83733.07,85818.06,83655.27,84590.36,7247.02343319,82196.23428571428,EVALUATION,-0.011355667477949027
BTC-USD,2025-04-15T00:00:00Z,84590.36,86491.4,83592.77,83629.78,6461.77024421,83250.25428571428,EVALUATION,0.0047703102889904425
BTC-USD,2025-04-16T00:00:00Z,83622.52,85526.4,83088.02,84028.72,8246.73748903,83455.10714285714,EVALUATION,0.011106321743327818
BTC-USD,2025-04-17T00:00:00Z,84028.71,85494.94,83711.69,84961.97,5865.70077325,84227.91142857143,EVALUATION,-0.0058320210795488325
BTC-USD,2025-04-18T00:00:00Z,84961.97,85150.94,84287.06,84466.47,1884.07668707,84383.05428571429,EVALUATION,0.007204278810278186
BTC-USD,2025-04-19T00:00:00Z,84466.47,85625.0,84353.45,85074.99,1683.30746873,84355.05142857143,EVALUATION,0.0012030562683580381
BTC-USD,2025-04-20T00:00:00Z,85074.59,85319.21,83972.82,85177.34,1812.14325365,84561.37571428572,EVALUATION,0.027527626479061373
BTC-USD,2025-04-21T00:00:00Z,85177.33,88575.62,85135.98,87522.07,12603.75828155,84980.19142857143,EVALUATION,0.0681774322750821
BTC-USD,2025-04-22T00:00:00Z,87513.53,93952.62,87077.17,93489.1,19460.09432868,86388.66571428571,EVALUATION,0.002693576042554602
BTC-USD,2025-04-23T00:00:00Z,93486.57,94686.0,91902.19,93740.92,12538.32136507,87776.12285714287,EVALUATION,0.0029980503711719564
BTC-USD,2025-04-24T00:00:00Z,93740.93,94061.02,91685.18,94021.96,9320.8086182,89070.40714285715,EVALUATION,0.007304995556357108
BTC-USD,2025-04-25T00:00:00Z,94021.97,95976.34,92880.01,94708.79,14148.6339475,90533.59571428572,EVALUATION,-0.0004450484479845418
BTC-USD,2025-04-26T00:00:00Z,94707.79,95273.52,93903.01,94666.64,2253.98942317,91903.83142857143,EVALUATION,-0.009359897002787831
BTC-USD,2025-04-27T00:00:00Z,94666.64,95351.11,93654.77,93780.57,2304.93789541,93132.86428571428,EVALUATION,0.013456945292612321
BTC-USD,2025-04-28T00:00:00Z,93780.56,95652.66,92829.44,95042.57,7348.4883725,94207.22142857143,EVALUATION,-0.00811720474309574
BTC-USD,2025-04-29T00:00:00Z,95042.56,95499.0,93761.26,94271.09,5979.94472886,94318.93428571429,EVALUATION,-0.0009393123597064568
BTC-USD,2025-04-30T00:00:00Z,94271.08,95263.74,92911.88,94182.54,6511.31778605,94382.02285714286,EVALUATION,0.024871276565698874
BTC-USD,2025-05-01T00:00:00Z,94182.55,97546.99,94136.79,96524.98,8334.02681063,94739.59714285714,EVALUATION,0.004194043863049668
BTC-USD,2025-05-02T00:00:00Z,96524.98,97948.56,96369.69,96929.81,5709.61012071,95056.88571428572,EVALUATION,-0.011023234235164603
BTC-USD,2025-05-03T00:00:00Z,96929.81,96974.78,95765.13,95861.33,2077.55675998,95227.55571428571,EVALUATION,-0.016573732077366343
BTC-USD,2025-05-04T00:00:00Z,95865.47,96312.51,94151.67,94272.55,2834.39686495,95297.83857142857,EVALUATION,0.004894744016153085
BTC-USD,2025-05-05T00:00:00Z,94272.54,95218.82,93500.01,94733.99,5181.01206583,95253.75571428571,EVALUATION,0.022222013450504896
BTC-USD,2025-05-06T00:00:00Z,94733.99,96916.25,93363.28,96839.17,6164.34738969,95620.62428571428,EVALUATION,0.002263030548485867
BTC-USD,2025-05-07T00:00:00Z,96843.84,97738.05,95800.0,97058.32,8328.69875473,96031.45,EVALUATION,0.06382935538138312
BTC-USD,2025-05-08T00:00:00Z,97058.33,104176.05,96888.25,103253.49,15379.43544074,96992.66571428571,EVALUATION,-0.0025813171060852236
BTC-USD,2025-05-09T00:00:00Z,103252.2,104352.6,102330.76,102986.96,7318.60440182,97857.97285714286,EVALUATION,0.017810313072645245
BTC-USD,2025-05-10T00:00:00Z,102986.94,104997.0,102831.41,104821.19,3104.17143581,99137.95285714285,EVALUATION,-0.006521295932625848
BTC-USD,2025-05-11T00:00:00Z,104817.83,104980.89,103360.22,104137.62,3055.22813204,100547.24857142857,EVALUATION,-0.012842717165996165
BTC-USD,2025-05-12T00:00:00Z,104137.58,105787.37,100703.71,102800.21,11005.40673978,101699.56571428571,EVALUATION,0.012945985227072798
BTC-USD,2025-05-13T00:00:00Z,102800.22,105038.53,101447.78,104131.06,8727.89105836,102741.2642857143,EVALUATION,-0.005624450572192297
BTC-USD,2025-05-14T00:00:00Z,104131.2,104373.0,102603.27,103545.38,7628.70177301,103667.98714285715,EVALUATION,0.002327964801519755
BTC-USD,2025-05-15T00:00:00Z,103540.91,104200.0,101400.01,103786.43,7563.00946962,103744.12142857142,EVALUATION,-0.002759512972938749
BTC-USD,2025-05-16T00:00:00Z,103786.4,104616.71,103125.51,103500.03,6881.65708111,103817.41714285714,EVALUATION,-0.0032749748961424796
BTC-USD,2025-05-17T00:00:00Z,103500.03,103741.98,102612.0,103161.07,1848.95251021,103580.25714285714,EVALUATION,0.03210891472917066
BTC-USD,2025-05-18T00:00:00Z,103162.53,106692.97,103130.95,106473.46,4130.60889099,103913.94857142857,EVALUATION,-0.008051583934625683
BTC-USD,2025-05-19T00:00:00Z,106488.77,107137.68,102105.0,105616.18,10104.32339011,104316.23,EVALUATION,0.011996836090834018
BTC-USD,2025-05-20T00:00:00Z,105616.21,107355.0,104209.18,106883.24,8804.38724819,104709.39857142858,EVALUATION,0.026349313512576744
BTC-USD,2025-05-21T00:00:00Z,106883.24,110788.98,106128.14,109699.54,18333.91491262,105588.56428571428,EVALUATION,0.018441189452572004
BTC-USD,2025-05-22T00:00:00Z,109697.19,112000.0,109217.23,111722.53,11250.38756124,106722.29285714286,EVALUATION,-0.039319911570208754
BTC-USD,2025-05-23T00:00:00Z,111722.54,111824.07,106800.01,107329.61,9638.23489571,107269.37571428572,EVALUATION,0.004326858170825343
BTC-USD,2025-05-24T00:00:00Z,107332.08,109517.79,106895.77,107794.01,2611.3560546,107931.22428571428,EVALUATION,0.01163951503427696
BTC-USD,2025-05-25T00:00:00Z,107794.01,109371.04,106632.35,109048.68,2996.9984274,108299.11285714286,EVALUATION,0.0038115087683776583
BTC-USD,2025-05-26T00:00:00Z,109048.41,110474.41,108706.04,109464.32,4641.38117417,108848.84714285714,EVALUATION,-0.004438523895274771
BTC-USD,2025-05-27T00:00:00Z,109464.33,110829.42,107536.41,108978.46,8827.06917845,109148.16428571429,EVALUATION,-0.01063668912186877
BTC-USD,2025-05-28T00:00:00Z,108978.45,109344.89,106790.16,107819.29,6474.20131287,108879.55714285714,EVALUATION,-0.020837736920730876
BTC-USD,2025-05-29T00:00:00Z,107819.26,108943.35,105315.0,105572.58,9305.58410478,108000.99285714286,EVALUATION,-0.014580679945493502
BTC-USD,2025-05-30T00:00:00Z,105572.58,106377.66,103634.48,104033.26,7866.16241154,107530.08571428571,EVALUATION,0.005888597550437247
BTC-USD,2025-05-31T00:00:00Z,104033.0,104965.5,103110.01,104645.87,2403.60824408,107080.35142857143,EVALUATION,0.01005362180084135
BTC-USD,2025-06-01T00:00:00Z,104645.87,105937.46,103800.81,105697.94,2369.92891564,106601.67428571428,EVALUATION,0.001958410920780418
BTC-USD,2025-06-02T00:00:00Z,105697.93,106000.0,103685.23,105904.94,5818.90812007,106093.19142857143,EVALUATION,-0.004316323676685885
BTC-USD,2025-06-03T00:00:00Z,105909.79,106901.68,104910.01,105447.82,6486.4597778,105588.81428571428,EVALUATION,-0.006585626900584618
BTC-USD,2025-06-04T00:00:00Z,105443.95,106058.47,104202.0,104753.38,4505.03599201,105150.82714285715,EVALUATION,-0.030387372703391646
BTC-USD,2025-06-05T00:00:00Z,104753.37,105999.68,100345.73,101570.2,10627.57339852,104579.05857142857,EVALUATION,0.027840744627853464
BTC-USD,2025-06-06T00:00:00Z,101570.2,105439.01,101132.91,104397.99,9677.25748525,104631.16285714286,EVALUATION,0.011695914835141874
BTC-USD,2025-06-07T00:00:00Z,104398.0,106000.0,103969.7,105619.02,4141.10124271,104770.18428571429,EVALUATION,0.0015658164599519075
BTC-USD,2025-06-08T00:00:00Z,105619.02,106548.9,105028.3,105784.4,1998.61011035,104782.53571428571,EVALUATION,0.042697694556097066
BTC-USD,2025-06-09T00:00:00Z,105784.41,110651.12,105368.27,110301.15,6581.24781856,105410.56571428571,EVALUATION,-8.25014063754459e-06
BTC-USD,2025-06-10T00:00:00Z,110299.69,110420.08,108362.14,110300.24,5433.6716937,106103.76857142858,EVALUATION,-0.01478573392043403
BTC-USD,2025-06-11T00:00:00Z,110300.25,110435.05,108091.74,108669.37,4603.3324446,106663.19571428571,EVALUATION,-0.027131104192469224
BTC-USD,2025-06-12T00:00:00Z,108673.77,108853.74,105706.78,105721.05,5734.67136139,107256.17428571428,EVALUATION,0.0037613133808260812
BTC-USD,2025-06-13T00:00:00Z,105716.45,106233.0,102746.01,106118.7,7441.52465913,107501.98999999999,EVALUATION,-0.006156125169268001
BTC-USD,2025-06-14T00:00:00Z,106114.53,106264.36,104351.72,105465.42,2256.48702523,107480.04714285713,EVALUATION,0.0012689467315447622
BTC-USD,2025-06-15T00:00:00Z,105465.42,106184.13,104505.05,105599.25,1722.80945227,107453.59714285714,EVALUATION,0.011876315409437233
BTC-USD,2025-06-16T00:00:00Z,105600.21,109000.0,104982.26,106853.38,5952.98369341,106961.05857142857,EVALUATION,-0.02117799174906776
BTC-USD,2025-06-17T00:00:00Z,106853.38,107792.9,103363.3,104590.44,7688.94642443,106145.37285714285,EVALUATION,0.0031088883458183503
BTC-USD,2025-06-18T00:00:00Z,104590.44,105603.63,103512.38,104915.6,4918.14382744,105609.12,EVALUATION,-0.002322819485376937
BTC-USD,2025-06-19T00:00:00Z,104915.6,105266.61,103916.37,104671.9,2279.05842007,105459.24142857143,EVALUATION,-0.01293661431578097
BTC-USD,2025-06-20T00:00:00Z,104671.4,106553.86,102357.25,103317.8,5047.63626176,105059.11285714286,EVALUATION,-0.011205910307807598
BTC-USD,2025-06-21T00:00:00Z,103317.79,104013.64,100919.19,102160.03,3287.51327489,104586.91428571429,EVALUATION,-0.011385666194498989
BTC-USD,2025-06-22T00:00:00Z,102160.36,103417.0,98225.01,100996.87,7872.25874446,103929.43142857144,EVALUATION,0.043788683748318125
BTC-USD,2025-06-23T00:00:00Z,100996.87,106135.47,99677.07,105419.39,8910.86676597,103724.57571428572,EVALUATION,0.006845135415790127
BTC-USD,2025-06-24T00:00:00Z,105418.4,106366.29,104681.83,106141.0,5773.20907668,103946.08428571429,EVALUATION,0.01186365306526227
BTC-USD,2025-06-25T00:00:00Z,106141.01,108206.0,105875.0,107400.22,7072.65636297,104301.03,EVALUATION,-0.0034504584813699335
BTC-USD,2025-06-26T00:00:00Z,107400.22,108345.0,106605.88,107029.64,4900.22231656,104637.85,EVALUATION,0.0007824000902927342
BTC-USD,2025-06-27T00:00:00Z,107029.63,107804.2,106413.79,107113.38,6310.43715745,105180.07571428572,EVALUATION,0.002229600074239002
BTC-USD,2025-06-28T00:00:00Z,107119.17,107599.81,106868.94,107352.2,1227.76803255,105921.81428571428,EVALUATION,0.009634082953120737
BTC-USD,2025-06-29T00:00:00Z,107352.2,108550.0,107230.0,108386.44,2154.86170312,106977.46714285715,EVALUATION,-0.011193558899065148
BTC-USD,2025-06-30T00:00:00Z,108386.44,108800.0,106724.76,107173.21,4839.04838063,107228.01285714286,EVALUATION,-0.01363615030286025
BTC-USD,2025-07-01T00:00:00Z,107173.21,107579.3,105262.0,105711.78,5152.72760186,107166.69571428571,EVALUATION,0.030049063595372294
BTC-USD,2025-07-02T00:00:00Z,105711.77,109823.08,105119.7,108888.32,7995.79258367,107379.28142857143,EVALUATION,0.006800637570677948
BTC-USD,2025-07-03T00:00:00Z,108887.03,110590.0,108574.31,109628.83,6434.57921608,107750.5942857143,EVALUATION,-0.014596799035436203
BTC-USD,2025-07-04T00:00:00Z,109628.83,109812.94,107268.84,108028.6,3129.21859997,107881.34,EVALUATION,0.00201844696682163
BTC-USD,2025-07-05T00:00:00Z,108028.6,108454.19,107783.1,108246.65,1513.15428554,108009.11857142858,EVALUATION,0.00897330309991129
BTC-USD,2025-07-06T00:00:00Z,108246.66,109736.64,107837.7,109217.98,1651.18120197,108127.91,EVALUATION,-0.008681171360246709
BTC-USD,2025-07-07T00:00:00Z,109217.98,109741.64,107507.0,108269.84,4455.08353019,108284.57142857142,EVALUATION,0.006356340787055714
BTC-USD,2025-07-08T00:00:00Z,108271.49,109255.99,107438.33,108958.04,3785.3907416,108748.32285714286,EVALUATION,0.02133674577846678
BTC-USD,2025-07-09T00:00:00Z,108953.58,112152.91,108329.87,111282.85,7683.83239574,109090.39857142857,EVALUATION,0.042670096964626536
BTC-USD,2025-07-10T00:00:00Z,111282.84,116842.0,110541.87,116031.3,12920.20742934,110005.03714285714,EVALUATION,0.013365876276487443
BTC-USD,2025-07-11T00:00:00Z,116031.29,118909.74,115211.74,117582.16,10116.886206,111369.83142857143,EVALUATION,-0.0009313487692351741
BTC-USD,2025-07-12T00:00:00Z,117582.16,118244.51,116940.82,117472.65,2397.72381256,112687.83142857143,EVALUATION,0.014115285557957602
BTC-USD,2025-07-13T00:00:00Z,117472.65,119500.0,117238.69,119130.81,3461.0430314,114103.95,EVALUATION,0.0061520609152243555
BTC-USD,2025-07-14T00:00:00Z,119130.81,123231.07,118949.18,119863.71,13536.79954839,115760.21714285715,EVALUATION,-0.017370311664806737
BTC-USD,2025-07-15T00:00:00Z,119863.71,119973.3,115697.37,117781.64,23726.31356081,117020.73142857144,EVALUATION,0.007641598469846356
BTC-USD,2025-07-16T00:00:00Z,117781.63,120134.8,117033.23,118681.68,9250.98642597,118077.70714285714,EVALUATION,0.004988217221057356
BTC-USD,2025-07-17T00:00:00Z,118681.67,120998.76,117469.0,119273.69,8360.35130892,118540.9057142857,EVALUATION,-0.010485464145529533
BTC-USD,2025-07-18T00:00:00Z,119273.7,120918.68,116892.42,118023.05,8735.40386401,118603.89,EVALUATION,-0.0009225316580109277
BTC-USD,2025-07-19T00:00:00Z,118023.06,118564.59,117337.59,117914.17,1700.0997198,118666.96428571429,EVALUATION,-0.005100913656094108
BTC-USD,2025-07-20T00:00:00Z,117914.17,118921.76,116525.0,117312.7,2504.59032125,118407.23428571428,EVALUATION,0.0009895774285306747
BTC-USD,2025-07-21T00:00:00Z,117315.68,119745.93,116565.01,117428.79,5450.55450292,118059.38857142857,EVALUATION,0.022120895565729715
BTC-USD,2025-07-22T00:00:00Z,117428.79,120300.0,116185.0,120026.42,7564.58852928,118380.07142857142,EVALUATION,-0.010130936172219385
BTC-USD,2025-07-23T00:00:00Z,120034.21,120180.93,117342.21,118810.44,5526.13819924,118398.46571428572,EVALUATION,-0.003479492206240553
BTC-USD,2025-07-24T00:00:00Z,118810.44,119557.7,117190.0,118397.04,7137.01277011,118273.23000000001,EVALUATION,-0.006450921408170274
BTC-USD,2025-07-25T00:00:00Z,118400.0,118518.2,114750.0,117633.27,24633.33644271,118217.54714285715,EVALUATION,0.0028593951354067837
BTC-USD,2025-07-26T00:00:00Z,117633.27,118371.35,117095.73,117969.63,6974.42930567,118225.47,EVALUATION,0.01268029746299959
BTC-USD,2025-07-27T00:00:00Z,117981.73,119800.0,117849.99,119465.52,4999.42180703,118533.01571428572,EVALUATION,-0.011676423456743024
BTC-USD,2025-07-28T00:00:00Z,119465.52,119839.0,117380.6,118070.59,7647.38438521,118624.70142857144,EVALUATION,-0.0011620167223691524
BTC-USD,2025-07-29T00:00:00Z,118074.43,119284.78,116900.0,117933.39,6070.86335715,118325.69714285716,EVALUATION,-0.0008754094154336256
BTC-USD,2025-07-30T00:00:00Z,117933.39,118809.43,115728.49,117830.15,4647.7410138,118185.65571428572,EVALUATION,-0.017559342833731395
BTC-USD,2025-07-31T00:00:00Z,117830.15,118920.0,115500.0,115761.13,4647.6521388,117809.09714285715,EVALUATION,-0.021703312674988595
BTC-USD,2025-08-01T00:00:00Z,115756.12,116065.12,112659.0,113248.73,9196.58441635,117182.73428571428,EVALUATION,-0.006233977193386586
BTC-USD,2025-08-02T00:00:00Z,113248.83,114023.58,112000.0,112542.74,2946.5811158,116407.46428571429,EVALUATION,0.014865374701202416
BTC-USD,2025-08-03T00:00:00Z,112542.75,114794.99,111903.68,114215.73,2212.37278435,115657.49428571429,EVALUATION,0.007320532819778958
BTC-USD,2025-08-04T00:00:00Z,114215.7,115756.06,114118.18,115051.85,4655.53866243,115226.24571428572,EVALUATION,-0.008160668429060491
BTC-USD,2025-08-05T00:00:00Z,115056.14,115112.75,112622.14,114112.95,4943.38930608,114680.46857142857,EVALUATION,0.008026082929238232
BTC-USD,2025-08-06T00:00:00Z,114112.95,115749.99,113347.87,115028.83,4481.39474697,114280.28,EVALUATION,0.021617710968632853
BTC-USD,2025-08-07T00:00:00Z,115028.83,117687.0,114268.6,117515.49,5804.23960803,114530.90285714285,EVALUATION,-0.007077364864836233
BTC-USD,2025-08-08T00:00:00Z,117515.69,117687.0,115800.0,116683.79,4870.3042426,115021.6257142857,EVALUATION,-0.001639302254409114
BTC-USD,2025-08-09T00:00:00Z,116683.79,117937.89,116343.34,116492.51,2586.17129292,115585.87857142856,EVALUATION,0.02418061041005992
BTC-USD,2025-08-10T00:00:00Z,116492.5,119324.08,116480.0,119309.37,2850.61404026,116313.54142857142,EVALUATION,-0.005092056055614025
BTC-USD,2025-08-11T00:00:00Z,119309.37,122319.14,118050.0,118701.84,7220.80819945,116834.96857142857,EVALUATION,0.011889790419423951
BTC-USD,2025-08-12T00:00:00Z,118701.83,120327.0,118190.81,120113.18,4615.45835079,117692.14428571428,EVALUATION,0.027078210734242658
BTC-USD,2025-08-13T00:00:00Z,120109.04,123740.24,118931.34,123365.63,8512.8860955,118883.11571428571,EVALUATION,-0.04033408656852
BTC-USD,2025-08-14T00:00:00Z,123365.63,124533.0,117208.97,118389.79,10154.04939662,119008.0157142857,EVALUATION,-0.008048244700830987
BTC-USD,2025-08-15T00:00:00Z,118389.79,119339.57,116859.32,117436.96,4990.799358,119115.61142857143,EVALUATION,0.00015940467123787272
BTC-USD,2025-08-16T00:00:00Z,117436.95,118028.68,117222.01,117455.68,1781.69438526,119253.20714285714,EVALUATION,0.00028027593046164867
BTC-USD,2025-08-17T00:00:00Z,117455.69,118641.6,117249.49,117488.6,2021.61751952,118993.09714285714,EVALUATION,-0.010229418003108504
BTC-USD,2025-08-18T00:00:00Z,117488.59,117633.8,114703.26,116286.76,6762.85366719,118648.08571428571,EVALUATION,-0.029500950925109515
BTC-USD,2025-08-19T00:00:00Z,116286.75,116792.87,112696.56,112856.19,7918.58452813,117611.37285714285,EVALUATION,0.01258070115604637
BTC-USD,2025-08-20T00:00:00Z,112853.66,114627.37,112344.11,114276.0,5764.27605073,116312.85428571429,EVALUATION,-0.0157137106654065
BTC-USD,2025-08-21T00:00:00Z,114276.0,114812.0,111964.0,112480.3,6033.74435365,115468.64142857143,EVALUATION,0.03937027194984366
BTC-USD,2025-08-22T00:00:00Z,112480.29,117416.73,111649.75,116908.68,8547.72089091,115393.17285714285,EVALUATION,-0.01304274413157347
BTC-USD,2025-08-23T00:00:00Z,116911.9,116999.03,114505.0,115383.87,2245.41925268,115097.2,EVALUATION,-0.01651764670399769
BTC-USD,2025-08-24T00:00:00Z,115383.87,115616.53,110635.0,113478.0,4602.76322486,114524.25714285714,EVALUATION,-0.029523431854632576
BTC-USD,2025-08-25T00:00:00Z,113478.0,113645.32,109275.74,110127.74,8509.20658676,113644.39714285714,EVALUATION,0.015075856455421643
BTC-USD,2025-08-26T00:00:00Z,110127.74,112399.99,108670.0,111788.01,7735.56524843,113491.8,EVALUATION,-0.004784055105730878
BTC-USD,2025-08-27T00:00:00Z,111788.04,112683.39,110351.11,111253.21,5151.42127925,113059.97285714286,EVALUATION,0.011879567340124408
BTC-USD,2025-08-28T00:00:00Z,111253.22,113480.0,110858.78,112574.85,4637.29182209,113073.48,EVALUATION,-0.037277686801270415
BTC-USD,2025-08-29T00:00:00Z,112574.84,112642.53,107469.13,108378.32,7806.0938333,111854.85714285714,EVALUATION,0.004148523431623419
BTC-USD,2025-08-30T00:00:00Z,108378.32,108928.79,107369.69,108827.93,2828.67461609,110918.29428571428,EVALUATION,-0.005329330439345803
BTC-USD,2025-08-31T00:00:00Z,108827.92,109489.79,108060.79,108247.95,2702.50957636,110171.14428571428,EVALUATION,0.009169688663849929
BTC-USD,2025-09-01T00:00:00Z,108247.95,109907.51,107250.0,109240.55,5396.96365977,110044.40285714285,EVALUATION,0.018375868667816153
BTC-USD,2025-09-02T00:00:00Z,109240.55,111801.86,108400.0,111247.94,7398.40595759,109967.25,EVALUATION,0.0045706014870927625
BTC-USD,2025-09-03T00:00:00Z,111247.94,112600.0,110533.77,111756.41,5205.45031255,110039.13571428572,EVALUATION,-0.009266761521777633
BTC-USD,2025-09-04T00:00:00Z,111756.4,112235.6,109321.0,110720.79,5253.71408228,109774.27,EVALUATION,-0.000458540803402796
BTC-USD,2025-09-05T00:00:00Z,110714.48,113390.0,110202.36,110670.02,7218.59124481,110101.6557142857,EVALUATION,-0.0041331880124355624
BTC-USD,2025-09-06T00:00:00Z,110670.02,111317.65,109993.0,110212.6,1621.65017738,110299.46571428572,EVALUATION,0.008320373532608727
BTC-USD,2025-09-07T00:00:00Z,110214.21,111600.0,110200.01,111129.61,1646.11764246,110711.13142857143,EVALUATION,0.008485227294507736
BTC-USD,2025-09-08T00:00:00Z,111120.38,112940.84,110600.0,112072.57,5158.43294831,111115.70571428572,EVALUATION,-0.004668849835423594
BTC-USD,2025-09-09T00:00:00Z,112072.57,113292.96,110765.72,111549.32,5158.45733241,111158.76000000001,EVALUATION,0.021825771775211056
BTC-USD,2025-09-10T00:00:00Z,111546.61,114362.1,110919.55,113983.97,7249.99346721,111476.98285714287,EVALUATION,0.013651305530067104
BTC-USD,2025-09-11T00:00:00Z,113983.98,115554.53,113433.92,115540.0,5575.3607407,112165.44142857143,EVALUATION,0.004898996018694923
BTC-USD,2025-09-12T00:00:00Z,115540.01,116833.25,114774.19,116106.03,6493.57632751,112942.0142857143,EVALUATION,-0.0011858126576198558
BTC-USD,2025-09-13T00:00:00Z,116106.03,116378.04,115177.53,115968.35,2173.49651785,113764.2642857143,EVALUATION,-0.00564136680395988
BTC-USD,2025-09-14T00:00:00Z,115968.33,116226.61,115166.0,115314.13,1967.88683794,114362.05285714286,EVALUATION,0.0005805879990596896
BTC-USD,2025-09-15T00:00:00Z,115314.12,116802.0,114395.84,115381.08,6142.67859527,114834.69714285716,EVALUATION,0.01257987878081912
BTC-USD,2025-09-16T00:00:00Z,115381.07,117000.0,114750.0,116832.56,6012.58313417,115589.44571428571,EVALUATION,-0.0029799911942356427
BTC-USD,2025-09-17T00:00:00Z,116832.56,117327.24,114724.57,116484.4,7151.30033814,115946.65000000001,EVALUATION,0.005439269121015444
BTC-USD,2025-09-18T00:00:00Z,116484.4,117998.17,116125.08,117117.99,7140.41942024,116172.07714285715,EVALUATION,-0.01218805069998219
BTC-USD,2025-09-19T00:00:00Z,117117.99,117516.36,115132.71,115690.55,5874.11552075,116112.72285714286,EVALUATION,0.0005346158350876262
BTC-USD,2025-09-20T00:00:00Z,115690.55,116194.63,115463.22,115752.4,2830.8502542,116081.87285714287,EVALUATION,-0.004061514059319649
BTC-USD,2025-09-21T00:00:00Z,115752.9,115900.02,115237.16,115282.27,2071.01892785,116077.32142857143,EVALUATION,-0.022082146716923656
BTC-USD,2025-09-22T00:00:00Z,115282.26,115441.37,111761.22,112736.59,8494.39097785,115699.53714285714,EVALUATION,-0.00638106935822691
BTC-USD,2025-09-23T00:00:00Z,112736.59,113357.0,111502.08,112017.21,4512.04618772,115011.63,EVALUATION,0.011881745671044497
BTC-USD,2025-09-24T00:00:00Z,112017.21,113999.98,111066.07,113348.17,4932.88303511,114563.59714285715,EVALUATION,-0.03804604873638451
BTC-USD,2025-09-25T00:00:00Z,113348.16,113561.35,108623.7,109035.72,9197.26639402,113408.98714285714,EVALUATION,0.00606746119528534
BTC-USD,2025-09-26T00:00:00Z,109036.0,110369.99,108645.02,109697.29,6826.16968974,112552.80714285714,EVALUATION,-0.0001470410071204853
BTC-USD,2025-09-27T00:00:00Z,109697.29,109815.08,109116.0,109681.16,1950.48703402,111685.48714285714,EVALUATION,0.02294386747915489
BTC-USD,2025-09-28T00:00:00Z,109681.15,112385.84,109230.98,112197.67,2397.09714427,111244.83,EVALUATION,0.019317691713205853
BTC-USD,2025-09-29T00:00:00Z,112197.66,114490.0,111582.65,114365.07,5553.41779958,111477.47,EVALUATION,-0.00260009459181898
BTC-USD,2025-09-30T00:00:00Z,114361.66,114850.0,112695.85,114067.71,5044.09158186,111770.39857142857,EVALUATION,0.0402590706870507
BTC-USD,2025-10-01T00:00:00Z,114067.71,118718.8,113975.5,118659.97,9687.1228881,112529.22714285714,EVALUATION,0.01652916312046937
BTC-USD,2025-10-02T00:00:00Z,118662.72,121111.0,118336.01,120621.32,8816.90252269,114184.31285714285,EVALUATION,0.014069486223496686
BTC-USD,2025-10-03T00:00:00Z,120621.33,123996.81,119327.83,122318.4,11835.08733617,115987.32857142857,EVALUATION,0.001145861947180471
BTC-USD,2025-10-04T00:00:00Z,122318.39,122896.0,121572.64,122458.56,2705.28818527,117812.67142857143,EVALUATION,0.008674199663951665
BTC-USD,2025-10-05T00:00:00Z,122458.55,125750.0,122195.28,123520.79,5820.77013157,119430.26,EVALUATION,0.009709296710294746
BTC-USD,2025-10-06T00:00:00Z,123520.8,126296.0,123115.77,124720.09,9135.3086452,120909.54857142858,EVALUATION,-0.026668838997790933
BTC-USD,2025-10-07T00:00:00Z,124723.57,125226.34,120636.0,121393.95,8699.84065383,121956.15428571428,EVALUATION,0.016057637139247793
BTC-USD,2025-10-08T00:00:00Z,121393.96,124254.31,121090.06,123343.25,6727.94848453,122625.19428571429,EVALUATION,-0.013204938251586529
BTC-USD,2025-10-09T00:00:00Z,123343.24,123822.08,119713.65,121714.51,6980.15210285,122781.36428571428,EVALUATION,-0.07175997340004903
BTC-USD,2025-10-10T00:00:00Z,121714.51,122600.0,107000.0,112980.28,22432.34375511,121447.34714285714,EVALUATION,-0.019573238798841652
BTC-USD,2025-10-11T00:00:00Z,112976.01,113439.99,109683.96,110768.89,10041.88198008,119777.39428571428,EVALUATION,0.038811348565468196
BTC-USD,2025-10-12T00:00:00Z,110768.9,115847.0,109687.46,115067.98,9699.03564495,118569.85,EVALUATION,0.0017906806046303902
BTC-USD,2025-10-13T00:00:00Z,115067.96,116077.51,113700.27,115274.03,8147.76104518,117220.41285714286,EVALUATION,-0.019137267951853554
BTC-USD,2025-10-14T00:00:00Z,115274.03,115514.91,109945.86,113068.0,11955.35437582,116030.99142857143,EVALUATION,-0.020022287473025147
BTC-USD,2025-10-15T00:00:00Z,113072.18,113671.99,110185.87,110804.12,7440.03782479,114239.68714285715,EVALUATION,-0.023520064055379875
BTC-USD,2025-10-16T00:00:00Z,110804.11,112021.07,107464.53,108198.0,14792.78754529,112308.75714285714,EVALUATION,-0.016032643856633166
BTC-USD,2025-10-17T00:00:00Z,108197.99,109269.97,103516.75,106463.3,13824.34463474,111377.76000000001,EVALUATION,0.007003446258006196
BTC-USD,2025-10-18T00:00:00Z,106462.09,107535.68,106357.69,107208.91,3552.60959467,110869.19142857143,EVALUATION,0.013691679171068838
BTC-USD,2025-10-19T00:00:00Z,107208.91,109499.0,106091.25,108676.78,4841.63812975,109956.16285714286,EVALUATION,0.017402797543320636
BTC-USD,2025-10-20T00:00:00Z,108676.77,111748.6,107449.91,110568.06,6286.43529012,109283.88142857143,EVALUATION,-0.01994961293523634
BTC-USD,2025-10-21T00:00:00Z,110568.05,114082.29,107444.6,108362.27,12890.45189253,108611.63428571429,EVALUATION,-0.007163840329295512
BTC-USD,2025-10-22T00:00:00Z,108357.99,109188.27,106639.0,107585.98,9311.33986567,108151.9,EVALUATION,0.023516539980395157
BTC-USD,2025-10-23T00:00:00Z,107588.02,111342.6,107511.46,110116.03,6881.35851313,108425.90428571429,EVALUATION,0.008410219656484141
BTC-USD,2025-10-24T00:00:00Z,110116.02,112158.39,109725.51,111042.13,5915.09477083,109080.02285714286,EVALUATION,0.005620209194474146
BTC-USD,2025-10-25T00:00:00Z,111042.13,111968.52,110693.01,111666.21,1478.94798996,109716.78,EVALUATION,0.025807986140122363
BTC-USD,2025-10-26T00:00:00Z,111666.22,115542.0,111260.33,114548.09,3808.17193597,110555.53857142857,EVALUATION,-0.004024772477655425
BTC-USD,2025-10-27T00:00:00Z,114561.69,116410.06,113833.12,114087.06,5491.52581938,111058.25285714286,EVALUATION,-0.010345695646815645
BTC-USD,2025-10-28T00:00:00Z,114087.06,116114.13,112203.0,112906.75,5342.86134585,111707.46428571429,EVALUATION,-0.025460125280375112
BTC-USD,2025-10-29T00:00:00Z,112906.75,113690.17,109000.0,110032.13,6110.48087693,112056.91428571429,EVALUATION,-0.01566769633560683
BTC-USD,2025-10-30T00:00:00Z,110031.65,111629.2,106279.33,108308.18,8481.34743643,111798.65,EVALUATION,0.011514273437149614
BTC-USD,2025-10-31T00:00:00Z,108308.02,111066.1,108266.11,109555.27,6858.47522213,111586.24142857143,EVALUATION,0.004536340424335483
BTC-USD,2025-11-01T00:00:00Z,109555.63,110500.0,109342.47,110052.25,1707.44713625,111355.67571428571,EVALUATION,0.004395730209968418
BTC-USD,2025-11-02T00:00:00Z,110052.25,111221.99,108800.0,110536.01,3777.57822519,110782.52142857143,EVALUATION,-0.03598854346199032
BTC-USD,2025-11-03T00:00:00Z,110533.83,110749.0,105271.67,106557.98,8657.30683772,109706.93857142857,EVALUATION,-0.04776582664198403
BTC-USD,2025-11-04T00:00:00Z,106557.98,107269.85,98892.97,101468.15,17052.82209797,108072.85285714286,EVALUATION,0.023661119277329945
BTC-USD,2025-11-05T00:00:00Z,101468.16,104550.0,98950.0,103869.0,10844.84576039,107192.4057142857,EVALUATION,-0.024824538601507684
BTC-USD,2025-11-06T00:00:00Z,103866.67,104191.19,100235.02,101290.5,9488.56911128,106189.88,EVALUATION,0.01968368208272242
BTC-USD,2025-11-07T00:00:00Z,101290.5,104041.99,99170.0,103284.27,9981.70774039,105294.02285714286,EVALUATION,-0.009669429817338093
BTC-USD,2025-11-08T00:00:00Z,103281.79,103350.0,101422.74,102285.57,4365.22006206,104184.49714285714,EVALUATION,0.023555424289076088
BTC-USD,2025-11-09T00:00:00Z,102285.58,105471.04,101372.58,104694.95,5545.42134633,103350.06,EVALUATION,0.012268309025411428
BTC-USD,2025-11-10T00:00:00Z,104694.23,106653.0,104240.76,105979.38,7737.06153627,103267.40285714285,EVALUATION,-0.028024602521735775
BTC-USD,2025-11-11T00:00:00Z,105979.38,107482.0,102422.43,103009.35,6574.79380402,103487.57428571429,EVALUATION,-0.01330306423640193
BTC-USD,2025-11-12T00:00:00Z,103017.21,105316.64,100803.2,101639.01,6053.08600012,103169.00428571428,EVALUATION,-0.019918238085947504
BTC-USD,2025-11-13T00:00:00Z,101636.03,104050.0,97870.0,99614.54,12710.66743459,102929.58142857143,EVALUATION,-0.05130355468187664
BTC-USD,2025-11-14T00:00:00Z,99610.49,99836.1,93951.32,94503.96,19645.40043753,101675.25142857143,EVALUATION,0.011015199786337027
BTC-USD,2025-11-15T00:00:00Z,94501.08,96747.02,94222.2,95544.94,5157.02031554,100712.30428571429,EVALUATION,-0.014244291743759518
BTC-USD,2025-11-16T00:00:00Z,95544.94,96559.61,92943.83,94183.97,7161.13750207,99210.73571428572,EVALUATION,-0.022120218546744175
BTC-USD,2025-11-17T00:00:00Z,94182.03,95950.0,91158.35,92100.6,13319.956338,97228.05285714286,EVALUATION,0.008836641672258283
BTC-USD,2025-11-18T00:00:00Z,92100.6,93775.0,89183.48,92914.46,16182.4672286,95785.92571428571,EVALUATION,-0.015636532785101465
BTC-USD,2025-11-19T00:00:00Z,92914.45,92948.0,88483.12,91461.6,15642.23320328,94332.01000000001,EVALUATION,-0.05384467361165779
BTC-USD,2025-11-20T00:00:00Z,91465.04,93080.91,85980.7,86536.88,18857.80134874,92463.77285714286,EVALUATION,-0.01696386557962337
BTC-USD,2025-11-21T00:00:00Z,86531.87,87395.93,80524.65,85068.88,31211.5604643,91115.90428571429,EVALUATION,-0.004524333692885185
BTC-USD,2025-11-22T00:00:00Z,85068.85,85547.11,83441.91,84684.0,7330.52185107,89564.34142857144,EVALUATION,0.025084785791885222
BTC-USD,2025-11-23T00:00:00Z,84683.99,88100.0,84614.11,86808.28,9786.06365257,88510.67142857143,EVALUATION,0.016794711287909436
BTC-USD,2025-11-24T00:00:00Z,86808.28,89225.6,85213.17,88266.2,14868.61469913,87962.90000000001,EVALUATION,-0.010663085076733858
BTC-USD,2025-11-25T00:00:00Z,88264.0,88486.82,86067.02,87325.01,10484.73675809,87164.40714285715,EVALUATION,0.036001484568968234
BTC-USD,2025-11-26T00:00:00Z,87325.0,90628.53,86266.95,90468.84,11351.8707199,87022.58428571429,EVALUATION,0.009371845598993067
BTC-USD,2025-11-27T00:00:00Z,90468.83,91925.4,90067.81,91316.7,8201.73046924,87705.41571428571,EVALUATION,-0.004533672373180364
BTC-USD,2025-11-28T00:00:00Z,91316.7,93161.86,90220.5,90902.7,9580.37061817,88538.81857142856,EVALUATION,-0.0008210977231699612
BTC-USD,2025-11-29T00:00:00Z,90902.69,91199.99,90200.0,90828.06,3143.58444031,89416.54142857142,EVALUATION,-0.0050485499745343
BTC-USD,2025-11-30T00:00:00Z,90829.68,91980.8,90353.96,90369.51,3513.48557284,89925.28857142857,EVALUATION,-0.045227090420209115
BTC-USD,2025-12-01T00:00:00Z,90364.0,90433.7,83800.0,86282.36,16664.36191777,89641.88285714286,EVALUATION,0.05824701596015691
BTC-USD,2025-12-02T00:00:00Z,86282.35,92342.0,86181.38,91308.05,13162.85699748,90210.88857142857,EVALUATION,0.02350055663219175
BTC-USD,2025-12-03T00:00:00Z,91308.05,94181.41,91024.47,93453.84,9741.98216681,90637.31714285714,EVALUATION,-0.014555849176449032
BTC-USD,2025-12-04T00:00:00Z,93452.02,94087.05,90904.73,92093.54,6198.20707297,90748.29428571428,EVALUATION,-0.029841941139411077
BTC-USD,2025-12-05T00:00:00Z,92093.7,92716.42,88099.05,89345.29,8310.94183595,90525.80714285714,EVALUATION,-0.0008654065592040849
BTC-USD,2025-12-06T00:00:00Z,89345.29,90296.32,88932.0,89267.97,3017.16860213,90302.93714285715,EVALUATION,0.012706909320330695
BTC-USD,2025-12-07T00:00:00Z,89262.8,91779.99,87733.18,90402.29,4070.57697141,90307.62,EVALUATION,0.0027827834892235614
BTC-USD,2025-12-08T00:00:00Z,90402.3,92291.96,89599.0,90653.86,6661.98775031,90932.12,EVALUATION,0.022460599030201145
BTC-USD,2025-12-09T00:00:00Z,90653.86,94640.66,89537.55,92690.0,9862.67083813,91129.54142857142,EVALUATION,-0.007055885208760326
BTC-USD,2025-12-10T00:00:00Z,92690.0,94500.0,91556.64,92035.99,8904.69319331,90926.99142857143,EVALUATION,0.005497957918418672
BTC-USD,2025-12-11T00:00:00Z,92035.85,93594.76,89257.98,92542.0,9119.99377433,90991.05714285714,EVALUATION,-0.024464567439648977
BTC-USD,2025-12-12T00:00:00Z,92539.63,92791.26,89500.0,90278.0,6137.8902612,91124.30142857143,EVALUATION,-0.0002512239969869601
BTC-USD,2025-12-13T00:00:00Z,90278.0,90657.0,89777.79,90255.32,1542.14542217,91265.35142857143,EVALUATION,-0.023086838537606513
BTC-USD,2025-12-14T00:00:00Z,90255.32,90496.16,87565.38,88171.61,3643.36533229,90946.68285714286,EVALUATION,-0.019894272090528964
BTC-USD,2025-12-15T00:00:00Z,88174.37,90064.74,85129.63,86417.5,9868.30482589,90341.48857142858,EVALUATION,0.01662290624005558
BTC-USD,2025-12-16T00:00:00Z,86417.5,88148.0,85250.0,87854.01,7734.132664,89650.63285714286,EVALUATION,-0.01871559419996871
BTC-USD,2025-12-17T00:00:00Z,87854.0,90336.36,85267.69,86209.77,10021.43107061,88818.31571428571,EVALUATION,-0.008696810117925113
BTC-USD,2025-12-18T00:00:00Z,86209.79,89447.75,84400.0,85460.02,9840.74407994,87806.60428571429,EVALUATION,0.03080539882859834
BTC-USD,2025-12-19T00:00:00Z,85460.85,89365.85,85052.78,88092.65,8046.9179144,87494.41142857143,EVALUATION,0.0026262122889935124
BTC-USD,2025-12-20T00:00:00Z,88092.65,88530.6,87780.0,88324.0,1807.74517583,87218.50857142857,EVALUATION,0.0035771704180063146
BTC-USD,2025-12-21T00:00:00Z,88322.01,89046.44,87501.01,88639.95,2361.91088803,87285.41428571429,EVALUATION,-0.0009384030564095758
BTC-USD,2025-12-22T00:00:00Z,88639.87,90541.8,87846.17,88556.77,8901.70507789,87591.02428571429,EVALUATION,-0.012731381237143125
BTC-USD,2025-12-23T00:00:00Z,88555.03,88896.63,86533.86,87429.32,7050.61151888,87530.35428571429,EVALUATION,0.0020554889366632967
BTC-USD,2025-12-24T00:00:00Z,87429.32,88001.2,86350.0,87609.03,5007.9834145,87730.24857142857,EVALUATION,-0.0049920653156416694
BTC-USD,2025-12-25T00:00:00Z,87609.02,88534.4,86899.0,87171.68,2819.32696132,87974.77142857143,EVALUATION,0.0014262659616059992
BTC-USD,2025-12-26T00:00:00Z,87171.46,89496.07,86569.53,87296.01,8673.64195064,87860.96571428572,EVALUATION,0.005864987414659684
BTC-USD,2025-12-27T00:00:00Z,87296.17,87914.62,86944.24,87808.0,1955.01185796,87787.25142857143,EVALUATION,0.0007891080539357276
BTC-USD,2025-12-28T00:00:00Z,87806.75,88000.0,87349.52,87877.29,1859.62245916,87678.3,EVALUATION,-0.008722503845987939
BTC-USD,2025-12-29T00:00:00Z,87877.28,90325.0,86675.0,87110.78,10415.66618294,87471.73,EVALUATION,0.014771076553326656
BTC-USD,2025-12-30T00:00:00Z,87110.77,89343.52,86704.98,88397.5,8725.01685173,87610.04142857142,EVALUATION,-0.010176305891003712
BTC-USD,2025-12-31T00:00:00Z,88397.24,89100.0,87082.64,87497.94,7261.18123917,87594.17142857143,EVALUATION,0.01417633375140026
BTC-USD,2026-01-01T00:00:00Z,87497.95,88798.99,87361.74,88738.34,4001.39765552,87817.98,SUPPORT_FORWARD_RETURN,
