instrument,timestamp,open,high,low,close,volume,pair_close,pair_ratio_avg_20,row_role,forward_spread_return_1d
ETH-USD,2024-12-12T00:00:00Z,3835.08,3989.22,3799.19,3882.68,155214.19673209,100030.47,,SUPPORT_PAIRRATIO20_WARMUP,
ETH-USD,2024-12-13T00:00:00Z,3882.62,3969.32,3854.0,3907.87,122136.22549054,101428.75,,SUPPORT_PAIRRATIO20_WARMUP,
ETH-USD,2024-12-14T00:00:00Z,3907.7,3945.29,3824.44,3869.25,47709.20178216,101399.99,,SUPPORT_PAIRRATIO20_WARMUP,
ETH-USD,2024-12-15T00:00:00Z,3869.5,3973.71,3831.09,3957.7,56559.95110714,104447.76,,SUPPORT_PAIRRATIO20_WARMUP,
ETH-USD,2024-12-16T00:00:00Z,3957.7,4109.0,3881.93,3987.6,189528.18368088,106099.81,,SUPPORT_PAIRRATIO20_WARMUP,
ETH-USD,2024-12-17T00:00:00Z,3987.59,4041.76,3848.76,3893.54,125248.61133174,106136.99,,SUPPORT_PAIRRATIO20_WARMUP,
ETH-USD,2024-12-18T00:00:00Z,3893.44,3907.71,3615.79,3624.84,187093.0728241,100150.73,,SUPPORT_PAIRRATIO20_WARMUP,
ETH-USD,2024-12-19T00:00:00Z,3624.92,3718.3,3322.19,3414.35,304672.23375305,97372.21,,SUPPORT_PAIRRATIO20_WARMUP,
ETH-USD,2024-12-20T00:00:00Z,3414.35,3497.29,3095.65,3470.47,318980.65790952,97765.0,,SUPPORT_PAIRRATIO20_WARMUP,
ETH-USD,2024-12-21T00:00:00Z,3470.47,3553.49,3291.31,3337.09,95122.34009357,97230.08,,SUPPORT_PAIRRATIO20_WARMUP,
ETH-USD,2024-12-22T00:00:00Z,3337.05,3400.23,3217.84,3278.6,72542.86862482,95087.75,,SUPPORT_PAIRRATIO20_WARMUP,
ETH-USD,2024-12-23T00:00:00Z,3278.69,3462.14,3213.85,3418.12,176709.65124672,94764.56,,SUPPORT_PAIRRATIO20_WARMUP,
ETH-USD,2024-12-24T00:00:00Z,3418.12,3537.52,3353.08,3491.13,103337.99180753,98594.47,,SUPPORT_PAIRRATIO20_WARMUP,
ETH-USD,2024-12-25T00:00:00Z,3491.13,3543.83,3437.42,3493.95,41327.45699372,99346.28,,SUPPORT_PAIRRATIO20_WARMUP,
ETH-USD,2024-12-26T00:00:00Z,3494.36,3512.49,3301.06,3330.86,103793.19567204,95669.49,,SUPPORT_PAIRRATIO20_WARMUP,
ETH-USD,2024-12-27T00:00:00Z,3331.17,3437.87,3301.27,3328.6,121870.90269822,94171.89,,SUPPORT_PAIRRATIO20_WARMUP,
ETH-USD,2024-12-28T00:00:00Z,3328.34,3421.11,3317.12,3397.87,35155.97941995,95130.82,,SUPPORT_PAIRRATIO20_WARMUP,
ETH-USD,2024-12-29T00:00:00Z,3397.86,3408.32,3320.0,3350.23,30260.81890531,93563.35,,SUPPORT_PAIRRATIO20_WARMUP,
ETH-USD,2024-12-30T00:00:00Z,3350.24,3430.0,3293.1,3355.66,98737.16292017,92620.71,,SUPPORT_PAIRRATIO20_WARMUP,
ETH-USD,2024-12-31T00:00:00Z,3355.44,3447.0,3310.0,3330.32,94223.76498048,93354.22,,SUPPORT_PAIRRATIO20_WARMUP,
ETH-USD,2025-01-01T00:00:00Z,3330.52,3366.83,3308.2,3353.32,113635.9777943,94383.59,0.03617291595137164,EVALUATION,0.0028485365051360567
ETH-USD,2025-01-02T00:00:00Z,3353.32,3506.11,3347.19,3452.39,86207.50853825,96903.19,0.03600859898439307,EVALUATION,0.03225309225737982
ETH-USD,2025-01-03T00:00:00Z,3452.39,3629.9,3420.62,3607.68,102329.32252706,98136.51,0.03586354793253962,EVALUATION,0.012757197330976133
ETH-USD,2025-01-04T00:00:00Z,3607.68,3670.34,3571.29,3656.4,49524.86729196,98209.85,0.03579372621635392,EVALUATION,-0.007106439565893408
ETH-USD,2025-01-05T00:00:00Z,3656.4,3674.92,3593.46,3635.46,36837.72295697,98345.33,0.0357606668154767,EVALUATION,-0.025347070962347784
ETH-USD,2025-01-06T00:00:00Z,3635.48,3746.0,3609.58,3688.74,106106.62657887,102279.41,0.035729806345346456,EVALUATION,-0.0314345442788323
ETH-USD,2025-01-07T00:00:00Z,3688.73,3702.24,3356.0,3380.29,149342.34303939,96941.98,0.03569886749466217,EVALUATION,0.003679579028445179
ETH-USD,2025-01-08T00:00:00Z,3380.32,3414.59,3206.95,3326.29,130070.303195,95036.63,0.03563263561049785,EVALUATION,-0.006120374884446944
ETH-USD,2025-01-09T00:00:00Z,3326.51,3356.78,3157.0,3218.81,128267.34648667,92547.44,0.0356293931532176,EVALUATION,-0.008446385705836335
ETH-USD,2025-01-10T00:00:00Z,3219.2,3321.91,3194.4,3266.53,115536.39025356,94701.18,0.0355934944689472,EVALUATION,0.0061767594482909915
ETH-USD,2025-01-11T00:00:00Z,3266.37,3318.91,3217.61,3282.01,31509.24900704,94565.02,0.03560206661370031,EVALUATION,-0.004286174102488993
ETH-USD,2025-01-12T00:00:00Z,3282.0,3298.2,3223.07,3266.02,39914.90204276,94509.62,0.0356133993398807,EVALUATION,-0.03975188535199181
ETH-USD,2025-01-13T00:00:00Z,3266.09,3336.26,2913.75,3136.08,175346.06715095,94506.45,0.0355377962343099,EVALUATION,0.006561183759141276
ETH-USD,2025-01-14T00:00:00Z,3136.65,3256.46,3124.2,3223.97,99770.14179138,96534.96,0.03542653538085876,EVALUATION,0.029419702938070724
ETH-USD,2025-01-15T00:00:00Z,3224.35,3475.14,3185.25,3451.58,148647.52185627,100510.23,0.03533791073348389,EVALUATION,-0.03641889174380597
ETH-USD,2025-01-16T00:00:00Z,3451.57,3460.6,3262.69,3307.73,136122.61797511,99981.78,0.035314123714876175,EVALUATION,0.009451797627318292
ETH-USD,2025-01-17T00:00:00Z,3307.83,3527.0,3307.09,3475.47,150453.58019826,104107.0,0.03520098990432548,EVALUATION,-0.05246767545102371
ETH-USD,2025-01-18T00:00:00Z,3475.54,3496.48,3224.29,3304.07,151938.03835066,104435.0,0.03508427824918291,EVALUATION,0.0024077651004048573
ETH-USD,2025-01-19T00:00:00Z,3304.09,3445.0,3125.45,3210.03,298299.62598353,101211.13,0.03487580312129293,EVALUATION,0.012690715312997147
ETH-USD,2025-01-20T00:00:00Z,3211.85,3448.0,3139.61,3280.4,290972.59781939,102145.43,0.03465010561174289,EVALUATION,-0.02491590397921506
ETH-USD,2025-01-21T00:00:00Z,3280.43,3368.0,3200.98,3327.57,151693.96697671,106159.26,0.03447215454137055,EVALUATION,-0.0024352216649720093
ETH-USD,2025-01-22T00:00:00Z,3327.56,3366.1,3220.01,3241.35,92936.50329584,103667.11,0.03426297662017408,EVALUATION,0.027523733653719296
ETH-USD,2025-01-23T00:00:00Z,3241.35,3349.15,3181.94,3338.67,143070.07538594,103926.36,0.0340449616792073,EVALUATION,-0.01756116237641059
ETH-USD,2025-01-24T00:00:00Z,3339.26,3428.25,3275.41,3309.72,156732.03584317,104850.27,0.03381313617445888,EVALUATION,0.003726625240087156
ETH-USD,2025-01-25T00:00:00Z,3309.83,3350.27,3269.06,3318.37,54942.68192937,104733.56,0.033529919911056465,EVALUATION,-0.00545995327250115
ETH-USD,2025-01-26T00:00:00Z,3318.38,3361.16,3227.68,3231.48,73002.88372238,102563.0,0.03326580254811577,EVALUATION,-0.010452823917394882
ETH-USD,2025-01-27T00:00:00Z,3231.31,3253.54,3001.0,3181.93,210052.48844331,102062.42,0.03303789981269155,EVALUATION,-0.02570414557993561
ETH-USD,2025-01-28T00:00:00Z,3182.06,3223.56,3037.75,3076.06,114845.18340866,101290.0,0.03285325511976642,EVALUATION,-0.011915839370680636
ETH-USD,2025-01-29T00:00:00Z,3076.05,3181.99,3053.94,3114.03,146256.01605527,103747.25,0.032621693034117966,EVALUATION,0.033260061422224485
ETH-USD,2025-01-30T00:00:00Z,3114.03,3283.5,3090.89,3247.48,115394.80466779,104742.64,0.03238346474063402,EVALUATION,0.03842763552213091
ETH-USD,2025-01-31T00:00:00Z,3247.32,3438.96,3213.36,3299.99,175027.24810392,102411.26,0.032209032287495394,EVALUATION,-0.03806509345081488
ETH-USD,2025-02-01T00:00:00Z,3300.0,3330.9,3101.28,3116.78,78248.09835402,100623.85,0.032084859112136065,EVALUATION,-0.05012793165456375
ETH-USD,2025-02-02T00:00:00Z,3116.44,3162.35,2750.0,2869.25,185502.0852722,97676.52,0.03190571035689248,EVALUATION,-0.03372856537055857
ETH-USD,2025-02-03T00:00:00Z,2869.69,2924.6,2150.0,2883.62,740839.23312985,101460.2,0.031715273154742846,EVALUATION,-0.016431451371382022
ETH-USD,2025-02-04T00:00:00Z,2883.1,2891.9,2633.67,2732.07,364753.54972783,97795.05,0.031466487015398795,EVALUATION,0.03240946539122069
ETH-USD,2025-02-05T00:00:00Z,2732.07,2827.94,2699.6,2788.3,192546.34864221,96638.33,0.031146292315855452,EVALUATION,-0.03553177554233489
ETH-USD,2025-02-06T00:00:00Z,2788.56,2858.92,2656.53,2687.1,169430.89789344,96564.62,0.030934772959236707,EVALUATION,-0.023588123058218335
ETH-USD,2025-02-07T00:00:00Z,2687.18,2799.59,2563.0,2622.95,182738.50499497,96537.08,0.030656939346111828,EVALUATION,0.004316809223377516
ETH-USD,2025-02-08T00:00:00Z,2623.02,2668.11,2588.13,2632.62,128631.57438449,96476.25,0.030433580107034414,EVALUATION,-0.0017998291688767765
ETH-USD,2025-02-09T00:00:00Z,2633.12,2698.72,2522.16,2627.87,91400.38607088,96475.82,0.03021215892142983,EVALUATION,0.002898517424529734
ETH-USD,2025-02-10T00:00:00Z,2627.82,2694.49,2560.35,2661.87,109998.03360165,97444.41,0.029968341091356175,EVALUATION,-0.005339073727879562
ETH-USD,2025-02-11T00:00:00Z,2661.84,2725.74,2560.49,2602.03,129799.77478026,95774.08,0.02976692760319507,EVALUATION,0.030672253063820598
ETH-USD,2025-02-12T00:00:00Z,2602.08,2796.89,2548.0,2738.58,162873.98962217,97862.53,0.029562002974076622,EVALUATION,-0.010175762458207838
ETH-USD,2025-02-13T00:00:00Z,2738.84,2758.18,2613.25,2676.09,127721.98336554,96625.29,0.02935493323087459,EVALUATION,0.009623869031882837
ETH-USD,2025-02-14T00:00:00Z,2676.29,2793.44,2664.64,2726.32,128927.50134811,97509.03,0.029161402636238332,EVALUATION,-0.01291041928991965
ETH-USD,2025-02-15T00:00:00Z,2726.36,2739.55,2664.22,2693.58,40084.20408191,97596.94,0.02897518985612137,EVALUATION,0.0032281981637009016
ETH-USD,2025-02-16T00:00:00Z,2693.58,2726.58,2652.55,2661.51,52326.61083108,96119.88,0.028779777472708483,EVALUATION,0.03454853116280121
ETH-USD,2025-02-17T00:00:00Z,2661.51,2849.53,2638.43,2744.1,137419.86385484,95781.8,0.028605436061692045,EVALUATION,-0.024967577142417596
ETH-USD,2025-02-18T00:00:00Z,2744.11,2756.5,2604.48,2670.59,133442.2018924,95607.4,0.028519468610239018,EVALUATION,0.006013327954186964
ETH-USD,2025-02-19T00:00:00Z,2670.57,2736.29,2654.68,2715.27,100984.73251454,96632.03,0.02841533546483138,EVALUATION,-0.009138936010773424
ETH-USD,2025-02-20T00:00:00Z,2715.3,2771.9,2707.15,2738.65,88538.81529699,98347.2,0.028270070166680906,EVALUATION,-0.005831662000787441
ETH-USD,2025-02-21T00:00:00Z,2738.64,2846.53,2614.08,2661.69,298706.61877983,96157.03,0.02805126164273758,EVALUATION,0.03382934469434762
ETH-USD,2025-02-22T00:00:00Z,2661.68,2797.81,2652.08,2763.5,83103.0458881,96582.12,0.02788656635588007,EVALUATION,0.02358447623436888
ETH-USD,2025-02-23T00:00:00Z,2763.53,2855.23,2745.5,2819.63,95606.18967107,96265.98,0.027848463042828776,EVALUATION,-0.05922812247539444
ETH-USD,2025-02-24T00:00:00Z,2819.77,2839.81,2471.74,2513.35,199034.77624736,91510.82,0.02789190306852212,EVALUATION,0.023638738195900455
ETH-USD,2025-02-25T00:00:00Z,2513.33,2530.99,2319.86,2492.37,367833.55676734,88583.74,0.027868321477675973,EVALUATION,-0.01348838637411054
ETH-USD,2025-02-26T00:00:00Z,2492.54,2504.18,2251.01,2332.93,225247.77404589,84111.78,0.02783246196622932,EVALUATION,-0.01798595515880541
ETH-USD,2025-02-27T00:00:00Z,2332.98,2379.47,2227.04,2305.21,161479.6523548,84625.19,0.027827917242539524,EVALUATION,-0.025997593663406704
ETH-USD,2025-02-28T00:00:00Z,2305.41,2312.05,2073.34,2236.36,349901.13722453,84297.73,0.027831409514158807,EVALUATION,-0.02929212018885574
ETH-USD,2025-03-01T00:00:00Z,2236.74,2280.48,2142.04,2216.51,87043.0102361,86018.76,0.027793487043127056,EVALUATION,0.04032491232592528
ETH-USD,2025-03-02T00:00:00Z,2216.82,2551.49,2172.59,2518.39,315998.58200778,94265.48,0.02771994266672696,EVALUATION,-0.061286753928421756
ETH-USD,2025-03-03T00:00:00Z,2518.4,2523.84,2094.27,2147.53,322327.3085523,86161.1,0.027689898907691402,EVALUATION,-0.0017459071173462348
ETH-USD,2025-03-04T00:00:00Z,2147.64,2222.15,1991.21,2170.92,432432.0996775,87249.96,0.027577707579398432,EVALUATION,-0.005913261319649532
ETH-USD,2025-03-05T00:00:00Z,2171.0,2273.29,2154.64,2241.53,165354.51710988,90603.73,0.027422590953772502,EVALUATION,-0.009921944414989281
ETH-USD,2025-03-06T00:00:00Z,2241.63,2320.0,2176.0,2202.42,155071.09381971,89921.85,0.0272748102728635,EVALUATION,0.007222009591758338
ETH-USD,2025-03-07T00:00:00Z,2202.03,2258.02,2102.21,2140.81,262699.28057767,86756.98,0.02710145698087928,EVALUATION,0.035406655804530174
ETH-USD,2025-03-08T00:00:00Z,2140.81,2234.05,2104.67,2203.03,57548.29986961,86206.69,0.02695530291008133,EVALUATION,-0.019184565829807654
ETH-USD,2025-03-09T00:00:00Z,2203.03,2211.66,1988.3,2020.02,127517.5417569,80699.17,0.026848589108831023,EVALUATION,-0.05048002916735883
ETH-USD,2025-03-10T00:00:00Z,2020.02,2152.48,1809.49,1864.12,362167.30853475,78544.71,0.02666768867407317,EVALUATION,-0.024005690052476547
ETH-USD,2025-03-11T00:00:00Z,1864.52,1962.83,1754.13,1923.08,340034.80127314,82914.51,0.026457706401975572,EVALUATION,-0.016862180873538857
ETH-USD,2025-03-12T00:00:00Z,1923.02,1956.15,1829.49,1907.93,227178.14493919,83659.43,0.026212429387032075,EVALUATION,0.007786502042125165
ETH-USD,2025-03-13T00:00:00Z,1907.88,1922.09,1820.86,1863.81,156763.1076532,81073.43,0.02596038767185222,EVALUATION,-0.010189271187857729
ETH-USD,2025-03-14T00:00:00Z,1863.8,1946.0,1860.46,1911.65,95560.30533948,83980.49,0.02572581266663725,EVALUATION,0.009162556214012518
ETH-USD,2025-03-15T00:00:00Z,1911.55,1957.51,1903.69,1937.61,37624.28395569,84351.46,0.02543331609466501,EVALUATION,-0.005015451321928155
ETH-USD,2025-03-16T00:00:00Z,1937.4,1940.96,1860.49,1886.8,50658.46951025,82562.57,0.025117350148259644,EVALUATION,0.003376049576057305
ETH-USD,2025-03-17T00:00:00Z,1886.79,1952.24,1879.8,1926.28,80268.22626745,84011.4,0.024886745775908492,EVALUATION,0.018204648773681442
ETH-USD,2025-03-18T00:00:00Z,1926.2,1935.7,1871.64,1931.25,98061.93923964,82698.76,0.024626397904714832,EVALUATION,0.014609116936298072
ETH-USD,2025-03-19T00:00:00Z,1931.24,2070.6,1927.63,2057.06,196188.24544574,86877.96,0.024407235983768708,EVALUATION,-0.005148031110773332
ETH-USD,2025-03-20T00:00:00Z,2056.93,2068.58,1951.12,1982.67,117335.61367471,84183.42,0.024229103358108163,EVALUATION,-0.007479509912121651
ETH-USD,2025-03-21T00:00:00Z,1982.45,1995.27,1936.0,1964.98,82472.92563047,84061.96,0.02408022758458704,EVALUATION,0.010319287156983714
ETH-USD,2025-03-22T00:00:00Z,1965.04,2005.99,1963.76,1980.35,40334.50630982,83852.03,0.0239606088744159,EVALUATION,-0.013787469537273056
ETH-USD,2025-03-23T00:00:00Z,1980.43,2020.54,1976.6,2005.97,48751.22482465,86092.94,0.023805672258757505,EVALUATION,0.021094573325068477
ETH-USD,2025-03-24T00:00:00Z,2006.14,2104.21,1977.42,2081.62,140535.73445256,87523.62,0.0237244454241193,EVALUATION,-0.006035186796843339
ETH-USD,2025-03-25T00:00:00Z,2081.61,2098.11,2037.39,2066.78,78429.61811816,87427.88,0.023669540757794795,EVALUATION,-0.021867774888197244
ETH-USD,2025-03-26T00:00:00Z,2066.75,2079.35,1981.4,2009.72,122121.17620874,86926.01,0.023614535597464854,EVALUATION,-0.0065376047631829914
ETH-USD,2025-03-27T00:00:00Z,2009.65,2037.61,1986.83,2003.32,85676.54038226,87217.48,0.023545900164874158,EVALUATION,-0.020943514012854547
ETH-USD,2025-03-28T00:00:00Z,2003.18,2015.78,1860.86,1896.23,231796.08413787,84381.8,0.023460565625172645,EVALUATION,-0.015387135708510136
ETH-USD,2025-03-29T00:00:00Z,1896.21,1912.8,1797.51,1827.39,103414.81225118,82616.83,0.023306406461568792,EVALUATION,-0.008121500219112399
ETH-USD,2025-03-30T00:00:00Z,1827.43,1848.27,1767.1,1807.31,100497.70390842,82379.98,0.023160775192480342,EVALUATION,0.006271187797634692
ETH-USD,2025-03-31T00:00:00Z,1807.51,1854.2,1776.43,1822.03,139811.10321108,82534.32,0.023071048682928284,EVALUATION,0.013669635017031334
ETH-USD,2025-04-01T00:00:00Z,1822.05,1928.2,1817.71,1905.13,145912.60901118,85170.37,0.023015173713199152,EVALUATION,-0.02649480130167592
ETH-USD,2025-04-02T00:00:00Z,1905.13,1956.55,1781.21,1794.7,257321.35292484,82490.08,0.02299330086473806,EVALUATION,0.003773932651683909
ETH-USD,2025-04-03T00:00:00Z,1794.77,1845.09,1750.0,1816.36,186281.09068551,83174.33,0.022931670670798317,EVALUATION,-0.008229176562703167
ETH-USD,2025-04-04T00:00:00Z,1816.33,1835.49,1758.5,1816.39,215577.6441354,83860.16,0.022885418804565988,EVALUATION,-0.0019054940356865169
ETH-USD,2025-04-05T00:00:00Z,1816.34,1826.71,1764.1,1805.09,40241.31817836,83498.25,0.02281987247886271,EVALUATION,-0.06341632834679256
ETH-USD,2025-04-06T00:00:00Z,1805.16,1816.28,1535.06,1579.77,269650.3588939,78370.75,0.022758138809173545,EVALUATION,-0.026989037884656786
ETH-USD,2025-04-07T00:00:00Z,1579.8,1638.82,1411.0,1552.64,698812.70148075,79140.01,0.022619581564423,EVALUATION,-0.015479026494921055
ETH-USD,2025-04-08T00:00:00Z,1552.37,1618.25,1444.37,1471.94,261089.46902982,76251.64,0.022432885151426378,EVALUATION,0.050874632295228706
ETH-USD,2025-04-09T00:00:00Z,1472.11,1688.99,1383.26,1669.27,398819.27794972,82594.75,0.02221419186199711,EVALUATION,-0.051682343217460236
ETH-USD,2025-04-10T00:00:00Z,1669.15,1669.52,1471.63,1521.51,228219.61361863,79552.34,0.022047120721211313,EVALUATION,-0.018794767549256797
ETH-USD,2025-04-11T00:00:00Z,1521.08,1590.84,1504.0,1566.13,143453.42676045,83380.47,0.021834646812389526,EVALUATION,0.026951855141275516
ETH-USD,2025-04-12T00:00:00Z,1565.95,1668.88,1544.36,1643.85,87012.16952171,85271.01,0.021592933690549248,EVALUATION,-0.01043992724197862
ETH-USD,2025-04-13T00:00:00Z,1643.82,1649.37,1562.0,1597.04,111889.23396001,83733.07,0.021391828421561843,EVALUATION,0.006661646841850555
ETH-USD,2025-04-14T00:00:00Z,1597.04,1691.0,1595.06,1624.03,130644.29007707,84590.36,0.021156301784259597,EVALUATION,-0.010435801891459096
ETH-USD,2025-04-15T00:00:00Z,1623.61,1660.98,1583.15,1588.64,112545.45377041,83629.78,0.020934248398546636,EVALUATION,-0.01192737545164535
ETH-USD,2025-04-16T00:00:00Z,1588.48,1613.22,1538.02,1577.27,119238.8795804,84028.72,0.02072805897834426,EVALUATION,-0.00694723674202824
ETH-USD,2025-04-17T00:00:00Z,1577.3,1616.85,1562.35,1583.83,92253.60889083,84961.97,0.020518126839596258,EVALUATION,0.008824766513086502
ETH-USD,2025-04-18T00:00:00Z,1583.86,1600.74,1573.7,1588.57,37357.55064718,84466.47,0.020326607271900166,EVALUATION,0.008092497535743703
ETH-USD,2025-04-19T00:00:00Z,1588.61,1630.98,1585.02,1612.87,48914.4709325,85074.99,0.020161019716239396,EVALUATION,-0.01704438259968044
ETH-USD,2025-04-20T00:00:00Z,1612.97,1619.14,1565.64,1587.32,64780.491809,85177.34,0.020011995292743435,EVALUATION,-0.03242266969656005
ETH-USD,2025-04-21T00:00:00Z,1587.42,1658.55,1563.06,1579.55,143500.37227559,87522.07,0.01983996750646335,EVALUATION,0.04416469048139926
ETH-USD,2025-04-22T00:00:00Z,1579.54,1778.92,1538.75,1757.0,332380.92058947,93489.1,0.019623916910893116,EVALUATION,0.019457818379756242
ETH-USD,2025-04-23T00:00:00Z,1757.09,1835.74,1746.09,1795.92,267882.65660226,93740.92,0.019475770876446495,EVALUATION,-0.01720246927624569
ETH-USD,2025-04-24T00:00:00Z,1795.81,1803.33,1723.01,1770.41,161354.7148951,94021.96,0.019341788266171726,EVALUATION,0.0014726322247782253
ETH-USD,2025-04-25T00:00:00Z,1770.42,1828.9,1740.0,1785.95,191388.58108656,94708.79,0.019200288325432035,EVALUATION,0.02040641354779127
ETH-USD,2025-04-26T00:00:00Z,1785.8,1841.66,1779.84,1821.6,75293.67103679,94666.64,0.01906223736542267,EVALUATION,-0.006955430182104427
ETH-USD,2025-04-27T00:00:00Z,1821.77,1857.85,1782.9,1791.88,68093.85600352,93780.57,0.019016467907390245,EVALUATION,-0.008780292838207027
ETH-USD,2025-04-28T00:00:00Z,1791.89,1829.0,1744.9,1800.26,208134.44795148,95042.57,0.0189908806811243,EVALUATION,0.0069784803366211845
ETH-USD,2025-04-29T00:00:00Z,1800.31,1843.28,1780.6,1798.21,144125.8069908,94271.09,0.018972775754388126,EVALUATION,-0.0015186875401940192
ETH-USD,2025-04-30T00:00:00Z,1798.2,1817.43,1732.44,1793.79,132367.23008547,94182.54,0.018916001674995735,EVALUATION,0.00023199639267423855
ETH-USD,2025-05-01T00:00:00Z,1793.92,1874.48,1792.67,1838.82,139494.50395249,96524.98,0.01891200108005436,EVALUATION,-0.0019317234619227186
ETH-USD,2025-05-02T00:00:00Z,1838.78,1871.95,1813.43,1842.98,93279.26608996,96929.81,0.018925364208909536,EVALUATION,0.006166968838904219
ETH-USD,2025-05-03T00:00:00Z,1842.98,1849.27,1810.38,1834.03,45010.41020982,95861.33,0.01891214447448384,EVALUATION,0.0029261908702977735
ETH-USD,2025-05-04T00:00:00Z,1834.11,1850.21,1803.01,1809.0,40428.72920351,94272.55,0.018915100733949745,EVALUATION,0.0012688822967270585
ETH-USD,2025-05-05T00:00:00Z,1808.82,1833.51,1781.7,1820.15,85196.59584097,94733.99,0.018914614887433175,EVALUATION,-0.02391967573108622
ETH-USD,2025-05-06T00:00:00Z,1820.2,1820.64,1751.45,1817.06,91421.48339979,96839.17,0.018925473329997812,EVALUATION,-0.005405469433277799
ETH-USD,2025-05-07T00:00:00Z,1817.06,1850.94,1787.01,1811.35,138712.13157438,97058.32,0.018925127441927755,EVALUATION,0.15464857544369215
ETH-USD,2025-05-08T00:00:00Z,1811.36,2225.52,1808.61,2207.09,329557.78516842,103253.49,0.01892617024962033,EVALUATION,0.06519770338847508
ETH-USD,2025-05-09T00:00:00Z,2206.84,2490.66,2184.39,2345.29,367944.3292584,102986.96,0.019054587454271837,EVALUATION,0.0838871315930465
ETH-USD,2025-05-10T00:00:00Z,2345.42,2600.6,2317.73,2583.8,190174.27767839,104821.19,0.019245311120386518,EVALUATION,-0.020187427652791023
ETH-USD,2025-05-11T00:00:00Z,2583.09,2609.0,2436.47,2514.79,143648.21932596,104137.62,0.019546017288801076,EVALUATION,0.005303320238220888
ETH-USD,2025-05-12T00:00:00Z,2514.79,2625.0,2407.41,2495.83,246104.50649036,102800.21,0.01985108078398475,EVALUATION,0.06079701810248106
ETH-USD,2025-05-13T00:00:00Z,2495.61,2739.05,2415.65,2679.88,209696.06797506,104131.06,0.0201253216631591,EVALUATION,-0.02033566704501455
ETH-USD,2025-05-14T00:00:00Z,2679.82,2725.0,2547.75,2610.31,176653.34640214,103545.38,0.02045418713878302,EVALUATION,-0.02587689194044185
ETH-USD,2025-05-15T00:00:00Z,2610.47,2647.1,2475.0,2548.84,162116.56760589,103786.43,0.020773166306365234,EVALUATION,-0.001485555371877001
ETH-USD,2025-05-16T00:00:00Z,2549.16,2648.88,2530.31,2538.02,122465.4564135,103500.03,0.021058227858833066,EVALUATION,-0.021118055891636955
ETH-USD,2025-05-17T00:00:00Z,2537.9,2539.48,2446.89,2476.11,78215.46124074,103161.07,0.021322211174726262,EVALUATION,-0.02317150887886532
ETH-USD,2025-05-18T00:00:00Z,2476.11,2588.25,2323.0,2498.24,134969.08574025,106473.46,0.02156697178123092,EVALUATION,0.0202481703314491
ETH-USD,2025-05-19T00:00:00Z,2498.63,2547.73,2349.73,2528.71,216868.76047746,105616.18,0.02179306589651383,EVALUATION,-0.013444214398350418
ETH-USD,2025-05-20T00:00:00Z,2529.28,2588.58,2444.4,2525.05,129646.38919276,106883.24,0.022036444201369004,EVALUATION,-0.015783186109159075
ETH-USD,2025-05-21T00:00:00Z,2525.05,2617.15,2452.79,2551.73,218788.745073,109699.54,0.022265368729150792,EVALUATION,0.026101140652885713
ETH-USD,2025-05-22T00:00:00Z,2552.12,2692.99,2545.4,2665.39,196307.76694511,111722.53,0.022475912921422002,EVALUATION,-0.012593692067532802
ETH-USD,2025-05-23T00:00:00Z,2665.59,2734.04,2500.0,2527.02,201851.50906055,107329.61,0.022718096770298034,EVALUATION,-0.0027558377594316674
ETH-USD,2025-05-24T00:00:00Z,2526.83,2577.57,2515.72,2530.99,40630.87226987,107794.01,0.02293871508193876,EVALUATION,-0.0032119827247851784
ETH-USD,2025-05-25T00:00:00Z,2531.34,2555.3,2463.37,2552.32,58254.46870874,109048.68,0.023153256745656766,EVALUATION,0.0008900960460656027
ETH-USD,2025-05-26T00:00:00Z,2552.44,2600.8,2526.98,2564.32,56978.02353915,109464.32,0.02336285944555673,EVALUATION,0.04254609237346785
ETH-USD,2025-05-27T00:00:00Z,2564.71,2713.78,2510.54,2662.04,166072.34229434,108978.46,0.023595979068829438,EVALUATION,0.018194802448490366
ETH-USD,2025-05-28T00:00:00Z,2662.18,2690.33,2609.9,2682.16,115559.76273561,107819.29,0.023884215155765488,EVALUATION,0.0020170849089194975
ETH-USD,2025-05-29T00:00:00Z,2682.44,2789.5,2618.88,2631.68,191128.81924232,105572.58,0.024059264519433646,EVALUATION,-0.023319064704311887
ETH-USD,2025-05-30T00:00:00Z,2631.41,2649.91,2507.8,2531.94,129873.34038728,104033.26,0.024167014315899446,EVALUATION,-0.0069273267462318655
ETH-USD,2025-05-31T00:00:00Z,2531.92,2551.67,2476.84,2529.31,51370.13572435,104645.87,0.024151424184571963,EVALUATION,-0.005676934087591512
ETH-USD,2025-06-01T00:00:00Z,2529.31,2550.0,2470.5,2540.38,53153.06712416,105697.94,0.024152497525625528,EVALUATION,0.025167452139076785
ETH-USD,2025-06-02T00:00:00Z,2540.4,2616.87,2476.13,2609.29,127353.9733552,105904.94,0.024140291800648004,EVALUATION,-0.0011487645273848823
ETH-USD,2025-06-03T00:00:00Z,2609.29,2657.74,2575.75,2595.03,175792.32687578,105447.82,0.02408541147775605,EVALUATION,0.011995968977554838
ETH-USD,2025-06-04T00:00:00Z,2595.03,2681.0,2584.05,2609.07,105615.84491827,104753.38,0.02405542544100584,EVALUATION,-0.04386513872788467
ETH-USD,2025-06-05T00:00:00Z,2609.19,2642.53,2392.16,2415.34,205698.4186583,101570.2,0.024072839270274024,EVALUATION,-0.0017988623255691394
ETH-USD,2025-06-06T00:00:00Z,2415.31,2533.09,2384.0,2478.24,127162.33645658,104397.99,0.024035743324328875,EVALUATION,0.0076323181043636
ETH-USD,2025-06-07T00:00:00Z,2478.38,2545.0,2457.88,2526.14,35850.95849949,105619.02,0.024022544310898994,EVALUATION,-0.00764623955605892
ETH-USD,2025-06-08T00:00:00Z,2525.94,2549.57,2492.84,2510.78,33630.83013396,105784.4,0.02404524294638605,EVALUATION,0.025213472491593114
ETH-USD,2025-06-09T00:00:00Z,2510.77,2695.2,2479.09,2681.29,117024.8957477,110301.15,0.02403486447906684,EVALUATION,0.05043546987442249
ETH-USD,2025-06-10T00:00:00Z,2681.25,2827.18,2657.11,2816.5,268557.67044312,110300.24,0.024069086245668826,EVALUATION,-0.0008755478122128846
ETH-USD,2025-06-11T00:00:00Z,2816.69,2880.0,2743.0,2772.39,179356.72494173,108669.37,0.024182774605738068,EVALUATION,-0.019251259039254953
ETH-USD,2025-06-12T00:00:00Z,2772.39,2785.93,2615.0,2643.8,152072.49988479,105721.05,0.02426552098485449,EVALUATION,-0.02781381356994783
ETH-USD,2025-06-13T00:00:00Z,2643.81,2646.79,2439.17,2580.21,283876.86464992,106118.7,0.024338662857218675,EVALUATION,-0.012540027469470805
ETH-USD,2025-06-14T00:00:00Z,2580.25,2580.86,2490.0,2531.97,67625.03115586,105465.42,0.024380387864801095,EVALUATION,0.005073940427466006
ETH-USD,2025-06-15T00:00:00Z,2531.98,2559.94,2492.42,2548.03,48636.95574774,105599.25,0.024410500754673208,EVALUATION,-0.012959505167799645
ETH-USD,2025-06-16T00:00:00Z,2547.95,2681.97,2515.23,2545.27,177468.3139788,106853.38,0.02444565888408218,EVALUATION,0.007595935621427019
ETH-USD,2025-06-17T00:00:00Z,2545.41,2619.44,2454.0,2510.7,163609.0001351,104590.44,0.02441530878225705,EVALUATION,0.002801813848788859
ETH-USD,2025-06-18T00:00:00Z,2510.64,2548.52,2466.38,2525.54,92285.01272137,104915.6,0.024371739929474428,EVALUATION,0.0007310806889215815
ETH-USD,2025-06-19T00:00:00Z,2525.49,2548.35,2485.37,2521.52,51487.65047448,104671.9,0.024328961253268902,EVALUATION,-0.032401118480310354
ETH-USD,2025-06-20T00:00:00Z,2521.79,2569.2,2367.58,2407.2,140932.28117073,103317.8,0.02431655912411728,EVALUATION,-0.03445710065929097
ETH-USD,2025-06-21T00:00:00Z,2407.2,2449.05,2217.06,2297.28,107608.7542578,102160.03,0.02427299920371561,EVALUATION,-0.018571500541815333
ETH-USD,2025-06-22T00:00:00Z,2297.26,2315.15,2113.0,2228.46,224937.83363588,100996.87,0.024195635935626607,EVALUATION,0.039021867035631264
ETH-USD,2025-06-23T00:00:00Z,2228.46,2440.0,2189.11,2413.0,219164.75168992,105419.39,0.02406696621453906,EVALUATION,0.008434599354205652
ETH-USD,2025-06-24T00:00:00Z,2412.81,2483.38,2377.79,2449.87,156696.78441766,106141.0,0.023980961946864155,EVALUATION,-0.024019400104901
ETH-USD,2025-06-25T00:00:00Z,2449.74,2470.19,2391.15,2420.09,123451.65827947,107400.22,0.02388968658948807,EVALUATION,0.0023389295712880065
ETH-USD,2025-06-26T00:00:00Z,2420.09,2521.67,2395.0,2417.4,114621.88775791,107029.64,0.02382735528673799,EVALUATION,0.0020305394315074388
ETH-USD,2025-06-27T00:00:00Z,2417.21,2464.69,2381.26,2424.2,96456.08851832,107113.38,0.023769749221280025,EVALUATION,0.0030834929048881854
ETH-USD,2025-06-28T00:00:00Z,2424.24,2448.97,2407.03,2437.08,29496.9317339,107352.2,0.023705480259682707,EVALUATION,0.016466824690452686
ETH-USD,2025-06-29T00:00:00Z,2437.08,2526.27,2413.36,2500.69,47090.69337747,108386.44,0.023653822471452438,EVALUATION,0.0053791636721477465
ETH-USD,2025-06-30T00:00:00Z,2500.7,2524.85,2433.97,2486.15,115164.67938137,107173.21,0.02359198093797058,EVALUATION,-0.018875966826033763
ETH-USD,2025-07-01T00:00:00Z,2486.16,2501.45,2386.96,2405.32,78850.04742822,105711.78,0.023475113224309733,EVALUATION,0.03888563116457644
ETH-USD,2025-07-02T00:00:00Z,2405.41,2619.98,2372.62,2571.13,167801.93789726,108888.32,0.023337183704839486,EVALUATION,0.0013669774468434426
ETH-USD,2025-07-03T00:00:00Z,2571.13,2637.96,2557.21,2592.13,115059.14879727,109628.83,0.023267444851958342,EVALUATION,-0.01755050839127459
ETH-USD,2025-07-04T00:00:00Z,2592.14,2603.7,2475.0,2508.8,77877.16679488,108028.6,0.023233956114761756,EVALUATION,0.0012540339005253642
ETH-USD,2025-07-05T00:00:00Z,2508.79,2530.42,2488.4,2517.01,22282.7328538,108246.65,0.02319475086686233,EVALUATION,0.012413183246984483
ETH-USD,2025-07-06T00:00:00Z,2517.02,2605.38,2504.27,2570.84,41033.07311666,109217.98,0.023150915903459746,EVALUATION,-0.0023891402888640556
ETH-USD,2025-07-07T00:00:00Z,2570.81,2591.15,2512.76,2542.38,79624.16907512,108269.84,0.023136836138546245,EVALUATION,0.022805310893652786
ETH-USD,2025-07-08T00:00:00Z,2542.39,2628.95,2523.58,2616.52,100288.23984643,108958.04,0.02311067731849298,EVALUATION,0.03725634733758043
ETH-USD,2025-07-09T00:00:00Z,2616.35,2797.83,2590.47,2769.83,186502.61069478,111282.85,0.023107772500458545,EVALUATION,0.022817676653248853
ETH-USD,2025-07-10T00:00:00Z,2769.83,3000.0,2756.22,2951.22,236543.69036785,116031.3,0.023147784892805022,EVALUATION,-0.010689017214811303
ETH-USD,2025-07-11T00:00:00Z,2951.87,3040.8,2913.58,2959.12,230285.8494589,117582.16,0.02325457001824319,EVALUATION,-0.0040532412440119625
ETH-USD,2025-07-12T00:00:00Z,2959.22,2981.01,2905.29,2944.37,63678.56454793,117472.65,0.023388536533558338,EVALUATION,-0.004262583621719829
ETH-USD,2025-07-13T00:00:00Z,2944.48,3022.0,2937.0,2973.38,70227.25148441,119130.81,0.02353851943455127,EVALUATION,0.007687407972035265
ETH-USD,2025-07-14T00:00:00Z,2973.48,3083.52,2964.2,3014.53,192451.97265422,119863.71,0.023641990601365567,EVALUATION,0.05833192093723061
ETH-USD,2025-07-15T00:00:00Z,3014.41,3144.81,2933.0,3138.01,179476.73196827,117781.64,0.023745409019789925,EVALUATION,0.06728168093334208
ETH-USD,2025-07-16T00:00:00Z,3138.79,3425.89,3101.25,3373.12,292334.52407204,118681.68,0.02395087037829925,EVALUATION,0.026629394959950092
ETH-USD,2025-07-17T00:00:00Z,3373.2,3526.73,3311.01,3479.77,274593.74925785,119273.69,0.024242635676991874,EVALUATION,0.030572998666489215
ETH-USD,2025-07-18T00:00:00Z,3479.78,3677.4,3461.68,3549.67,337824.83515568,118023.05,0.024569764287937005,EVALUATION,0.013495531401649052
ETH-USD,2025-07-19T00:00:00Z,3549.66,3610.85,3508.66,3594.3,83316.75149516,117914.17,0.024938481801153604,EVALUATION,0.05081217871465904
ETH-USD,2025-07-20T00:00:00Z,3594.31,3825.36,3581.22,3758.6,146787.12978622,117312.7,0.025308999773802503,EVALUATION,0.00038061360004371103
ETH-USD,2025-07-21T00:00:00Z,3758.66,3860.8,3703.76,3763.75,221705.85764009,117428.79,0.0257510828695443,EVALUATION,-0.02614082250030303
ETH-USD,2025-07-22T00:00:00Z,3763.75,3801.63,3617.47,3748.62,225021.75942135,120026.42,0.026215971520600102,EVALUATION,-0.02142200864480659
ETH-USD,2025-07-23T00:00:00Z,3748.62,3766.79,3528.43,3630.34,211546.24270422,118810.44,0.026596925625932837,EVALUATION,0.025036701723806343
ETH-USD,2025-07-24T00:00:00Z,3630.41,3775.0,3507.78,3708.6,224420.86882496,118397.04,0.0269424821655248,EVALUATION,0.011099575886949431
ETH-USD,2025-07-25T00:00:00Z,3708.88,3747.76,3574.39,3725.84,217042.92308788,117633.27,0.027347479091146765,EVALUATION,0.001762381430414628
ETH-USD,2025-07-26T00:00:00Z,3725.84,3795.0,3699.02,3743.06,72302.973587,117969.63,0.027768519501203827,EVALUATION,0.02228040314025015
ETH-USD,2025-07-27T00:00:00Z,3743.05,3880.23,3731.71,3873.92,77968.55076879,119465.52,0.028178039425364287,EVALUATION,-0.007544417448593133
ETH-USD,2025-07-28T00:00:00Z,3873.92,3941.86,3753.15,3799.46,199027.60346952,118070.59,0.028625299991716806,EVALUATION,-0.0004329467724432101
ETH-USD,2025-07-29T00:00:00Z,3799.44,3886.01,3715.14,3793.4,138313.68335934,117933.39,0.029033577399406298,EVALUATION,0.005367421858097132
ETH-USD,2025-07-30T00:00:00Z,3793.5,3833.68,3676.67,3810.44,119425.78709017,117830.15,0.029397358202941915,EVALUATION,-0.01193068981341694
ETH-USD,2025-07-31T00:00:00Z,3810.45,3878.32,3680.01,3698.07,101490.47064491,115761.13,0.02974254439261994,EVALUATION,-0.035537356106294715
ETH-USD,2025-08-01T00:00:00Z,3697.85,3724.7,3429.44,3486.39,214413.30257873,113248.73,0.030081509110086314,EVALUATION,-0.02061040912025003
ETH-USD,2025-08-02T00:00:00Z,3486.29,3536.77,3368.03,3392.8,125995.90627221,112542.74,0.030367556294613046,EVALUATION,0.015938091462438075
ETH-USD,2025-08-03T00:00:00Z,3392.81,3521.96,3354.56,3497.31,56152.10527646,114215.73,0.030626947221821584,EVALUATION,0.056602882605219174
ETH-USD,2025-08-04T00:00:00Z,3497.31,3737.27,3491.5,3720.87,128256.57360012,115051.85,0.030900475528087723,EVALUATION,-0.021214182076331967
ETH-USD,2025-08-05T00:00:00Z,3720.86,3721.53,3546.05,3611.57,114099.28155356,114112.95,0.031185385646180695,EVALUATION,0.011973529427714569
ETH-USD,2025-08-06T00:00:00Z,3611.79,3699.81,3563.44,3683.8,123751.95784805,115028.83,0.031346761060620926,EVALUATION,0.04013374133605252
ETH-USD,2025-08-07T00:00:00Z,3683.78,3928.65,3647.87,3911.28,215879.45364256,117515.49,0.03148927853658094,EVALUATION,0.03257285483231487
ETH-USD,2025-08-08T00:00:00Z,3910.92,4071.21,3880.19,4011.0,283924.61832068,116683.79,0.031649629913315096,EVALUATION,0.06433189761716152
ETH-USD,2025-08-09T00:00:00Z,4010.72,4326.34,4007.14,4262.46,201072.28837789,116492.51,0.03184426057424902,EVALUATION,-0.026655706950555413
ETH-USD,2025-08-10T00:00:00Z,4262.45,4333.13,4161.16,4251.91,135684.68640911,119309.37,0.032071802326111946,EVALUATION,-0.0013591623380020401
ETH-USD,2025-08-11T00:00:00Z,4251.89,4365.97,4165.86,4224.48,256938.33538629,118701.84,0.03225111971426392,EVALUATION,0.07460606232458256
ETH-USD,2025-08-12T00:00:00Z,4224.45,4638.0,4219.92,4589.88,344450.27634218,120113.18,0.032468988613475025,EVALUATION,0.008125323998691591
ETH-USD,2025-08-13T00:00:00Z,4589.71,4786.36,4562.87,4751.46,324934.36944854,123365.63,0.03285184993864078,EVALUATION,-0.001941340352889398
ETH-USD,2025-08-14T00:00:00Z,4751.54,4792.0,4446.15,4550.59,344363.7591017,118389.79,0.03321144230543831,EVALUATION,-0.015691534097083126
ETH-USD,2025-08-15T00:00:00Z,4550.83,4671.6,4370.0,4442.56,241688.82570246,117436.96,0.03354964227839912,EVALUATION,-0.004082818198573479
ETH-USD,2025-08-16T00:00:00Z,4442.55,4495.15,4376.02,4425.13,81370.11239552,117455.68,0.03385465745151772,EVALUATION,0.011095661047661132
ETH-USD,2025-08-17T00:00:00Z,4425.49,4577.71,4397.65,4475.47,104186.64462627,117488.6,0.034117047178667176,EVALUATION,-0.02554336116868805
ETH-USD,2025-08-18T00:00:00Z,4475.47,4484.57,4227.01,4315.37,224168.99724414,116286.76,0.03441270913392192,EVALUATION,-0.02599371117802418
ETH-USD,2025-08-19T00:00:00Z,4315.95,4356.88,4066.2,4075.89,266984.37093954,112856.19,0.034659914777268916,EVALUATION,0.05133662732926614
ETH-USD,2025-08-20T00:00:00Z,4075.13,4378.23,4062.24,4336.41,204393.53249278,114276.0,0.03484878344739799,EVALUATION,-0.010109493321301288
ETH-USD,2025-08-21T00:00:00Z,4336.42,4340.41,4203.81,4224.43,135477.16502351,112480.3,0.035148839239164904,EVALUATION,0.10427277575126626
ETH-USD,2025-08-22T00:00:00Z,4224.17,4886.1,4204.86,4831.24,382321.64289869,116908.68,0.03548743022198623,EVALUATION,0.001759926469855122
ETH-USD,2025-08-23T00:00:00Z,4830.18,4830.91,4660.55,4776.73,97399.85594592,115383.87,0.036046336975011764,EVALUATION,0.017175000165466137
ETH-USD,2025-08-24T00:00:00Z,4776.73,4955.9,4710.0,4779.87,158333.15493157,113478.0,0.03658525602157662,EVALUATION,-0.05475710297162828
ETH-USD,2025-08-25T00:00:00Z,4779.52,4797.7,4335.66,4377.02,257426.71057578,110127.74,0.037074293360766265,EVALUATION,0.03624216356733356
ETH-USD,2025-08-26T00:00:00Z,4377.02,4634.71,4311.68,4601.64,241823.89422103,111788.01,0.03747908611968984,EVALUATION,-0.01579339119602252
ETH-USD,2025-08-27T00:00:00Z,4601.63,4664.43,4481.39,4506.95,182804.11996722,111253.21,0.03793603463721785,EVALUATION,-0.010914391334178042
ETH-USD,2025-08-28T00:00:00Z,4506.95,4635.0,4428.0,4511.3,139168.54135212,112574.85,0.03829741661525141,EVALUATION,0.003784015354015624
ETH-USD,2025-08-29T00:00:00Z,4511.3,4516.95,4268.0,4360.2,187412.576106,108378.32,0.038582357979385765,EVALUATION,-0.0008505095790478645
ETH-USD,2025-08-30T00:00:00Z,4360.21,4415.29,4257.17,4374.58,66655.29676488,108827.93,0.038764423057789994,EVALUATION,0.009290853602712312
ETH-USD,2025-08-31T00:00:00Z,4374.48,4498.95,4373.06,4391.91,83463.56830359,108247.95,0.03899239958891346,EVALUATION,-0.026736077774737854
ETH-USD,2025-09-01T00:00:00Z,4391.9,4490.0,4209.01,4314.76,119463.39453363,109240.55,0.03924158375833834,EVALUATION,-0.015638752350802143
ETH-USD,2025-09-02T00:00:00Z,4314.87,4417.24,4256.27,4326.57,144877.84602714,111247.94,0.03930582517892685,EVALUATION,0.024512482803696445
ETH-USD,2025-09-03T00:00:00Z,4326.52,4495.45,4283.09,4452.4,143077.06609651,111756.41,0.039324623750964155,EVALUATION,-0.025328063741001938
ETH-USD,2025-09-04T00:00:00Z,4452.39,4484.7,4265.3,4298.37,177760.02779911,110720.79,0.03939476718177425,EVALUATION,0.002617498733967105
ETH-USD,2025-09-05T00:00:00Z,4298.09,4490.0,4253.0,4307.65,209546.87120895,110670.02,0.039444386645598066,EVALUATION,-0.003643674081745707
ETH-USD,2025-09-06T00:00:00Z,4307.65,4328.69,4237.13,4274.15,41875.25454685,110212.6,0.039506810509013154,EVALUATION,-0.0009715439407598225
ETH-USD,2025-09-07T00:00:00Z,4274.24,4336.44,4270.13,4305.56,37354.50429946,111129.61,0.03954121820322091,EVALUATION,-0.008420195103573391
ETH-USD,2025-09-08T00:00:00Z,4305.01,4384.24,4278.78,4305.84,135970.0065259,112072.57,0.03962291129665704,EVALUATION,0.005618722566412271
ETH-USD,2025-09-09T00:00:00Z,4305.85,4382.03,4276.33,4309.93,110554.67476563,111549.32,0.039738127291158644,EVALUATION,-0.012528637018962119
ETH-USD,2025-09-10T00:00:00Z,4309.94,4454.5,4283.77,4350.0,133832.27705062,113983.97,0.03977263615952909,EVALUATION,0.011753292171082341
ETH-USD,2025-09-11T00:00:00Z,4350.38,4480.92,4339.12,4460.51,128739.9909512,115540.0,0.039802945933459094,EVALUATION,0.05207879351658229
ETH-USD,2025-09-12T00:00:00Z,4460.52,4744.75,4452.17,4714.66,195085.25198337,116106.03,0.039666988935824946,EVALUATION,-0.008498872982489858
ETH-USD,2025-09-13T00:00:00Z,4714.66,4768.6,4607.0,4669.0,74925.80480158,115968.35,0.039627384442967685,EVALUATION,-0.007866879073101574
ETH-USD,2025-09-14T00:00:00Z,4669.0,4694.53,4579.44,4605.93,46791.47622757,115314.13,0.039534355862979265,EVALUATION,-0.01824694419639661
ETH-USD,2025-09-15T00:00:00Z,4605.93,4672.0,4464.68,4524.56,117720.34314937,115381.08,0.03954423204222493,EVALUATION,-0.017411287801806896
ETH-USD,2025-09-16T00:00:00Z,4524.68,4538.85,4425.0,4502.7,119821.33855279,116832.56,0.03944673551998297,EVALUATION,0.022850291236432563
ETH-USD,2025-09-17T00:00:00Z,4502.7,4619.18,4416.02,4592.17,164384.79307111,116484.4,0.039348186962964465,EVALUATION,-0.006042469786496141
ETH-USD,2025-09-18T00:00:00Z,4592.17,4646.81,4555.02,4589.4,125688.22234093,117117.99,0.039315650222206885,EVALUATION,-0.013610528635007002
ETH-USD,2025-09-19T00:00:00Z,4589.4,4622.25,4437.45,4471.0,97288.06053699,115690.55,0.03926339171401955,EVALUATION,0.0020800117650017214
ETH-USD,2025-09-20T00:00:00Z,4470.99,4513.01,4456.79,4482.69,39081.2744386,115752.4,0.039185840768627925,EVALUATION,-0.0038935307909823136
ETH-USD,2025-09-21T00:00:00Z,4482.43,4501.1,4445.26,4447.03,37295.56770455,115282.27,0.03909353353027877,EVALUATION,-0.03292310397848419
ETH-USD,2025-09-22T00:00:00Z,4447.34,4458.0,4058.85,4202.42,211133.84496602,112736.59,0.039047401297187055,EVALUATION,-0.0024781117802600283
ETH-USD,2025-09-23T00:00:00Z,4202.3,4233.0,4117.78,4165.19,100228.30178808,112017.21,0.03896666200927884,EVALUATION,-0.014592306293729207
ETH-USD,2025-09-24T00:00:00Z,4165.18,4208.22,4076.0,4153.9,83346.81253793,113348.17,0.03883382513114759,EVALUATION,-0.02892715716650185
ETH-USD,2025-09-25T00:00:00Z,4153.9,4162.65,3825.0,3875.7,282687.98643677,109035.72,0.038725102875234875,EVALUATION,0.03484643822933475
ETH-USD,2025-09-26T00:00:00Z,3875.74,4071.17,3869.14,4034.27,155666.90690747,109697.29,0.038556196053496646,EVALUATION,-0.003303397362150795
ETH-USD,2025-09-27T00:00:00Z,4034.2,4040.95,3974.5,4020.35,41729.01532417,109681.16,0.038455967604132626,EVALUATION,0.0076256103026302036
ETH-USD,2025-09-28T00:00:00Z,4020.34,4145.96,3967.22,4143.25,61349.14384314,112197.67,0.03835153223543613,EVALUATION,-0.0014573164039679565
ETH-USD,2025-09-29T00:00:00Z,4143.36,4239.99,4084.0,4217.25,111587.56348085,114365.07,0.0382769333800235,EVALUATION,-0.01429717258465868
ETH-USD,2025-09-30T00:00:00Z,4217.16,4248.99,4093.0,4145.99,112394.45769006,114067.71,0.038188850495289466,EVALUATION,0.0090729344552678
ETH-USD,2025-10-01T00:00:00Z,4145.98,4358.96,4123.35,4350.52,151382.25097815,118659.97,0.0380980247079223,EVALUATION,0.014954429645452683
ETH-USD,2025-10-02T00:00:00Z,4350.52,4521.03,4335.01,4487.49,153389.71044144,120621.32,0.0380009242172311,EVALUATION,-0.00774078131273348
ETH-USD,2025-10-03T00:00:00Z,4487.3,4596.19,4430.08,4515.89,194121.46395236,122318.4,0.037830755236096636,EVALUATION,-0.006876736702765784
ETH-USD,2025-10-04T00:00:00Z,4515.89,4521.34,4442.6,4490.01,51384.17568724,122458.56,0.037663662931174055,EVALUATION,-0.003019423839399016
ETH-USD,2025-10-05T00:00:00Z,4489.86,4619.31,4469.69,4515.4,85645.8875434,123520.79,0.037499817256379506,EVALUATION,0.02814338522264581
ETH-USD,2025-10-06T00:00:00Z,4515.4,4739.46,4489.11,4686.32,180142.07592977,124720.09,0.037366903989544356,EVALUATION,-0.02380146606033562
ETH-USD,2025-10-07T00:00:00Z,4686.33,4759.16,4432.47,4449.8,198779.53212198,121393.95,0.03731865049939626,EVALUATION,0.0013588759624645341
ETH-USD,2025-10-08T00:00:00Z,4449.81,4559.89,4411.13,4527.3,133876.75247388,123343.25,0.03718029128898594,EVALUATION,-0.021341038379076416
ETH-USD,2025-10-09T00:00:00Z,4526.93,4532.97,4266.83,4370.9,141076.62781726,121714.51,0.037056229450942405,EVALUATION,-0.0505832511074894
ETH-USD,2025-10-10T00:00:00Z,4370.72,4397.03,3510.0,3836.15,386709.49939687,112980.28,0.03691947371162858,EVALUATION,-0.0027277661149391896
ETH-USD,2025-10-11T00:00:00Z,3836.89,3887.34,3648.28,3750.6,155467.48573337,110768.89,0.036680854466435285,EVALUATION,0.06933401484305324
ETH-USD,2025-10-12T00:00:00Z,3750.8,4200.28,3698.71,4156.21,151733.45389149,115067.98,0.03644508171333274,EVALUATION,0.019497945331017563
ETH-USD,2025-10-13T00:00:00Z,4156.38,4295.57,4045.49,4244.69,153339.31784774,115274.03,0.036387239407569494,EVALUATION,-0.008732847415817369
ETH-USD,2025-10-14T00:00:00Z,4244.69,4267.41,3892.16,4126.39,243536.31872992,113068.0,0.036369195486309104,EVALUATION,-0.013629403229986514
ETH-USD,2025-10-15T00:00:00Z,4126.26,4218.58,3930.31,3987.53,157726.70619812,110804.12,0.036361570633649136,EVALUATION,0.0002926526001681973
ETH-USD,2025-10-16T00:00:00Z,3987.28,4090.0,3826.72,3894.91,161382.6010111,108198.0,0.03638366900469449,EVALUATION,0.0001349722801397002
ETH-USD,2025-10-17T00:00:00Z,3895.0,3952.8,3673.64,3832.99,202879.86788105,106463.3,0.03634474890885324,EVALUATION,0.007974416976701093
ETH-USD,2025-10-18T00:00:00Z,3832.86,3930.25,3820.14,3890.4,45567.63757722,107208.91,0.03631215095221226,EVALUATION,0.0103392688034325
ETH-USD,2025-10-19T00:00:00Z,3890.4,4032.4,3829.23,3983.89,89989.11920544,108676.78,0.03628014594975497,EVALUATION,-0.018273805527978748
ETH-USD,2025-10-20T00:00:00Z,3984.11,4086.0,3908.36,3980.42,100967.70620232,110568.06,0.036269286953918914,EVALUATION,-0.00664305818992128
ETH-USD,2025-10-21T00:00:00Z,3980.43,4113.15,3838.88,3874.57,167898.09575775,108362.27,0.036251936051279327,EVALUATION,-0.010502636208746252
ETH-USD,2025-10-22T00:00:00Z,3874.8,3891.6,3711.49,3806.12,144557.44893026,107585.98,0.03620653387574748,EVALUATION,-0.009778139719762269
ETH-USD,2025-10-23T00:00:00Z,3806.25,3936.1,3796.77,3858.41,112678.89994476,110116.03,0.03611525124696392,EVALUATION,0.01172501739712084
ETH-USD,2025-10-24T00:00:00Z,3858.41,4024.31,3847.36,3936.1,122248.90258364,111042.13,0.036021269014302845,EVALUATION,-0.0009404500420135964
ETH-USD,2025-10-25T00:00:00Z,3936.1,3965.44,3911.88,3954.52,25280.14115745,111666.21,0.03596033702506814,EVALUATION,0.025851886613081687
ETH-USD,2025-10-26T00:00:00Z,3954.5,4178.82,3919.34,4158.81,65472.37802493,114548.09,0.03590323538763992,EVALUATION,-0.005283178594886917
ETH-USD,2025-10-27T00:00:00Z,4159.05,4254.23,4094.72,4120.1,131419.43492108,114087.06,0.035839812178748175,EVALUATION,-0.023597655242725946
ETH-USD,2025-10-28T00:00:00Z,4120.0,4177.54,3931.8,3980.25,112997.59147629,112906.75,0.0358127014611884,EVALUATION,0.0063532852577634635
ETH-USD,2025-10-29T00:00:00Z,3980.2,4038.7,3838.0,3904.2,118300.54341506,110032.13,0.03574008425657124,EVALUATION,-0.00999184979420209
ETH-USD,2025-10-30T00:00:00Z,3904.17,3949.34,3676.04,3804.02,139553.89852977,108308.18,0.035718648213393406,EVALUATION,-0.0005337843755779392
ETH-USD,2025-10-31T00:00:00Z,3804.24,3903.62,3795.51,3845.79,123546.29718716,109555.27,0.035777049716444895,EVALUATION,0.002320508233547569
ETH-USD,2025-11-01T00:00:00Z,3846.44,3908.94,3829.2,3872.16,26667.45704268,110052.25,0.03583924790825366,EVALUATION,0.004335830469342383
ETH-USD,2025-11-02T00:00:00Z,3872.07,3916.5,3838.27,3905.97,31963.95389787,110536.01,0.03579250474171589,EVALUATION,-0.041608058662449876
ETH-USD,2025-11-03T00:00:00Z,3906.01,3914.06,3552.4,3602.88,167062.25570553,106557.98,0.03571820598419932,EVALUATION,-0.0401277473876811
ETH-USD,2025-11-04T00:00:00Z,3602.88,3653.6,3055.0,3286.21,314015.40004056,101468.15,0.03558404036137121,EVALUATION,0.018235168543594416
ETH-USD,2025-11-05T00:00:00Z,3286.41,3481.76,3165.58,3423.89,205596.700027,103869.0,0.03540401116860817,EVALUATION,-0.007428249893449812
ETH-USD,2025-11-06T00:00:00Z,3423.9,3455.93,3243.6,3313.46,188062.26831086,101290.5,0.03525228894052471,EVALUATION,0.016607687060107068
ETH-USD,2025-11-07T00:00:00Z,3313.47,3472.1,3191.02,3433.71,175288.79692612,103284.27,0.0350877650811658,EVALUATION,-1.397384808499158e-05
ETH-USD,2025-11-08T00:00:00Z,3433.92,3487.39,3354.41,3400.46,75557.97738948,102285.57,0.03493562548084149,EVALUATION,0.03010202205641832
ETH-USD,2025-11-09T00:00:00Z,3400.47,3622.45,3356.85,3582.92,97906.75276072,104694.95,0.03476495622238312,EVALUATION,-0.016853954253326142
ETH-USD,2025-11-10T00:00:00Z,3582.92,3658.38,3505.14,3566.49,124625.79870813,105979.38,0.03467609346346933,EVALUATION,-0.01401953611316853
ETH-USD,2025-11-11T00:00:00Z,3566.41,3647.38,3403.41,3416.54,122912.10083045,103009.35,0.03457094184151115,EVALUATION,0.012577183667171088
ETH-USD,2025-11-12T00:00:00Z,3416.54,3587.94,3371.59,3414.06,130120.8908459,101639.01,0.03446043226150227,EVALUATION,-0.0340966298425599
ETH-USD,2025-11-13T00:00:00Z,3414.06,3564.4,3150.0,3229.65,207375.27877133,99614.54,0.03438796033047194,EVALUATION,0.01409828476098729
ETH-USD,2025-11-14T00:00:00Z,3229.68,3255.0,3067.74,3109.49,193349.98553734,94503.96,0.03423668859558475,EVALUATION,0.007254677267456433
ETH-USD,2025-11-15T00:00:00Z,3109.89,3228.54,3108.21,3166.3,60465.46978573,95544.94,0.03411116462128219,EVALUATION,-0.009142626741538873
ETH-USD,2025-11-16T00:00:00Z,3166.3,3246.44,3001.13,3092.25,113366.47629324,94183.97,0.033952821777844665,EVALUATION,0.001306894915084289
ETH-USD,2025-11-17T00:00:00Z,3092.24,3221.13,2955.01,3027.89,195102.07233124,92100.6,0.03378874035254905,EVALUATION,0.022158539790740672
ETH-USD,2025-11-18T00:00:00Z,3027.89,3168.98,2943.75,3121.74,200616.77009048,92914.46,0.03366990816611366,EVALUATION,-0.015961230001036997
ETH-USD,2025-11-19T00:00:00Z,3121.5,3124.1,2868.5,3023.1,245497.12319725,91461.6,0.0335756899916909,EVALUATION,-0.009834992955772948
ETH-USD,2025-11-20T00:00:00Z,3023.11,3061.05,2786.9,2830.59,215908.80878084,86536.88,0.03347224150046166,EVALUATION,-0.006564798055873289
ETH-USD,2025-11-21T00:00:00Z,2830.31,2882.31,2620.0,2763.99,289458.97165947,85068.88,0.03335254082304804,EVALUATION,0.006156032794546351
ETH-USD,2025-11-22T00:00:00Z,2763.99,2797.86,2702.71,2768.5,93138.03438977,84684.0,0.03321786373700409,EVALUATION,-0.01329500793383942
ETH-USD,2025-11-23T00:00:00Z,2768.4,2857.19,2766.72,2801.14,103122.45973534,86808.28,0.03308563857745094,EVALUATION,0.037272561322527764
ETH-USD,2025-11-24T00:00:00Z,2801.14,2985.82,2762.0,2952.59,183914.24759294,88266.2,0.033008471991929335,EVALUATION,0.012552951262015166
ETH-USD,2025-11-25T00:00:00Z,2952.58,2979.0,2854.98,2958.17,129153.15107452,87325.01,0.03306168969234219,EVALUATION,-0.012926407747825497
ETH-USD,2025-11-26T00:00:00Z,2958.17,3044.78,2887.88,3026.43,105309.10876742,90468.84,0.03310728286563638,EVALUATION,-0.013194831757602277
ETH-USD,2025-11-27T00:00:00Z,3026.34,3071.58,2983.79,3014.86,73449.92905273,91316.7,0.033144297249342966,EVALUATION,0.010172408500231045
ETH-USD,2025-11-28T00:00:00Z,3014.9,3099.0,2993.63,3031.86,128095.41347223,90902.7,0.033132806852167,EVALUATION,-0.012883360925976195
ETH-USD,2025-11-29T00:00:00Z,3031.86,3053.53,2963.0,2990.31,59997.88078648,90828.06,0.033138208708978364,EVALUATION,0.005580267421889218
ETH-USD,2025-11-30T00:00:00Z,2990.3,3053.78,2976.98,2991.9,42972.80053891,90369.51,0.033073222874989074,EVALUATION,-0.019480954634772618
ETH-USD,2025-12-01T00:00:00Z,2991.68,3000.07,2716.82,2798.3,173487.80302209,86282.36,0.03304595921943141,EVALUATION,0.012653173440550614
ETH-USD,2025-12-02T00:00:00Z,2798.25,3034.84,2781.87,2996.7,128062.03226086,91308.05,0.033009189692233605,EVALUATION,0.040933654333203506
ETH-USD,2025-12-03T00:00:00Z,2996.6,3214.99,2986.28,3189.79,166820.22275226,93453.84,0.03297067037279976,EVALUATION,-0.0028935753938204023
ETH-USD,2025-12-04T00:00:00Z,3189.8,3241.57,3067.09,3134.13,146083.73369148,92093.54,0.033056209373310816,EVALUATION,-0.005740501197058712
ETH-USD,2025-12-05T00:00:00Z,3134.09,3194.24,2985.36,3022.61,139256.13602594,89345.29,0.03311264694625179,EVALUATION,0.006330881761099083
ETH-USD,2025-12-06T00:00:00Z,3022.51,3068.83,3012.66,3039.13,36886.93732815,89267.97,0.033147210912876326,EVALUATION,-0.005510770951784538
ETH-USD,2025-12-07T00:00:00Z,3039.12,3150.2,2910.08,3061.0,73740.78542865,90402.29,0.033207861004400305,EVALUATION,0.01810254810175982
ETH-USD,2025-12-08T00:00:00Z,3060.71,3180.0,3040.27,3124.93,118930.55246979,90653.86,0.03325705415404202,EVALUATION,0.039495988797366266
ETH-USD,2025-12-09T00:00:00Z,3124.93,3398.0,3090.92,3318.54,135391.03238959,92690.0,0.03330070460540788,EVALUATION,0.009008551140163856
ETH-USD,2025-12-10T00:00:00Z,3318.24,3477.44,3288.78,3325.02,124648.6028813,92035.99,0.03343817220155687,EVALUATION,-0.03184967911107317
ETH-USD,2025-12-11T00:00:00Z,3325.26,3328.54,3145.53,3237.4,144773.67579285,92542.0,0.03360905975530091,EVALUATION,-0.022638045768481052
ETH-USD,2025-12-12T00:00:00Z,3237.7,3266.95,3045.3,3084.91,120880.53475436,90278.0,0.03373365148819855,EVALUATION,0.010005155229988905
ETH-USD,2025-12-13T00:00:00Z,3084.91,3135.78,3079.05,3115.0,33885.15056189,90255.32,0.033807606519898434,EVALUATION,0.006489727783192456
ETH-USD,2025-12-14T00:00:00Z,3115.0,3130.35,3025.14,3063.3,52828.2429336,88171.61,0.03391986056734832,EVALUATION,-0.012391171711906401
ETH-USD,2025-12-15T00:00:00Z,3063.44,3178.0,2893.38,2964.4,188580.10039244,86417.5,0.033984435846876215,EVALUATION,-0.017446007036169497
ETH-USD,2025-12-16T00:00:00Z,2964.51,2981.8,2878.01,2961.96,108885.75640921,87854.01,0.0340058275024762,EVALUATION,-0.025076354374623855
ETH-USD,2025-12-17T00:00:00Z,2961.99,3028.99,2790.01,2832.25,153896.3781066,86209.77,0.03401891922776832,EVALUATION,0.0066913374371943
ETH-USD,2025-12-18T00:00:00Z,2832.25,2995.99,2773.42,2826.57,150314.12370061,85460.02,0.03401079803883837,EVALUATION,0.022778980825894468
ETH-USD,2025-12-19T00:00:00Z,2826.57,3017.41,2806.9,2978.03,120797.81921161,88092.65,0.033996896007863195,EVALUATION,-0.0031063954973561403
ETH-USD,2025-12-20T00:00:00Z,2977.95,2992.98,2964.43,2976.6,22537.36877657,88324.0,0.03404104114043856,EVALUATION,0.004761202221918559
ETH-USD,2025-12-21T00:00:00Z,2976.7,3012.25,2943.0,3001.42,38659.49857414,88639.95,0.034070716839423816,EVALUATION,0.003027414257774308
ETH-USD,2025-12-22T00:00:00Z,3001.37,3075.84,2962.08,3007.69,97545.57724577,88556.77,0.0341421625592635,EVALUATION,-0.0021770700992645997
ETH-USD,2025-12-23T00:00:00Z,3007.62,3033.98,2900.0,2962.85,87383.52700078,87429.32,0.03419934966059305,EVALUATION,-0.008056467723979499
ETH-USD,2025-12-24T00:00:00Z,2962.71,2976.3,2886.35,2945.07,73342.07583396,87609.03,0.0341871629214689,EVALUATION,-0.009516927679431464
ETH-USD,2025-12-25T00:00:00Z,2944.96,2969.34,2889.03,2902.34,31419.70884907,87171.68,0.034166364251059275,EVALUATION,0.006529383617698947
ETH-USD,2025-12-26T00:00:00Z,2902.34,2991.8,2892.35,2925.43,65611.25452567,87296.01,0.03413955775711205,EVALUATION,0.00137155558927482
ETH-USD,2025-12-27T00:00:00Z,2925.58,2958.84,2915.39,2946.6,17100.49298785,87808.0,0.03411288724921993,EVALUATION,-1.759923887512116e-06
ETH-USD,2025-12-28T00:00:00Z,2946.34,2958.89,2923.24,2948.92,20908.58592207,87877.29,0.034097764504868705,EVALUATION,0.00372745481108705
ETH-USD,2025-12-29T00:00:00Z,2948.91,3054.7,2907.07,2934.19,88554.14320991,87110.78,0.03405207646005402,EVALUATION,-0.0024235462297961252
ETH-USD,2025-12-30T00:00:00Z,2934.18,3005.9,2915.01,2970.42,113086.56309377,88397.5,0.03394611965525695,EVALUATION,0.008971089120311415
ETH-USD,2025-12-31T00:00:00Z,2970.42,3024.29,2958.07,2966.84,84906.66933587,87497.94,0.03381989953766276,EVALUATION,-0.002861264519490314
ETH-USD,2026-01-01T00:00:00Z,2966.68,3006.97,2966.2,3000.41,31274.2034847,88738.34,0.033766124858030926,SUPPORT_FORWARD_RETURN,
