instrument,timestamp,open,high,low,close,volume,funding_rate,funding_rate_avg_20,row_role,forward_return_1d
BTC-USD,2023-12-11T00:00:00Z,43793.67,43811.81,40150.0,41229.61,25524.67094691,8.962353333333333e-05,,SUPPORT_FUNDSURGE20_WARMUP,
BTC-USD,2023-12-12T00:00:00Z,41229.61,42088.56,40636.51,41477.39,13414.86773655,5.5549524999999996e-05,,SUPPORT_FUNDSURGE20_WARMUP,
BTC-USD,2023-12-13T00:00:00Z,41477.6,43475.0,40553.15,42885.54,15798.66423037,3.964308333333334e-05,,SUPPORT_FUNDSURGE20_WARMUP,
BTC-USD,2023-12-14T00:00:00Z,42887.39,43442.15,41426.76,43027.77,15434.25971384,1.3137283333333335e-05,,SUPPORT_FUNDSURGE20_WARMUP,
BTC-USD,2023-12-15T00:00:00Z,43027.77,43095.71,41640.51,41933.89,10861.72864667,2.40385875e-05,,SUPPORT_FUNDSURGE20_WARMUP,
BTC-USD,2023-12-16T00:00:00Z,41934.84,42680.2,41626.66,42237.29,5315.65582307,1.2544416666666666e-05,,SUPPORT_FUNDSURGE20_WARMUP,
BTC-USD,2023-12-17T00:00:00Z,42235.23,42367.82,41222.0,41349.59,6649.06495765,1.1993279166666668e-05,,SUPPORT_FUNDSURGE20_WARMUP,
BTC-USD,2023-12-18T00:00:00Z,41349.59,42754.79,40508.01,42650.01,13394.33474824,1.8353429166666667e-05,,SUPPORT_FUNDSURGE20_WARMUP,
BTC-USD,2023-12-19T00:00:00Z,42650.01,43461.86,41780.0,42266.22,13403.93447528,4.370903333333334e-05,,SUPPORT_FUNDSURGE20_WARMUP,
BTC-USD,2023-12-20T00:00:00Z,42266.25,44324.86,42184.48,43674.77,19307.1089644,5.171963333333333e-05,,SUPPORT_FUNDSURGE20_WARMUP,
BTC-USD,2023-12-21T00:00:00Z,43673.11,44250.0,43295.78,43875.32,13170.9728222,7.550054166666666e-05,,SUPPORT_FUNDSURGE20_WARMUP,
BTC-USD,2023-12-22T00:00:00Z,43875.56,44424.36,43412.82,44013.73,10733.55348079,7.294390833333334e-05,,SUPPORT_FUNDSURGE20_WARMUP,
BTC-USD,2023-12-23T00:00:00Z,44013.65,44033.84,43333.35,43726.35,4075.08953972,7.174784583333334e-05,,SUPPORT_FUNDSURGE20_WARMUP,
BTC-USD,2023-12-24T00:00:00Z,43728.36,43985.67,42614.17,43025.03,4947.00165569,7.622387083333333e-05,,SUPPORT_FUNDSURGE20_WARMUP,
BTC-USD,2023-12-25T00:00:00Z,43025.02,43818.29,42755.35,43589.67,4799.73104807,7.438184583333334e-05,,SUPPORT_FUNDSURGE20_WARMUP,
BTC-USD,2023-12-26T00:00:00Z,43589.67,43605.0,41600.67,42515.53,13035.02745535,8.340727083333334e-05,,SUPPORT_FUNDSURGE20_WARMUP,
BTC-USD,2023-12-27T00:00:00Z,42521.21,43709.98,42111.47,43474.4,12917.48404475,8.722467083333333e-05,,SUPPORT_FUNDSURGE20_WARMUP,
BTC-USD,2023-12-28T00:00:00Z,43469.06,43830.34,42265.08,42581.23,13583.91599843,4.92685e-05,,SUPPORT_FUNDSURGE20_WARMUP,
BTC-USD,2023-12-29T00:00:00Z,42581.23,43137.1,41300.0,42063.45,16756.43323881,8.943787916666666e-05,,SUPPORT_FUNDSURGE20_WARMUP,
BTC-USD,2023-12-30T00:00:00Z,42064.22,42593.73,41518.19,42141.03,11609.82377015,3.7799529166666664e-05,,SUPPORT_FUNDSURGE20_WARMUP,
BTC-USD,2023-12-31T00:00:00Z,42139.32,42850.0,41964.68,42288.06,11397.57303743,3.703230416666667e-05,,SUPPORT_FUNDSURGE20_WARMUP,
BTC-USD,2024-01-01T00:00:00Z,42288.58,44240.8,42175.65,44220.78,7977.72851143,7.431492083333334e-05,5.391238333333333e-05,EVALUATION,0.017006032005767446
BTC-USD,2024-01-02T00:00:00Z,44220.78,45925.82,44195.13,44972.8,29583.38407747,9.661364583333334e-05,5.1282821875e-05,EVALUATION,-0.04692525259712543
BTC-USD,2024-01-03T00:00:00Z,44972.81,45519.32,40625.68,42862.44,32281.85234351,8.306933750000001e-05,5.222109166666667e-05,EVALUATION,0.031049328969605883
BTC-USD,2024-01-04T00:00:00Z,42860.58,44800.0,42650.0,44193.29,18193.81684353,7.483028333333333e-05,5.506961979166667e-05,EVALUATION,-0.00015160672581748802
BTC-USD,2024-01-05T00:00:00Z,44198.35,44443.37,42450.0,44186.59,18073.09561495,4.709737083333334e-05,5.85662225e-05,EVALUATION,-0.004393867008067209
BTC-USD,2024-01-06T00:00:00Z,44187.76,44260.95,43436.5,43992.44,5691.43460343,2.5238433333333332e-05,6.110580729166667e-05,EVALUATION,-0.0009583464795315244
BTC-USD,2024-01-07T00:00:00Z,43992.79,44510.01,43629.7,43950.28,5931.34650683,4.58127375e-05,6.2833455e-05,EVALUATION,0.06927873952111341
BTC-USD,2024-01-08T00:00:00Z,43954.52,47330.0,43200.44,46995.1,26447.17326625,8.7075625e-05,6.349571270833334e-05,EVALUATION,-0.01853427272204966
BTC-USD,2024-01-09T00:00:00Z,46995.09,47901.0,44701.54,46124.08,26305.56366042,8.933367499999999e-05,6.4868678125e-05,EVALUATION,0.011751562307584118
BTC-USD,2024-01-10T00:00:00Z,46120.79,47732.5,44320.01,46666.11,36534.39765866,9.10836125e-05,6.703700770833334e-05,EVALUATION,-0.006931154107338244
BTC-USD,2024-01-11T00:00:00Z,46678.54,49102.29,45555.55,46342.66,38150.89478822,5.2663612500000006e-05,6.891770979166666e-05,EVALUATION,-0.07702686897989897
BTC-USD,2024-01-12T00:00:00Z,46344.96,46522.2,41444.97,42773.03,46862.43347199,2.6035879166666667e-05,6.969686333333334e-05,EVALUATION,0.0015500421644201179
BTC-USD,2024-01-13T00:00:00Z,42775.1,43250.0,42427.0,42839.33,10998.76404264,2.164614583333333e-05,6.868284854166668e-05,EVALUATION,-0.026657746514709757
BTC-USD,2024-01-14T00:00:00Z,42839.32,43064.13,41680.73,41697.33,7834.26155365,2.8387429166666666e-05,6.639725020833334e-05,EVALUATION,0.019013927270643105
BTC-USD,2024-01-15T00:00:00Z,41698.13,43331.91,41680.0,42490.16,10869.45830576,1.5244179166666668e-05,6.366836395833333e-05,EVALUATION,0.01506913600701898
BTC-USD,2024-01-16T00:00:00Z,42481.69,43569.23,42028.02,43130.45,18180.4405406,9.171233333333333e-06,6.1368643125e-05,EVALUATION,-0.009064593576000202
BTC-USD,2024-01-17T00:00:00Z,43130.35,43185.47,42160.0,42739.49,16381.8407159,1.3940354166666667e-05,5.796048854166667e-05,EVALUATION,-0.033832645171947506
BTC-USD,2024-01-18T00:00:00Z,42737.68,42877.22,40600.05,41293.5,25097.42399202,2.2894816666666666e-05,5.4057816666666666e-05,EVALUATION,0.008005376148788601
BTC-USD,2024-01-19T00:00:00Z,41290.57,42159.52,40236.49,41624.07,22745.55271173,1.2793037500000002e-05,5.2291409375e-05,EVALUATION,0.0010234462896108187
BTC-USD,2024-01-20T00:00:00Z,41623.94,41846.15,41418.55,41666.67,4836.63124969,1.1952887500000001e-05,4.896425625e-05,EVALUATION,-0.002702879783769485
BTC-USD,2024-01-21T00:00:00Z,41666.67,41858.59,41472.49,41554.05,3138.26294449,1.1858425000000002e-05,4.771393166666667e-05,EVALUATION,-0.048846742976918156
BTC-USD,2024-01-22T00:00:00Z,41553.92,41658.0,39372.44,39524.27,26539.34338688,6.089462500000001e-06,4.645996083333334e-05,EVALUATION,0.008957281184447163
BTC-USD,2024-01-23T00:00:00Z,39524.27,40144.49,38501.0,39878.3,21966.56334645,2.5643904166666666e-05,4.333713604166667e-05,EVALUATION,0.005002219252074225
BTC-USD,2024-01-24T00:00:00Z,39878.28,40527.26,39382.15,40077.78,17438.97734668,3.1416075000000004e-05,3.8810926875e-05,EVALUATION,-0.003396395708544664
BTC-USD,2024-01-25T00:00:00Z,40079.87,40282.87,39503.0,39941.66,12978.7331205,1.57969875e-05,3.593965520833333e-05,EVALUATION,0.04689689912737727
BTC-USD,2024-01-26T00:00:00Z,39941.66,42243.14,39805.95,41814.8,19359.37921096,6.6617875e-06,3.376894479166667e-05,EVALUATION,0.007455494226924486
BTC-USD,2024-01-27T00:00:00Z,41814.96,42199.99,41383.94,42126.55,3774.45056434,9.027791666666667e-06,3.2203925625e-05,EVALUATION,-0.002182946384168827
BTC-USD,2024-01-28T00:00:00Z,42126.55,42839.07,41617.53,42034.59,4298.44263812,-1.4925708333333332e-06,3.127509333333333e-05,EVALUATION,0.030251038489967463
BTC-USD,2024-01-29T00:00:00Z,42034.57,43326.77,41787.35,43306.18,12529.09255982,1.8572333333333334e-06,2.9435846041666668e-05,EVALUATION,-0.008391412034033041
BTC-USD,2024-01-30T00:00:00Z,43303.3,43872.99,42680.2,42942.78,16384.61219735,-1.5659441666666666e-05,2.5007436249999998e-05,EVALUATION,-0.009191300609788122
BTC-USD,2024-01-31T00:00:00Z,42937.72,43741.94,42265.77,42548.08,15320.62044085,-8.535200000000001e-06,2.063361416666667e-05,EVALUATION,0.012473653335238533
BTC-USD,2024-02-01T00:00:00Z,42545.47,43276.19,41846.04,43078.81,11526.63383073,4.918941666666667e-06,1.5296461458333334e-05,EVALUATION,0.0023874847053575454
BTC-USD,2024-02-02T00:00:00Z,43080.38,43700.0,42527.58,43181.66,12202.24125895,1.2162683333333335e-05,1.2236520833333335e-05,EVALUATION,-0.003959782926362787
BTC-USD,2024-02-03T00:00:00Z,43183.62,43358.13,42863.58,43010.67,2254.45335539,-1.8555208333333334e-06,1.1180673958333335e-05,EVALUATION,-0.010279309761972888
BTC-USD,2024-02-04T00:00:00Z,43007.82,43100.0,42228.01,42568.55,2643.251649,8.834520833333334e-06,1.0706500833333334e-05,EVALUATION,0.0020935643802759696
BTC-USD,2024-02-05T00:00:00Z,42571.91,43520.0,42235.0,42657.67,8756.87806894,1.0539358333333333e-05,9.194353333333334e-06,EVALUATION,0.0102706031529618
BTC-USD,2024-02-06T00:00:00Z,42658.3,43372.79,42516.07,43095.79,7940.36830921,8.568858333333333e-06,8.873870416666667e-06,EVALUATION,0.028954568416079685
BTC-USD,2024-02-07T00:00:00Z,43097.16,44430.0,42760.44,44343.61,12440.36853251,1.2826745833333335e-05,8.942276666666668e-06,EVALUATION,0.021684973325356127
BTC-USD,2024-02-08T00:00:00Z,44345.94,45637.38,44335.0,45305.2,19283.80580787,3.846320833333333e-05,8.673701875e-06,EVALUATION,0.040949162568535424
BTC-USD,2024-02-09T00:00:00Z,45304.83,48230.02,45252.93,47160.41,22108.85067543,5.2871062500000004e-05,8.170298333333333e-06,EVALUATION,0.012863543807188904
BTC-USD,2024-02-10T00:00:00Z,47157.01,48179.43,46889.53,47767.06,5663.309891,3.5973229166666664e-05,9.453806875e-06,EVALUATION,0.011498300293131036
BTC-USD,2024-02-11T00:00:00Z,47767.06,48614.0,47590.3,48316.3,5243.1260706,2.2797683333333334e-05,1.1499715625000001e-05,EVALUATION,0.03364309767097229
BTC-USD,2024-02-12T00:00:00Z,48321.14,50363.42,47715.67,49941.81,18545.08725852,6.606504166666667e-05,1.2705455833333335e-05,EVALUATION,-0.004334043960360967
BTC-USD,2024-02-13T00:00:00Z,49941.95,50423.42,48327.81,49725.36,20471.56790372,4.618365e-05,1.3540866875000001e-05,EVALUATION,0.042900242451738846
BTC-USD,2024-02-14T00:00:00Z,49724.55,52111.0,49253.92,51858.59,20249.94369733,4.731572083333333e-05,1.556192375e-05,EVALUATION,0.0014597388783614829
BTC-USD,2024-02-15T00:00:00Z,51858.51,52890.0,51353.49,51934.29,18465.04404385,3.7540154166666666e-05,1.63003025e-05,EVALUATION,0.0043969023163694665
BTC-USD,2024-02-16T00:00:00Z,51935.23,52608.2,51597.87,52162.64,13816.27351282,1.5598804166666666e-05,1.7876239166666665e-05,EVALUATION,-0.009516772924069716
BTC-USD,2024-02-17T00:00:00Z,52162.65,52214.05,50642.36,51666.22,5387.3486576,3.4501762499999996e-05,1.94201575e-05,EVALUATION,0.009433823492409399
BTC-USD,2024-02-18T00:00:00Z,51666.23,52400.0,51174.38,52153.63,3997.17143898,2.5373266666666666e-05,1.9748708124999998e-05,EVALUATION,-0.007028849190363062
BTC-USD,2024-02-19T00:00:00Z,52153.63,52501.01,51687.98,51787.05,6009.01451962,2.3530645833333332e-05,2.1548424791666667e-05,EVALUATION,0.009470900543668614
BTC-USD,2024-02-20T00:00:00Z,51787.05,53000.0,50764.01,52277.52,15888.87599974,1.9861583333333333e-05,2.2724226458333332e-05,EVALUATION,-0.008145948774922696
BTC-USD,2024-02-21T00:00:00Z,52277.53,52394.91,50628.6,51851.67,13735.03407249,1.9313058333333335e-05,2.4683730833333332e-05,EVALUATION,-0.011435890107300284
BTC-USD,2024-02-22T00:00:00Z,51851.46,52076.0,50905.65,51258.7,13104.51408087,1.4638979166666666e-05,2.6103569999999996e-05,EVALUATION,-0.009981720176282183
BTC-USD,2024-02-23T00:00:00Z,51260.29,51512.68,50513.01,50747.05,11679.16625824,1.6339333333333335e-05,2.6823275833333334e-05,EVALUATION,0.016229514819088076
BTC-USD,2024-02-24T00:00:00Z,50746.98,51696.19,50576.55,51570.65,3448.96576791,2.0080995833333334e-05,2.6947090625000002e-05,EVALUATION,0.003109326719752392
BTC-USD,2024-02-25T00:00:00Z,51568.63,51967.82,51275.01,51731.0,3617.40106809,2.0154104166666667e-05,2.7856833333333334e-05,EVALUATION,0.05417409290367492
BTC-USD,2024-02-26T00:00:00Z,51730.96,54980.0,50901.23,54533.48,22422.38763854,3.24114e-05,2.8419157083333334e-05,EVALUATION,0.04664272296578176
BTC-USD,2024-02-27T00:00:00Z,54530.32,57646.81,54490.8,57077.07,28791.48651731,6.13291375e-05,2.8899894375000003e-05,EVALUATION,0.09534178961884354
BTC-USD,2024-02-28T00:00:00Z,57077.08,64100.0,56723.48,62518.9,48265.6721171,0.0001689272875,3.0092021458333336e-05,EVALUATION,-0.021431439132806318
BTC-USD,2024-02-29T00:00:00Z,62520.06,63675.48,60355.61,61179.03,36825.89535085,0.00012121797500000001,3.251714104166667e-05,EVALUATION,0.020557534174700187
BTC-USD,2024-03-01T00:00:00Z,61179.03,63267.18,60788.33,62436.72,24696.65692545,7.892530416666667e-05,3.9040344999999996e-05,EVALUATION,-0.006261379521538046
BTC-USD,2024-03-02T00:00:00Z,62439.74,62500.0,61623.39,62045.78,6882.38410251,7.486320416666666e-05,4.2457690624999995e-05,EVALUATION,0.017869224949706553
BTC-USD,2024-03-03T00:00:00Z,62045.78,63260.0,61388.0,63154.49,7314.17629968,0.00011799406249999999,4.4605294375e-05,EVALUATION,0.0824272351815365
BTC-USD,2024-03-04T00:00:00Z,63155.74,68602.98,62300.0,68360.14,40600.36656889,0.0001338309,4.7208570416666666e-05,EVALUATION,-0.06669617704118225
BTC-USD,2024-03-05T00:00:00Z,68356.7,69324.58,59224.68,63800.78,65575.09537327,0.0002554106833333333,4.980502145833333e-05,EVALUATION,0.03638670248232079
BTC-USD,2024-03-06T00:00:00Z,63802.15,67654.06,62832.39,66122.28,34655.98799427,0.00016443297083333335,5.418738395833333e-05,EVALUATION,0.012339713633589211
BTC-USD,2024-03-07T00:00:00Z,66115.48,68098.09,65599.63,66938.21,22228.36739914,9.385014166666667e-05,6.459213208333333e-05,EVALUATION,0.020182045501366153
BTC-USD,2024-03-08T00:00:00Z,66938.21,70199.0,66157.09,68289.16,33749.52797544,0.00011146745833333333,7.093677291666666e-05,EVALUATION,0.002794587017910244
BTC-USD,2024-03-09T00:00:00Z,68289.16,68700.41,68047.62,68480.0,9005.50992187,7.96633125e-05,7.484933979166666e-05,EVALUATION,0.008062499999999861
BTC-USD,2024-03-10T00:00:00Z,68480.01,70000.0,68221.13,69032.12,12163.05713369,8.285569166666667e-05,7.869762458333333e-05,EVALUATION,0.04460039761201018
BTC-USD,2024-03-11T00:00:00Z,69032.8,72943.98,67112.21,72110.98,32332.72583229,6.0632812500000004e-05,8.141212687500001e-05,EVALUATION,-0.008806564548145102
BTC-USD,2024-03-12T00:00:00Z,72110.98,73027.63,68603.0,71475.93,29420.19277654,9.178060833333332e-05,8.437837916666666e-05,EVALUATION,0.023212149880386335
BTC-USD,2024-03-13T00:00:00Z,71473.43,73709.99,71337.3,73135.04,21455.92195688,9.420070416666667e-05,8.6416940625e-05,EVALUATION,-0.02420809505265864
BTC-USD,2024-03-14T00:00:00Z,73135.04,73835.57,68454.47,71364.58,34226.602618,9.274665416666667e-05,9.0040318125e-05,EVALUATION,-0.026031120760466875
BTC-USD,2024-03-15T00:00:00Z,71364.58,72414.96,65565.7,69506.88,40195.84231178,6.9127925e-05,9.4018404375e-05,EVALUATION,-0.06118329581186788
BTC-USD,2024-03-16T00:00:00Z,69514.87,70050.0,64774.05,65254.22,16532.825303,2.1706495833333334e-05,9.783877041666667e-05,EVALUATION,0.04734437098474231
BTC-USD,2024-03-17T00:00:00Z,65254.22,68877.82,64505.0,68343.64,12631.85084112,4.742049583333333e-05,0.00010029111687500001,EVALUATION,-0.01069009493787576
BTC-USD,2024-03-18T00:00:00Z,68354.29,68933.71,66562.65,67613.04,20057.37580028,2.944825e-05,0.00010036873645833332,EVALUATION,-0.08440339319160917
BTC-USD,2024-03-19T00:00:00Z,67609.39,68136.39,61506.0,61906.27,40111.97553957,4.117359166666667e-05,0.00010111919125000001,EVALUATION,0.09615391138894336
BTC-USD,2024-03-20T00:00:00Z,61902.57,68150.0,60771.14,67858.8,38590.78345488,1.8196804166666668e-05,9.952514687499999e-05,EVALUATION,-0.03498588245002865
BTC-USD,2024-03-21T00:00:00Z,67855.88,68234.56,64525.0,65484.7,18523.96247162,1.53877625e-05,9.313746208333333e-05,EVALUATION,-0.02550427809854816
BTC-USD,2024-03-22T00:00:00Z,65478.98,66651.1,62258.36,63814.56,17807.65930238,1.5408041666666667e-05,8.798640354166666e-05,EVALUATION,0.0028880556412205216
BTC-USD,2024-03-23T00:00:00Z,63814.56,66029.09,63013.19,63998.86,7395.08270425,1.2662829166666666e-05,8.480952645833333e-05,EVALUATION,0.050095736080298714
BTC-USD,2024-03-24T00:00:00Z,63998.87,67637.6,63785.57,67204.93,6535.8276512,2.8324533333333333e-05,8.183676833333334e-05,EVALUATION,0.039957634060477476
BTC-USD,2024-03-25T00:00:00Z,67212.69,71269.92,66381.84,69890.28,22228.13803338,7.3147525e-05,7.657020666666667e-05,EVALUATION,0.0014611473870185243
BTC-USD,2024-03-26T00:00:00Z,69895.6,71582.96,69269.69,69992.4,15697.73440865,4.56199375e-05,7.129488833333334e-05,EVALUATION,-0.007950006000651322
BTC-USD,2024-03-27T00:00:00Z,69994.9,71789.85,68369.62,69435.96,18703.73738295,8.14826125e-05,6.218173041666666e-05,EVALUATION,0.0196615701719971
BTC-USD,2024-03-28T00:00:00Z,69437.16,71635.99,68841.01,70801.18,15224.17928189,6.0329275000000004e-05,5.6241078749999996e-05,EVALUATION,-0.012675353715856041
BTC-USD,2024-03-29T00:00:00Z,70804.06,70941.7,69036.95,69903.75,7365.03204354,0.00010350649166666666,5.5622702291666665e-05,EVALUATION,-0.003960874774243228
BTC-USD,2024-03-30T00:00:00Z,69903.74,70363.25,69569.03,69626.87,3262.62331859,8.423525416666666e-05,5.3065793124999996e-05,EVALUATION,0.023870525847277113
BTC-USD,2024-03-31T00:00:00Z,69623.86,71399.91,69587.86,71288.9,4424.66955382,8.512119999999999e-05,5.4257952083333334e-05,EVALUATION,-0.022543200975186695
BTC-USD,2024-04-01T00:00:00Z,71291.5,71313.8,68055.15,69681.82,13916.60016523,7.878859999999999e-05,5.4326930208333336e-05,EVALUATION,-0.060527695746179
BTC-USD,2024-04-02T00:00:00Z,69681.85,69711.0,64521.61,65464.14,23496.58634089,3.1217375e-05,5.5551349583333334e-05,EVALUATION,0.008001021628024185
BTC-USD,2024-04-03T00:00:00Z,65472.0,66944.06,64500.0,65987.92,14506.55934744,3.154887916666667e-05,5.4901749166666665e-05,EVALUATION,0.03845112863081601
BTC-USD,2024-04-04T00:00:00Z,65984.18,69367.19,65073.95,68525.23,18624.08140025,1.4810383333333333e-05,5.1752582708333336e-05,EVALUATION,-0.009758741415388239
BTC-USD,2024-04-05T00:00:00Z,68528.69,68783.99,66000.0,67856.51,15515.82134206,1.8691866666666666e-05,4.869269395833333e-05,EVALUATION,0.015671009310676443
BTC-USD,2024-04-06T00:00:00Z,67856.51,69685.0,67469.19,68919.89,3985.44167764,3.9254595833333336e-05,4.5976816875e-05,EVALUATION,0.006245657095506063
BTC-USD,2024-04-07T00:00:00Z,68919.57,70312.0,68846.23,69350.34,5766.41938443,2.2497687500000002e-05,4.5826085416666664e-05,EVALUATION,0.03276393453874915
BTC-USD,2024-04-08T00:00:00Z,69350.36,72777.0,69037.33,71622.53,16648.69284289,3.378085416666667e-05,4.5417790416666664e-05,EVALUATION,-0.03498228839444806
BTC-USD,2024-04-09T00:00:00Z,71616.31,71761.37,68200.0,69117.01,15143.52341376,5.0784454166666664e-05,4.5070262291666665e-05,EVALUATION,0.02194872145076876
BTC-USD,2024-04-10T00:00:00Z,69115.79,71159.6,67463.07,70634.04,16655.987797,3.237764583333333e-05,4.4700625416666666e-05,EVALUATION,-0.008682923983960089
BTC-USD,2024-04-11T00:00:00Z,70638.4,71305.86,69530.0,70020.73,11001.16448135,2.7650095833333332e-05,4.633000791666666e-05,EVALUATION,-0.04101813848555991
BTC-USD,2024-04-12T00:00:00Z,70020.71,71265.74,65110.31,67148.61,23509.75554216,3.1620075000000004e-05,4.7179502083333334e-05,EVALUATION,-0.04652129061197252
BTC-USD,2024-04-13T00:00:00Z,67148.62,69100.0,60822.01,64024.77,27548.47240557,2.76583125e-05,4.779160479166667e-05,EVALUATION,0.027368782425926774
BTC-USD,2024-04-14T00:00:00Z,64021.36,65890.91,62150.0,65777.05,21604.05147827,3.443505e-05,4.873946708333333e-05,EVALUATION,-0.03534469849286348
BTC-USD,2024-04-15T00:00:00Z,65764.56,66928.82,62315.08,63452.18,21672.73701332,1.4050833333333333e-05,4.8706156041666666e-05,EVALUATION,0.005717061257785039
BTC-USD,2024-04-16T00:00:00Z,63452.18,64400.0,61645.09,63814.94,17710.28213211,1.5403641666666668e-05,4.6770532291666664e-05,EVALUATION,-0.03973332890385861
BTC-USD,2024-04-17T00:00:00Z,63814.94,64524.14,59648.33,61279.36,21812.15297865,2.5063120833333333e-05,4.519207708333333e-05,EVALUATION,0.03646399048554039
BTC-USD,2024-04-18T00:00:00Z,61275.73,64210.0,60816.07,63513.85,15249.84211445,-7.186354166666666e-06,4.1888128541666666e-05,EVALUATION,0.005266882735025513
BTC-USD,2024-04-19T00:00:00Z,63514.84,65498.99,59573.32,63848.37,22838.07934159,1.18625625e-05,4.0124820833333335e-05,EVALUATION,0.01754939084584306
BTC-USD,2024-04-20T00:00:00Z,63841.96,65463.08,63121.15,64968.87,5157.40726514,1.0773529166666667e-05,3.4590178541666666e-05,EVALUATION,-0.00024550219204988455
BTC-USD,2024-04-21T00:00:00Z,64960.82,65725.81,64250.0,64952.92,4487.48723219,9.641225e-06,3.097154395833333e-05,EVALUATION,0.029348180189589623
BTC-USD,2024-04-22T00:00:00Z,64952.92,67272.73,64520.0,66859.17,10977.05178637,7.474779166666667e-06,2.725416041666667e-05,EVALUATION,-0.006655930667401222
BTC-USD,2024-04-23T00:00:00Z,66856.07,67225.66,65823.66,66414.16,8840.16749844,1.117255e-05,2.3796791666666667e-05,EVALUATION,-0.03249879242619347
BTC-USD,2024-04-24T00:00:00Z,66418.0,67077.97,63542.56,64255.78,15083.5524347,1.0658170833333333e-05,2.2609661875e-05,EVALUATION,0.0035585903711696787
BTC-USD,2024-04-25T00:00:00Z,64255.77,65287.69,62747.18,64484.44,13256.29877715,5.198608333333334e-06,2.1590845416666667e-05,EVALUATION,-0.011507427218101052
BTC-USD,2024-04-26T00:00:00Z,64484.44,64810.0,63287.76,63742.39,10151.96247701,1.1006083333333333e-05,2.1383234791666668e-05,EVALUATION,-0.005026325495482653
BTC-USD,2024-04-27T00:00:00Z,63742.39,63900.0,62389.0,63422.0,5312.16741262,1.25e-05,2.0708571875e-05,EVALUATION,-0.004936142032733071
BTC-USD,2024-04-28T00:00:00Z,63422.34,64333.33,62743.81,63108.94,4415.96831554,1.1407858333333333e-05,1.929614625e-05,EVALUATION,0.011660946927646076
BTC-USD,2024-04-29T00:00:00Z,63109.76,64200.0,61741.01,63844.85,10712.13554316,1.0063216666666667e-05,1.8796261875e-05,EVALUATION,-0.050477838071512404
BTC-USD,2024-04-30T00:00:00Z,63845.01,64727.81,59040.3,60622.1,21106.65540758,1.0618883333333333e-05,1.7677612083333335e-05,EVALUATION,-0.03887212749145941
BTC-USD,2024-05-01T00:00:00Z,60621.2,60785.49,56500.0,58265.59,26611.9312734,1.7183366666666665e-05,1.5641550208333333e-05,EVALUATION,0.013838356395258433
BTC-USD,2024-05-02T00:00:00Z,58267.81,59641.03,56903.79,59071.89,13593.00905888,1.1269200000000002e-05,1.4553612083333334e-05,EVALUATION,0.06502483668628178
BTC-USD,2024-05-03T00:00:00Z,59070.3,63365.72,58821.05,62913.03,15954.29032707,-1.082583333333333e-06,1.4030275625000001e-05,EVALUATION,0.015733624656132372
BTC-USD,2024-05-04T00:00:00Z,62913.03,64546.0,62565.82,63902.88,6414.57464352,1.16216875e-05,1.3012731875000001e-05,EVALUATION,0.0018867694225987997
BTC-USD,2024-05-05T00:00:00Z,63902.88,64636.75,62908.34,64023.45,4474.5195919,1.3110066666666667e-05,1.1575687083333334e-05,EVALUATION,-0.01345147754455589
BTC-USD,2024-05-06T00:00:00Z,64023.45,65523.44,62704.48,63162.24,11241.77217344,2.63525625e-05,1.0435018958333332e-05,EVALUATION,-0.013401677964555936
BTC-USD,2024-05-07T00:00:00Z,63161.35,64415.06,62252.64,62315.76,8994.93773002,2.6008341666666668e-05,1.0387980625e-05,EVALUATION,-0.018393902280899765
BTC-USD,2024-05-08T00:00:00Z,62315.75,63013.05,60851.04,61169.53,7486.42596849,1.2643595833333335e-05,1.0935426666666666e-05,EVALUATION,0.03112726221698936
BTC-USD,2024-05-09T00:00:00Z,61169.53,63424.14,60601.6,63073.57,8360.0553824,3.3712875e-06,1.0982687708333333e-05,EVALUATION,-0.036244975510344446
BTC-USD,2024-05-10T00:00:00Z,63073.55,63470.0,60150.0,60787.47,11511.12990976,1.6205870833333336e-05,1.1974185208333334e-05,EVALUATION,0.0004468026058659369
BTC-USD,2024-05-11T00:00:00Z,60787.99,61482.0,60450.13,60814.63,2338.06810837,1.4236679166666668e-05,1.1549621458333334e-05,EVALUATION,0.010497309611190664
BTC-USD,2024-05-12T00:00:00Z,60814.64,61843.45,60576.05,61453.02,2694.97577935,1.2765470833333332e-05,1.1821238541666667e-05,EVALUATION,0.024072860861842127
BTC-USD,2024-05-13T00:00:00Z,61453.01,63456.18,60738.51,62932.37,9170.80865115,1.1867487500000002e-05,1.2051011250000001e-05,EVALUATION,-0.02212740438664562
BTC-USD,2024-05-14T00:00:00Z,62927.44,63103.02,61024.51,61539.84,13456.61307634,1.5151904166666667e-05,1.2315545833333335e-05,EVALUATION,0.07645209997296076
BTC-USD,2024-05-15T00:00:00Z,61539.7,66480.0,61299.57,66244.69,21821.38858725,2.4273133333333333e-05,1.2350292708333332e-05,EVALUATION,-0.014982483879085295
BTC-USD,2024-05-16T00:00:00Z,66244.68,66772.83,64588.5,65252.18,12012.70197182,1.0325695833333334e-05,1.2574979375e-05,EVALUATION,0.0274956330960896
BTC-USD,2024-05-17T00:00:00Z,65252.17,67500.0,65113.46,67046.33,11710.00723895,1.3923041666666667e-05,1.3528705625000001e-05,EVALUATION,-0.0018264981841661365
BTC-USD,2024-05-18T00:00:00Z,67046.34,67407.79,66624.06,66923.87,3880.58113972,1.2167116666666666e-05,1.3494686250000002e-05,EVALUATION,-0.00989557238695249
BTC-USD,2024-05-19T00:00:00Z,66923.87,67701.91,65852.02,66261.62,3565.11346165,9.759633333333334e-06,1.3565838333333335e-05,EVALUATION,0.078032351155918
BTC-USD,2024-05-20T00:00:00Z,66260.04,71560.9,66057.03,71432.17,20415.88691709,7.1650708333333335e-06,1.360380125e-05,EVALUATION,-0.018049710655577145
BTC-USD,2024-05-21T00:00:00Z,71432.16,71980.0,69146.01,70142.84,16102.06132545,1.1529783333333334e-05,1.3588622083333333e-05,EVALUATION,-0.014725808079627312
BTC-USD,2024-05-22T00:00:00Z,70142.88,70659.99,68887.52,69109.93,10889.10300904,1.7781004166666667e-05,1.3415931458333332e-05,EVALUATION,-0.016922025532365548
BTC-USD,2024-05-23T00:00:00Z,69109.93,70066.95,66259.0,67940.45,14340.27843589,1.4104225000000001e-05,1.3133252291666668e-05,EVALUATION,0.00893944623563736
BTC-USD,2024-05-24T00:00:00Z,67932.79,69278.75,66587.91,68547.8,10374.95988085,1.3015383333333334e-05,1.34588425e-05,EVALUATION,0.010822666810605064
BTC-USD,2024-05-25T00:00:00Z,68545.52,69605.03,68487.44,69289.67,2501.11901959,1.25e-05,1.4218182916666668e-05,EVALUATION,-0.01177592561777241
BTC-USD,2024-05-26T00:00:00Z,69289.69,69522.0,68097.38,68473.72,2037.67329089,2.8868391666666668e-05,1.4287867708333334e-05,EVALUATION,0.01307070800301191
BTC-USD,2024-05-27T00:00:00Z,68470.8,70613.39,68210.12,69368.72,5384.62278063,5.245132083333333e-05,1.4257364375e-05,EVALUATION,-0.015089510084660751
BTC-USD,2024-05-28T00:00:00Z,69366.31,69533.96,67194.59,68321.98,11975.93086328,3.944789166666667e-05,1.4383155833333335e-05,EVALUATION,-0.011014464159264659
BTC-USD,2024-05-29T00:00:00Z,68321.99,68864.11,67081.66,67569.45,8970.02059069,5.873729583333333e-05,1.5705304791666667e-05,EVALUATION,0.011382806875000595
BTC-USD,2024-05-30T00:00:00Z,67569.44,69536.89,67092.91,68338.58,11841.26381893,2.7283270833333333e-05,1.7045519583333336e-05,EVALUATION,-0.012674685368060046
BTC-USD,2024-05-31T00:00:00Z,68338.58,69024.71,66584.47,67472.41,10690.85876224,2.3654245833333332e-05,1.981382e-05,EVALUATION,0.003658977054472823
BTC-USD,2024-06-01T00:00:00Z,67473.07,67837.33,67371.28,67719.29,1949.57008052,3.637992916666667e-05,2.036769e-05,EVALUATION,0.00023966583229118044
BTC-USD,2024-06-02T00:00:00Z,67719.29,68411.0,67260.0,67735.52,2997.15241527,1.7040845833333336e-05,2.0838568333333333e-05,EVALUATION,0.015582370962827108
BTC-USD,2024-06-03T00:00:00Z,67731.14,70295.78,67568.0,68791.0,11884.90882705,5.404442083333333e-05,2.2019291250000002e-05,EVALUATION,0.02545856289340187
BTC-USD,2024-06-04T00:00:00Z,68791.04,71108.9,68542.37,70542.32,18042.19396496,3.9560662499999996e-05,2.2277959166666665e-05,EVALUATION,0.00820486198922854
BTC-USD,2024-06-05T00:00:00Z,70541.68,71804.13,70356.49,71121.11,10123.1802918,2.32077125e-05,2.4222585e-05,EVALUATION,-0.004885609912443689
BTC-USD,2024-06-06T00:00:00Z,71120.65,71650.56,70093.98,70773.64,7716.5079994,1.3037075000000001e-05,2.4986961458333332e-05,EVALUATION,-0.020475278648943274
BTC-USD,2024-06-07T00:00:00Z,70773.63,71974.04,68298.55,69324.53,13768.98185265,3.509625416666667e-05,2.5631062291666663e-05,EVALUATION,-0.00029542212547273294
BTC-USD,2024-06-08T00:00:00Z,69326.71,69546.58,69126.22,69304.05,2631.94610412,3.3262070833333334e-05,2.5586763958333337e-05,EVALUATION,0.004816745918889254
BTC-USD,2024-06-09T00:00:00Z,69303.8,69848.94,69123.99,69637.87,1826.03995531,2.4435145833333333e-05,2.6733220833333333e-05,EVALUATION,-0.002012410775918294
BTC-USD,2024-06-10T00:00:00Z,69641.08,70187.53,69141.51,69497.73,6088.40363232,1.4726908333333335e-05,2.7908342708333335e-05,EVALUATION,-0.031385197761135464
BTC-USD,2024-06-11T00:00:00Z,69495.97,69547.82,66018.69,67316.53,17354.68915468,4.293254166666666e-05,2.8771846458333336e-05,EVALUATION,0.013846079113109422
BTC-USD,2024-06-12T00:00:00Z,67316.52,70032.0,66883.32,68248.6,17140.01139413,2.73138e-05,2.8931702708333333e-05,EVALUATION,-0.022121332891810286
BTC-USD,2024-06-13T00:00:00Z,68248.59,68474.49,66200.0,66738.85,11916.13211129,3.203832083333333e-05,3.018927958333333e-05,EVALUATION,-0.011004984353191638
BTC-USD,2024-06-14T00:00:00Z,66746.46,67322.72,65005.0,66004.39,11520.15791899,1.6868525e-05,3.084975833333333e-05,EVALUATION,0.0028423866957940636
BTC-USD,2024-06-15T00:00:00Z,66004.36,66428.57,65800.86,66192.0,2004.1421548,1.25e-05,3.180090520833333e-05,EVALUATION,0.006598229393280253
BTC-USD,2024-06-16T00:00:00Z,66192.0,66931.18,65999.0,66628.75,2118.65163435,1.25e-05,3.2019331458333334e-05,EVALUATION,-0.0022053542952554794
BTC-USD,2024-06-17T00:00:00Z,66629.38,67274.96,65050.0,66481.81,14487.64060903,2.3812929166666668e-05,3.1200911875e-05,EVALUATION,-0.019990580882199183
BTC-USD,2024-06-18T00:00:00Z,66481.81,66574.33,64010.01,65152.8,15937.73176483,2.5968645833333335e-05,2.9203345833333333e-05,EVALUATION,-0.003207997200427304
BTC-USD,2024-06-19T00:00:00Z,65150.9,65709.26,64635.48,64943.79,4958.38361329,2.2481895833333337e-05,2.8421597708333333e-05,EVALUATION,-0.0015846010834908997
BTC-USD,2024-06-20T00:00:00Z,64945.67,66455.52,64500.0,64840.88,9346.70807899,2.5043695833333333e-05,2.6783165208333336e-05,EVALUATION,-0.011113359349842256
BTC-USD,2024-06-21T00:00:00Z,64840.89,65017.1,63300.93,64120.28,9816.79599936,1.5699025e-05,2.6543096458333332e-05,EVALUATION,0.0017892934965348939
BTC-USD,2024-06-22T00:00:00Z,64120.28,64523.91,63910.01,64235.01,2324.21500373,1.25e-05,2.6612568958333333e-05,EVALUATION,-0.01655763733826776
BTC-USD,2024-06-23T00:00:00Z,64235.0,64499.95,63125.75,63171.43,2054.79092364,1.3292704166666666e-05,2.557852375e-05,EVALUATION,-0.04604027485209694
BTC-USD,2024-06-24T00:00:00Z,63169.36,63343.91,58414.28,60263.0,21418.04594647,4.345054166666667e-06,2.5351481458333333e-05,EVALUATION,0.025334118779350545
BTC-USD,2024-06-25T00:00:00Z,60262.16,62400.0,60217.36,61789.71,15201.5824773,1.2788666666666668e-05,2.3313895625e-05,EVALUATION,-0.015747444032347735
BTC-USD,2024-06-26T00:00:00Z,61794.47,62470.0,60656.8,60816.68,11392.79835017,1.25e-05,2.1553115208333333e-05,EVALUATION,0.01313307467622371
BTC-USD,2024-06-27T00:00:00Z,60818.86,62346.16,60546.94,61615.39,10530.35898848,2.01394125e-05,2.1032162916666666e-05,EVALUATION,-0.02113173348411823
BTC-USD,2024-06-28T00:00:00Z,61611.43,62170.62,59868.0,60313.35,11381.0258738,1.88221e-05,2.1005309166666666e-05,EVALUATION,0.009489109790784322
BTC-USD,2024-06-29T00:00:00Z,60312.36,61122.66,60273.8,60885.67,3199.03650127,2.0139483333333332e-05,2.0257467083333334e-05,EVALUATION,0.02927766090116113
BTC-USD,2024-06-30T00:00:00Z,60884.44,62942.67,60611.01,62668.26,4263.22924826,1.2204875e-05,1.9535468541666665e-05,EVALUATION,0.0025829662416030352
BTC-USD,2024-07-01T00:00:00Z,62669.14,63801.26,62448.46,62830.13,12326.70696465,1.2038e-05,1.9320685416666666e-05,EVALUATION,-0.012572152882701304
BTC-USD,2024-07-02T00:00:00Z,62830.94,63223.57,61000.0,62040.22,10688.64132628,1.25e-05,1.9194583749999998e-05,EVALUATION,-0.03054808638654083
BTC-USD,2024-07-03T00:00:00Z,62039.44,62197.01,59332.76,60145.01,12066.71677065,6.178841666666667e-06,1.7649856666666668e-05,EVALUATION,-0.05158981601299928
BTC-USD,2024-07-04T00:00:00Z,60145.01,60429.27,56709.73,57042.14,17969.35692426,8.955120833333334e-06,1.6909166666666667e-05,EVALUATION,-0.007059868370997258
BTC-USD,2024-07-05T00:00:00Z,57036.45,57515.6,53499.9,56639.43,28052.41501655,6.9057666666666675e-06,1.5616192708333334e-05,EVALUATION,0.028342799353736403
BTC-USD,2024-07-06T00:00:00Z,56634.53,58481.97,56020.32,58244.75,6449.32501293,-1.963595833333333e-06,1.5220522500000001e-05,EVALUATION,-0.041045072731877186
BTC-USD,2024-07-07T00:00:00Z,58240.36,58448.89,55717.23,55854.09,5320.91645368,-6.8904e-06,1.4940810833333335e-05,EVALUATION,0.015134791382332091
BTC-USD,2024-07-08T00:00:00Z,55852.61,58200.0,54278.93,56699.43,19043.04861272,-2.3902416666666668e-06,1.4217631041666668e-05,EVALUATION,0.023782073294211337
BTC-USD,2024-07-09T00:00:00Z,56701.18,58295.31,56276.37,58047.86,11757.76025902,1.25e-05,1.2682464583333333e-05,EVALUATION,-0.005775751250778338
BTC-USD,2024-07-10T00:00:00Z,58047.86,59481.93,57157.28,57712.59,11619.63229345,9.783391666666667e-06,1.1264520208333334e-05,EVALUATION,-0.006442615034258581
BTC-USD,2024-07-11T00:00:00Z,57713.4,59533.06,57036.41,57340.77,11433.53379518,3.953920833333334e-06,1.0765425416666668e-05,EVALUATION,0.009910226179383308
BTC-USD,2024-07-12T00:00:00Z,57343.66,58550.0,56538.33,57909.03,10516.60400149,4.2669916666666675e-06,1.0002410208333334e-05,EVALUATION,0.022717527819063887
BTC-USD,2024-07-13T00:00:00Z,57908.61,59875.0,57770.92,59224.58,4255.10545721,1.2356883333333334e-05,9.415155e-06,EVALUATION,0.026742950308807467
BTC-USD,2024-07-14T00:00:00Z,59224.58,61428.67,59209.2,60808.42,6132.37403058,1.25e-05,9.003504583333333e-06,EVALUATION,0.06493738860506504
BTC-USD,2024-07-15T00:00:00Z,60804.97,64943.61,60666.59,64757.16,20601.73387957,1.3413258333333332e-05,8.956713541666667e-06,EVALUATION,0.00512422101278065
BTC-USD,2024-07-16T00:00:00Z,64757.16,65405.89,62410.33,65088.99,14691.92002303,1.5767191666666665e-05,9.364460833333333e-06,EVALUATION,-0.01541243764882505
BTC-USD,2024-07-17T00:00:00Z,65086.55,66139.0,63853.99,64085.81,10647.79709095,1.3550850000000001e-05,9.395690416666667e-06,EVALUATION,-0.0016064398655489809
BTC-USD,2024-07-18T00:00:00Z,64085.82,65130.88,63222.6,63982.86,7637.52760383,1.5870954166666667e-05,9.559050000000001e-06,EVALUATION,0.04258562371235053
BTC-USD,2024-07-19T00:00:00Z,63977.64,67504.22,63289.15,66707.61,15163.05745737,1.6637591666666666e-05,9.229621875000001e-06,EVALUATION,0.006839099766878132
BTC-USD,2024-07-20T00:00:00Z,66707.61,67635.0,66271.0,67163.83,4671.38885135,2.3687383333333333e-05,9.082064583333333e-06,EVALUATION,0.015148778739985547
BTC-USD,2024-07-21T00:00:00Z,67163.82,68380.0,65820.18,68181.28,6027.86201344,4.2225745833333336e-05,8.906970000000001e-06,EVALUATION,-0.009138285464866613
BTC-USD,2024-07-22T00:00:00Z,68181.16,68495.0,66569.42,67558.22,11844.79119584,2.176391666666667e-05,9.481095416666667e-06,EVALUATION,-0.023964219305955603
BTC-USD,2024-07-23T00:00:00Z,67560.03,67786.84,65444.3,65939.24,10791.03782177,1.4127041666666667e-05,1.0990482708333333e-05,EVALUATION,-0.008687391604756178
BTC-USD,2024-07-24T00:00:00Z,65939.24,67131.17,65090.61,65366.4,7702.25551129,1.6936633333333333e-05,1.1453678541666667e-05,EVALUATION,0.006563310814118539
BTC-USD,2024-07-25T00:00:00Z,65358.86,66161.98,63412.46,65795.42,10452.25571747,1.2809816666666666e-05,1.1851088541666668e-05,EVALUATION,0.032352707832855376
BTC-USD,2024-07-26T00:00:00Z,65795.52,68216.66,65705.6,67924.08,9315.20918753,1.51972625e-05,1.2250164166666666e-05,EVALUATION,-0.0003631996193397269
BTC-USD,2024-07-27T00:00:00Z,67921.46,69418.15,66635.28,67899.41,10233.62198513,2.3673395833333334e-05,1.2545366666666667e-05,EVALUATION,0.005079425579691987
BTC-USD,2024-07-28T00:00:00Z,67901.81,68308.82,67021.8,68244.3,3505.5483691,2.5543104166666665e-05,1.3403409583333335e-05,EVALUATION,-0.021582022234824083
BTC-USD,2024-07-29T00:00:00Z,68244.3,70000.0,66400.01,66771.45,13641.48475825,4.889435416666666e-05,1.4931599375e-05,EVALUATION,-0.00901238478421551
BTC-USD,2024-07-30T00:00:00Z,66767.14,66994.15,65283.68,66169.68,8733.57157991,1.3096404166666666e-05,1.6328266666666667e-05,EVALUATION,-0.0235766592795974
BTC-USD,2024-07-31T00:00:00Z,66169.68,66837.4,64500.0,64609.62,8986.37529253,1.25e-05,1.8147984375e-05,EVALUATION,0.010502460779060474
BTC-USD,2024-08-01T00:00:00Z,64609.61,65593.56,62212.81,65288.18,15636.72205775,2.1396170833333333e-05,1.8313635e-05,EVALUATION,-0.05927749862226217
BTC-USD,2024-08-02T00:00:00Z,65293.48,65557.86,61150.0,61418.06,15390.00963957,1.2576008333333335e-05,1.8740938958333333e-05,EVALUATION,-0.012099535543779738
BTC-USD,2024-08-03T00:00:00Z,61418.06,62171.58,59819.13,60674.93,8019.39450918,1.4959291666666668e-05,1.9597397916666667e-05,EVALUATION,-0.0419280252980927
BTC-USD,2024-08-04T00:00:00Z,60674.93,61082.3,57123.0,58130.95,10319.01091658,1.6062516666666667e-05,1.9608354166666666e-05,EVALUATION,-0.07056189516944067
BTC-USD,2024-08-05T00:00:00Z,58131.31,58282.83,49050.01,54029.12,59125.78926672,1.3056450000000001e-05,1.9731318749999998e-05,EVALUATION,0.03736799710970673
BTC-USD,2024-08-06T00:00:00Z,54037.9,57091.16,53965.57,56048.08,16897.67519536,1.25e-05,1.9863781666666665e-05,EVALUATION,-0.01605728510236215
BTC-USD,2024-08-07T00:00:00Z,56048.07,57757.15,54564.15,55148.1,13971.5151871,1.0152095833333333e-05,1.9728244583333334e-05,EVALUATION,0.11890672570768546
BTC-USD,2024-08-08T00:00:00Z,55144.14,62755.24,54737.32,61705.58,20623.04985861,5.770795833333333e-06,1.9675702083333335e-05,EVALUATION,-0.013668942095674375
BTC-USD,2024-08-09T00:00:00Z,61704.05,61764.38,59552.46,60862.13,11569.80744379,-8.081166666666663e-07,1.9389759166666668e-05,EVALUATION,0.0011976248613054796
BTC-USD,2024-08-10T00:00:00Z,60864.71,61500.0,60255.61,60935.02,3157.63609699,1.2209075000000001e-05,1.8846419375e-05,EVALUATION,-0.03630966232553956
BTC-USD,2024-08-11T00:00:00Z,60935.01,61868.69,58312.63,58722.49,5229.37008498,1.3529204166666667e-05,1.7621644375e-05,EVALUATION,0.010835541885229949
BTC-USD,2024-08-12T00:00:00Z,58717.44,60721.77,57653.31,59358.78,12183.92944247,1.25e-05,1.6120810833333332e-05,EVALUATION,0.020964211191672133
BTC-USD,2024-08-13T00:00:00Z,59358.78,61615.43,58402.01,60603.19,10879.76363828,1.25e-05,1.5709075208333334e-05,EVALUATION,-0.03155889978728843
BTC-USD,2024-08-14T00:00:00Z,60603.19,61827.2,58453.56,58690.62,12938.61473824,1.4944987500000001e-05,1.5627723125e-05,EVALUATION,-0.01954332736645148
BTC-USD,2024-08-15T00:00:00Z,58690.62,59883.49,56120.0,57543.61,14506.63316989,1.4591547826086955e-05,1.5405891458333332e-05,EVALUATION,0.02338018070121084
BTC-USD,2024-08-16T00:00:00Z,57543.57,59871.61,57096.56,58888.99,11930.21788221,4.417866666666667e-06,1.551265e-05,EVALUATION,0.01033300112635649
BTC-USD,2024-08-17T00:00:00Z,58888.99,59711.02,58803.45,59497.49,2787.56355634,9.6679125e-06,1.5482364266304347e-05,EVALUATION,-0.017808986563971008
BTC-USD,2024-08-18T00:00:00Z,59497.49,60284.99,58422.0,58437.9,4325.64817169,1.1970904166666668e-05,1.4519587807971013e-05,EVALUATION,0.017364929266794338
BTC-USD,2024-08-19T00:00:00Z,58436.2,59639.81,57820.0,59452.67,8539.29378706,9.452816666666667e-06,1.3725828224637681e-05,EVALUATION,-0.007318090171560043
BTC-USD,2024-08-20T00:00:00Z,59455.81,61457.03,58571.96,59017.59,11062.05279919,9.624533333333334e-06,1.1879655724637682e-05,EVALUATION,0.03635678786612595
BTC-USD,2024-08-21T00:00:00Z,59017.59,61849.98,58793.89,61163.28,13380.11101719,1.0268395833333334e-05,1.1697476349637683e-05,EVALUATION,-0.01275258619223818
BTC-USD,2024-08-22T00:00:00Z,61167.54,61430.48,59750.0,60383.29,9608.6955368,1.2910975000000002e-05,1.1553703016304348e-05,EVALUATION,0.06133203407763976
BTC-USD,2024-08-23T00:00:00Z,60383.28,64987.0,60343.2,64086.72,17852.77117167,1.5803841666666668e-05,1.0997314266304349e-05,EVALUATION,0.001449754332878861
BTC-USD,2024-08-24T00:00:00Z,64091.63,64529.78,63564.22,64179.63,5020.91676004,2.1329441666666668e-05,1.1014062599637682e-05,EVALUATION,0.0011265256593095963
BTC-USD,2024-08-25T00:00:00Z,64179.63,65050.08,63793.74,64251.93,4012.30764642,2.6854179166666665e-05,1.1056290099637682e-05,EVALUATION,-0.02197490410015701
BTC-USD,2024-08-26T00:00:00Z,64250.01,64509.36,62806.8,62840.0,10741.96651081,3.629988333333334e-05,1.1319636349637682e-05,EVALUATION,-0.05411139401654996
BTC-USD,2024-08-27T00:00:00Z,62840.09,63226.26,58025.49,59439.64,14195.89496578,1.27900125e-05,1.2009522807971016e-05,EVALUATION,-0.006624535411048904
BTC-USD,2024-08-28T00:00:00Z,59437.68,60236.98,57851.62,59045.88,10001.12169866,1.25e-05,1.3199516974637683e-05,EVALUATION,0.005395634716596653
BTC-USD,2024-08-29T00:00:00Z,59047.94,61194.09,58729.39,59364.47,10933.22040343,1.247075e-05,1.3331412807971015e-05,EVALUATION,-0.00423990983158784
BTC-USD,2024-08-30T00:00:00Z,59353.12,59929.63,57700.0,59112.77,9382.9124508,1.2423545833333333e-05,1.3667873016304349e-05,EVALUATION,-0.00244278858865854
BTC-USD,2024-08-31T00:00:00Z,59117.59,59446.99,58739.31,58968.37,1368.21775121,8.275675000000001e-06,1.4331816349637682e-05,EVALUATION,-0.028309583595408916
BTC-USD,2024-09-01T00:00:00Z,58968.37,59070.55,57200.0,57299.0,4411.05388122,1.25e-05,1.434253989130435e-05,EVALUATION,0.03212673868653915
BTC-USD,2024-09-02T00:00:00Z,57291.21,59423.0,57119.01,59139.83,4318.6544603,7.786229166666666e-06,1.4079863432971016e-05,EVALUATION,-0.028254900293085083
BTC-USD,2024-09-03T00:00:00Z,59138.89,59825.7,57394.49,57468.84,8264.44971184,2.208333333333358e-09,1.4079863432971016e-05,EVALUATION,0.008737952601792554
BTC-USD,2024-09-04T00:00:00Z,57460.5,58531.25,55555.0,57971.0,13715.96171494,1.1346920833333334e-05,1.3844174891304348e-05,EVALUATION,-0.0312946128236532
BTC-USD,2024-09-05T00:00:00Z,57971.0,58326.12,55628.04,56156.82,12281.57828747,1.25e-05,1.3097035932971014e-05,EVALUATION,-0.03929727502376379
BTC-USD,2024-09-06T00:00:00Z,56156.82,56995.0,52530.0,53950.01,18495.45064356,1.1399320833333334e-05,1.2934804583333335e-05,EVALUATION,0.003824281033497412
BTC-USD,2024-09-07T00:00:00Z,53950.0,54847.0,53733.1,54156.33,3284.57722628,1.25e-05,1.3338911250000001e-05,EVALUATION,0.013383107754901369
BTC-USD,2024-09-08T00:00:00Z,54159.6,55315.95,53623.95,54881.11,3684.86816392,1.0117912500000001e-05,1.3425481666666668e-05,EVALUATION,0.03959085375642002
BTC-USD,2024-09-09T00:00:00Z,54881.1,58119.97,54565.56,57053.9,10203.03329517,-2.702166666666666e-07,1.3451936458333335e-05,EVALUATION,0.010370719617764923
BTC-USD,2024-09-10T00:00:00Z,57047.82,58050.35,56377.76,57645.59,6433.21371111,8.613895833333335e-06,1.348519125e-05,EVALUATION,-0.005079313092293702
BTC-USD,2024-09-11T00:00:00Z,57641.15,58014.35,55534.41,57352.79,11678.94297124,1.9025791666666668e-06,1.2990453750000002e-05,EVALUATION,0.013682856579427138
BTC-USD,2024-09-12T00:00:00Z,57352.92,58600.0,57311.15,58137.54,10175.62390483,1.1195191666666667e-05,1.290772875e-05,EVALUATION,0.04138135187694547
BTC-USD,2024-09-13T00:00:00Z,58137.33,60670.0,57630.01,60543.35,11935.95544754,1.0051437500000001e-05,1.2357308958333335e-05,EVALUATION,-0.008770575133354885
BTC-USD,2024-09-14T00:00:00Z,60543.35,60660.0,59436.8,60012.35,3147.39019631,1.25e-05,1.2126876458333334e-05,EVALUATION,-0.014830614031945077
BTC-USD,2024-09-15T00:00:00Z,60012.34,60402.34,58695.75,59122.33,3975.3568185,1.25e-05,1.1562976250000001e-05,EVALUATION,-0.015452367996998784
BTC-USD,2024-09-16T00:00:00Z,59122.7,59214.15,57477.0,58208.75,7654.10991835,1.25e-05,1.0845267291666667e-05,EVALUATION,0.03614319153048284
BTC-USD,2024-09-17T00:00:00Z,58209.76,61373.41,57620.27,60312.6,11701.89074715,9.804770833333334e-06,9.655273125e-06,EVALUATION,0.024150509180502988
BTC-USD,2024-09-18T00:00:00Z,60317.38,61800.0,59174.5,61769.18,11471.50683029,9.60955e-06,9.6407725e-06,EVALUATION,0.0192808128584514
BTC-USD,2024-09-19T00:00:00Z,61770.38,63891.82,61569.16,62960.14,15075.86835522,2.9487808333333334e-05,9.506011041666667e-06,EVALUATION,0.003979501951552278
BTC-USD,2024-09-20T00:00:00Z,62956.04,64140.67,62340.0,63210.69,10636.1082809,1.3001895833333334e-05,9.362951041666668e-06,EVALUATION,0.0024054475595820524
BTC-USD,2024-09-21T00:00:00Z,63210.94,63575.63,62755.0,63362.74,1960.85712028,1.25e-05,1.0216164166666667e-05,EVALUATION,0.00339189877205448
BTC-USD,2024-09-22T00:00:00Z,63362.74,64000.0,62380.55,63577.66,2882.2341982,1.25e-05,1.0452475208333334e-05,EVALUATION,-0.003755879030464482
BTC-USD,2024-09-23T00:00:00Z,63580.39,64739.67,62566.28,63338.87,7014.74459935,1.3728270833333334e-05,1.0452475208333334e-05,EVALUATION,0.014747026588886047
BTC-USD,2024-09-24T00:00:00Z,63338.85,64700.0,62689.15,64272.93,8933.46473574,1.9726329166666665e-05,1.0688163750000001e-05,EVALUATION,-0.017768600248969535
BTC-USD,2024-09-25T00:00:00Z,64272.93,64811.0,62932.8,63130.89,5909.09510453,2.5103358333333332e-05,1.1374466875000001e-05,EVALUATION,0.03241392605109805
BTC-USD,2024-09-26T00:00:00Z,63131.13,65865.0,62652.99,65177.21,12789.85035505,2.6720141666666667e-05,1.1793437291666667e-05,EVALUATION,0.009386563186733587
BTC-USD,2024-09-27T00:00:00Z,65176.39,66550.0,64827.85,65789.0,9529.0168808,3.406705833333333e-05,1.2423605208333335e-05,EVALUATION,0.0010638556597608595
BTC-USD,2024-09-28T00:00:00Z,65787.53,66266.39,65400.0,65858.99,2755.22680581,1.25e-05,1.318964625e-05,EVALUATION,-0.00393234089985306
BTC-USD,2024-09-29T00:00:00Z,65857.33,66059.0,65433.29,65600.01,2721.35197741,2.5855770833333337e-05,1.4267999166666667e-05,EVALUATION,-0.03504206782895303
BTC-USD,2024-09-30T00:00:00Z,65600.01,65624.95,62833.95,63301.25,10629.74147917,5.129860833333333e-05,1.4387103541666668e-05,EVALUATION,-0.03967141249185446
BTC-USD,2024-10-01T00:00:00Z,63305.52,64106.75,60150.89,60790.0,15970.80295516,3.094993333333333e-05,1.569340291666667e-05,EVALUATION,-0.002609475242638548
BTC-USD,2024-10-02T00:00:00Z,60792.63,62380.34,59969.2,60631.37,8764.03050337,1.25e-05,1.782763854166667e-05,EVALUATION,0.0018739474301834314
BTC-USD,2024-10-03T00:00:00Z,60631.36,61474.92,59824.87,60744.99,7834.55718072,1.25e-05,1.928000625e-05,EVALUATION,0.02215359653528637
BTC-USD,2024-10-04T00:00:00Z,60745.0,62481.0,60454.5,62090.71,7884.21831808,1.25e-05,1.9345246666666668e-05,EVALUATION,-0.0006348775847465626
BTC-USD,2024-10-05T00:00:00Z,62090.7,62380.04,61686.34,62051.29,1783.56564961,1.25e-05,1.9467674791666665e-05,EVALUATION,0.012241002564169046
BTC-USD,2024-10-06T00:00:00Z,62051.29,62978.75,61805.85,62810.86,2086.21821773,1.25e-05,1.9467674791666665e-05,EVALUATION,-0.009720930425088925
BTC-USD,2024-10-07T00:00:00Z,62810.93,64467.02,62113.28,62200.28,10707.1500015,1.25e-05,1.9467674791666665e-05,EVALUATION,-0.0012581936930188276
BTC-USD,2024-10-08T00:00:00Z,62203.82,63191.05,61824.48,62122.02,6566.33034742,1.25e-05,1.9467674791666665e-05,EVALUATION,-0.024850125607634777
BTC-USD,2024-10-09T00:00:00Z,62118.44,62507.68,60255.0,60578.28,7582.36723494,1.25e-05,1.960243625e-05,EVALUATION,-0.004931635563109382
BTC-USD,2024-10-10T00:00:00Z,60578.28,61271.59,58863.9,60279.53,10462.57962276,9.648904166666668e-06,1.974695875e-05,EVALUATION,0.037147270391789666
BTC-USD,2024-10-11T00:00:00Z,60279.53,63416.7,60029.98,62518.75,11454.9900534,5.086154166666667e-06,1.8897568333333332e-05,EVALUATION,0.010696311106668022
BTC-USD,2024-10-12T00:00:00Z,62518.75,63474.25,62464.15,63187.47,3943.90648994,1.0858275e-05,1.8729918749999998e-05,EVALUATION,-0.005415155884544776
BTC-USD,2024-10-13T00:00:00Z,63183.08,63270.18,62033.0,62845.3,2257.61460657,8.736866666666666e-06,1.8359226458333332e-05,EVALUATION,0.0512424954610764
BTC-USD,2024-10-14T00:00:00Z,62847.89,66500.0,62426.67,66065.65,13638.71106556,1.1208883333333335e-05,1.8277140208333335e-05,EVALUATION,0.014999474008051239
BTC-USD,2024-10-15T00:00:00Z,66065.64,67944.76,64778.44,67056.6,16324.01191342,1.1004216666666667e-05,1.802757e-05,EVALUATION,0.008229465854218576
BTC-USD,2024-10-16T00:00:00Z,67056.62,68399.0,66743.0,67608.44,12465.75691229,1.25e-05,1.760169770833333e-05,EVALUATION,-0.0030485838750310412
BTC-USD,2024-10-17T00:00:00Z,67608.45,67926.99,66629.97,67402.33,7912.22639285,1.25e-05,1.6896740625e-05,EVALUATION,0.015189089160567493
BTC-USD,2024-10-18T00:00:00Z,67399.86,69000.62,67149.24,68426.11,11802.74441943,1.4356795833333334e-05,1.6185733541666667e-05,EVALUATION,-0.000911640308063788
BTC-USD,2024-10-19T00:00:00Z,68426.11,68689.29,68005.83,68363.73,1868.86958754,1.25e-05,1.5107380625e-05,EVALUATION,0.009524494933205174
BTC-USD,2024-10-20T00:00:00Z,68363.73,69380.0,68083.18,69014.86,2632.89214855,1.2585741666666667e-05,1.5200220416666666e-05,EVALUATION,-0.024178995653979518
BTC-USD,2024-10-21T00:00:00Z,69014.87,69498.0,66802.0,67346.15,10226.59346669,1.5975433333333333e-05,1.4532431875000001e-05,EVALUATION,0.000503814991651419
BTC-USD,2024-10-22T00:00:00Z,67346.15,67800.0,66535.0,67380.08,8598.06472763,1.25e-05,1.2596788541666668e-05,EVALUATION,-0.011560835190459917
BTC-USD,2024-10-23T00:00:00Z,67389.7,67415.65,65149.51,66601.11,9021.17140157,2.30877125e-05,1.1848063541666668e-05,EVALUATION,0.0233589199939761
BTC-USD,2024-10-24T00:00:00Z,66601.1,68800.0,66445.32,68156.84,10016.19830413,1.5670720833333335e-05,1.1848063541666668e-05,EVALUATION,-0.023362732192396263
BTC-USD,2024-10-25T00:00:00Z,68156.84,68742.38,65500.01,66564.51,14485.49253537,1.1711733333333333e-05,1.2377449166666667e-05,EVALUATION,0.006731064346451321
BTC-USD,2024-10-26T00:00:00Z,66564.51,67365.18,66331.95,67012.56,2949.2199701,1.25e-05,1.2535985208333336e-05,EVALUATION,0.013887396631318216
BTC-USD,2024-10-27T00:00:00Z,67008.15,68261.37,66836.78,67943.19,2819.59766921,1.25e-05,1.2496571874999999e-05,EVALUATION,0.029161274294009498
BTC-USD,2024-10-28T00:00:00Z,67943.18,70235.98,67532.48,69924.5,16140.14013624,1.25e-05,1.2496571874999999e-05,EVALUATION,0.040041044269176096
BTC-USD,2024-10-29T00:00:00Z,69924.49,73624.98,69705.76,72724.35,20616.91187006,2.0358262500000002e-05,1.2496571874999999e-05,EVALUATION,-0.00552002183587752
BTC-USD,2024-10-30T00:00:00Z,72724.35,72948.6,71400.01,72322.91,13543.49337837,2.1149433333333335e-05,1.2496571874999999e-05,EVALUATION,-0.02938322033778784
BTC-USD,2024-10-31T00:00:00Z,72322.91,72684.02,69559.33,70197.83,14726.78460342,1.62181875e-05,1.2889485e-05,EVALUATION,-0.010406874400533561
BTC-USD,2024-11-01T00:00:00Z,70198.02,71620.0,68720.0,69467.29,15295.28781188,2.42011875e-05,1.3464511458333336e-05,EVALUATION,-0.0015597268872874492
BTC-USD,2024-11-02T00:00:00Z,69466.64,69891.92,69000.0,69358.94,2203.99644104,1.25e-05,1.4021113124999999e-05,EVALUATION,-0.00894996376818924
BTC-USD,2024-11-03T00:00:00Z,69360.95,69364.65,67444.0,68738.18,6758.88506466,1.25e-05,1.4688258750000002e-05,EVALUATION,-0.013539782403316436
BTC-USD,2024-11-04T00:00:00Z,68736.4,69453.94,66783.77,67807.48,12431.01371517,1.2680195833333333e-05,1.4876415416666667e-05,EVALUATION,0.023201717568622326
BTC-USD,2024-11-05T00:00:00Z,67810.15,70557.67,67427.53,69380.73,12867.66127618,1.4368104166666668e-05,1.4940971250000001e-05,EVALUATION,0.09031066695320167
BTC-USD,2024-11-06T00:00:00Z,69380.64,76509.56,69285.82,75646.55,45398.11837369,5.3212675000000005e-05,1.5024770208333334e-05,EVALUATION,0.0036148376892271017
BTC-USD,2024-11-07T00:00:00Z,75646.55,76999.0,74463.96,75920.0,21932.40207681,2.463155833333333e-05,1.511817541666667e-05,EVALUATION,0.0085185721812433
BTC-USD,2024-11-08T00:00:00Z,75925.0,77312.18,75654.26,76566.73,18378.39876264,3.0842925e-05,1.7153809166666668e-05,EVALUATION,0.001950324899600675
BTC-USD,2024-11-09T00:00:00Z,76566.72,76952.67,75758.58,76716.06,4836.57005338,1.8911983333333335e-05,1.766754729166667e-05,EVALUATION,0.0483974281265227
BTC-USD,2024-11-10T00:00:00Z,76716.06,81534.28,76535.33,80428.92,16728.21105103,5.5843e-05,1.8584693541666666e-05,EVALUATION,0.10371654872401614
BTC-USD,2024-11-11T00:00:00Z,80427.69,89666.0,80277.34,88770.73,35560.11866694,4.811525833333334e-05,1.8901005625e-05,EVALUATION,-0.0082831356687052
BTC-USD,2024-11-12T00:00:00Z,88770.74,90100.0,85010.0,88035.43,40111.80924643,9.333963333333334e-05,2.0894383958333335e-05,EVALUATION,0.027925007011381897
BTC-USD,2024-11-13T00:00:00Z,88035.43,93495.0,86220.5,90493.82,42318.6909168,5.0981933333333334e-05,2.2675146874999998e-05,EVALUATION,-0.034846799483102986
BTC-USD,2024-11-14T00:00:00Z,90499.4,91831.25,86672.07,87340.4,23422.75915863,2.447799166666667e-05,2.6187742916666667e-05,EVALUATION,0.04256861658522304
BTC-USD,2024-11-15T00:00:00Z,87338.96,91934.62,87100.83,91058.36,20388.33115227,3.2704125e-05,2.7953303541666667e-05,EVALUATION,-0.00463570835231375
BTC-USD,2024-11-16T00:00:00Z,91058.36,91820.73,90069.21,90636.24,6598.0269304,3.3558450000000004e-05,2.8591616458333332e-05,EVALUATION,-0.008269870859603179
BTC-USD,2024-11-17T00:00:00Z,90638.54,91439.82,88713.64,89886.69,5574.55122824,4.159037083333334e-05,2.9601822708333337e-05,EVALUATION,0.007048985784213535
BTC-USD,2024-11-18T00:00:00Z,89877.11,92674.8,89372.65,90520.3,17340.77166451,6.76130875e-05,3.0654745208333337e-05,EVALUATION,0.02116199349759107
BTC-USD,2024-11-19T00:00:00Z,90521.32,94105.84,90403.24,92435.89,18267.16111244,6.221694166666667e-05,3.2109263750000004e-05,EVALUATION,0.021174243034821183
BTC-USD,2024-11-20T00:00:00Z,92445.04,94989.99,91600.0,94393.15,20329.039987,4.4044304166666674e-05,3.4472005000000005e-05,EVALUATION,0.04286264416432761
BTC-USD,2024-11-21T00:00:00Z,94384.15,99073.53,94127.2,98439.09,31188.09394751,3.3015645833333334e-05,3.652538041666667e-05,EVALUATION,0.0059421516391506835
BTC-USD,2024-11-22T00:00:00Z,98439.1,99860.0,97209.52,99024.03,29936.62215019,5.6897475e-05,3.791668625e-05,EVALUATION,-0.012575331462474248
BTC-USD,2024-11-23T00:00:00Z,99024.03,99044.11,97215.01,97778.77,12072.47203722,4.030088333333333e-05,3.8357409166666666e-05,EVALUATION,0.002550758206510295
BTC-USD,2024-11-24T00:00:00Z,97778.78,98700.0,95780.77,98028.18,8654.77135767,5.5661375e-05,4.057728291666667e-05,EVALUATION,-0.051293107757381606
BTC-USD,2024-11-25T00:00:00Z,98032.06,98999.0,92534.93,93000.01,20695.912495,5.1619670833333336e-05,4.196732708333334e-05,EVALUATION,-0.011510428869846323
BTC-USD,2024-11-26T00:00:00Z,93001.48,95004.92,90682.58,91929.54,17848.01962899,1.763985e-05,4.411638604166667e-05,EVALUATION,0.04374709152248579
BTC-USD,2024-11-27T00:00:00Z,91929.53,97386.06,91747.46,95951.19,15213.90946356,2.671407083333333e-05,4.5978964375e-05,EVALUATION,-0.002977138688952219
BTC-USD,2024-11-28T00:00:00Z,95951.19,96676.31,94671.59,95665.53,5586.55288339,1.4911291666666667e-05,4.4200323125e-05,EVALUATION,0.01907719530744245
BTC-USD,2024-11-29T00:00:00Z,95665.53,98750.0,95383.46,97490.56,12587.02498942,3.225469166666666e-05,4.4304448750000004e-05,EVALUATION,-0.010515274504526384
BTC-USD,2024-11-30T00:00:00Z,97489.8,97509.6,96129.73,96465.42,3476.04255853,2.873975833333333e-05,4.350786708333334e-05,EVALUATION,0.008269906459744902
BTC-USD,2024-12-01T00:00:00Z,96464.95,97895.9,95753.42,97263.18,4039.27591451,2.3795879166666668e-05,4.41750025e-05,EVALUATION,-0.014396917723644154
BTC-USD,2024-12-02T00:00:00Z,97259.17,98200.0,94400.63,95862.89,15554.61486745,2.244555e-05,4.281984041666667e-05,EVALUATION,0.0006428973714438513
BTC-USD,2024-12-03T00:00:00Z,95862.89,96310.1,93571.3,95924.52,17898.7046212,4.6100866666666664e-05,4.160387145833333e-05,EVALUATION,0.029416045032073068
BTC-USD,2024-12-04T00:00:00Z,95924.85,99263.2,94634.85,98746.24,17528.92050771,5.922700833333333e-05,3.805916729166667e-05,EVALUATION,-0.017236200588498396
BTC-USD,2024-12-05T00:00:00Z,98746.24,104000.0,92055.86,97044.23,36399.8182427,0.0001211894875,3.781511395833333e-05,EVALUATION,0.029338374883287832
BTC-USD,2024-12-06T00:00:00Z,97049.47,102104.12,96424.2,99891.35,17801.21293952,7.372385416666666e-05,3.955256479166667e-05,EVALUATION,0.0003801129927667457
BTC-USD,2024-12-07T00:00:00Z,99885.37,100583.27,99012.73,99929.32,4774.3508777,5.2255925000000004e-05,4.397683291666667e-05,EVALUATION,0.012465510622908349
BTC-USD,2024-12-08T00:00:00Z,99919.2,101435.05,98729.66,101174.99,4230.35225168,6.288995e-05,4.5985103124999996e-05,EVALUATION,-0.038054661532459844
BTC-USD,2024-12-09T00:00:00Z,101175.0,101290.73,94220.8,97324.81,20103.05073464,3.1254820833333334e-05,4.651838083333334e-05,EVALUATION,-0.006823028989216606
BTC-USD,2024-12-10T00:00:00Z,97330.66,98338.17,94273.38,96660.76,20620.53877488,2.616231666666667e-05,4.628222395833333e-05,EVALUATION,0.0469823535424303
BTC-USD,2024-12-11T00:00:00Z,96660.75,101984.98,95722.79,101202.11,21190.23753294,2.3237266666666665e-05,4.473411791666667e-05,EVALUATION,-0.011577228972795117
BTC-USD,2024-12-12T00:00:00Z,101211.61,102595.0,99298.39,100030.47,14796.92456547,2.6302199999999997e-05,4.384001854166666e-05,EVALUATION,0.013978540738637024
BTC-USD,2024-12-13T00:00:00Z,100024.75,101959.13,99220.81,101428.75,13327.59954074,1.9249270833333335e-05,4.335109958333333e-05,EVALUATION,-0.0002835487965689998
BTC-USD,2024-12-14T00:00:00Z,101428.74,102650.0,100600.0,101399.99,4181.40180281,3.0338854166666668e-05,4.1821335833333336e-05,EVALUATION,0.03005690631724911
BTC-USD,2024-12-15T00:00:00Z,101400.0,105100.0,101221.34,104447.76,7796.33358128,6.233382083333334e-05,4.076875520833333e-05,EVALUATION,0.01581699789444979
BTC-USD,2024-12-16T00:00:00Z,104445.15,107857.79,103289.21,106099.81,22575.87902891,5.838189583333333e-05,3.9502629166666664e-05,EVALUATION,0.0003504247557089002
BTC-USD,2024-12-17T00:00:00Z,106099.98,108388.88,105337.97,106136.99,11994.58863972,3.0458570833333332e-05,4.003833666666667e-05,EVALUATION,-0.056401260295774414
BTC-USD,2024-12-18T00:00:00Z,106145.83,106528.13,99939.82,100150.73,22294.42835455,3.328090416666667e-05,4.207543895833333e-05,EVALUATION,-0.02774338239970886
BTC-USD,2024-12-19T00:00:00Z,100148.6,102796.22,95539.67,97372.21,23522.12863874,1.938725416666667e-05,4.226266395833334e-05,EVALUATION,0.004033902486140439
BTC-USD,2024-12-20T00:00:00Z,97372.2,98132.47,92115.66,97765.0,21766.62386138,1.3329904166666667e-05,4.3181144583333335e-05,EVALUATION,-0.005471487751240178
BTC-USD,2024-12-21T00:00:00Z,97762.75,99596.57,96368.0,97230.08,6451.43271418,1.4202245833333334e-05,4.253777270833333e-05,EVALUATION,-0.02203361346612076
BTC-USD,2024-12-22T00:00:00Z,97230.09,97387.98,94182.98,95087.75,4933.50127735,1.23418e-05,4.176728e-05,EVALUATION,-0.0033988605261981997
BTC-USD,2024-12-23T00:00:00Z,95091.15,96430.08,92360.91,94764.56,13476.98947566,9.534420833333334e-06,4.128759833333333e-05,EVALUATION,0.04041500324593916
BTC-USD,2024-12-24T00:00:00Z,94767.88,99444.0,93426.25,98594.47,13355.36314305,1.0656616666666667e-05,4.078241083333333e-05,EVALUATION,0.0076252755352304025
BTC-USD,2024-12-25T00:00:00Z,98594.47,99484.92,97557.48,99346.28,5254.2370598,1.1897970833333334e-05,3.895408854166667e-05,EVALUATION,-0.03700984073082547
BTC-USD,2024-12-26T00:00:00Z,99358.67,99887.0,95083.93,95669.49,11403.37268934,1.6113683333333335e-05,3.6525568958333335e-05,EVALUATION,-0.015653893419939946
BTC-USD,2024-12-27T00:00:00Z,95669.4,97340.47,93234.31,94171.89,13169.12897588,1.8262825000000002e-05,3.1060993125e-05,EVALUATION,0.01018276260569917
BTC-USD,2024-12-28T00:00:00Z,94171.7,95534.17,94002.72,95130.82,2722.6591363,1.41004625e-05,2.8180484583333337e-05,EVALUATION,-0.016476994521859467
BTC-USD,2024-12-29T00:00:00Z,95125.59,95170.06,92841.48,93563.35,3417.52751094,1.2933362500000001e-05,2.6480829583333337e-05,EVALUATION,-0.010074885091224228
BTC-USD,2024-12-30T00:00:00Z,93563.35,94910.48,91271.19,92620.71,15271.24432744,1.8041041666666667e-05,2.4041355208333334e-05,EVALUATION,0.007919503100332514
BTC-USD,2024-12-31T00:00:00Z,92620.7,96148.94,91887.13,93354.22,10348.6325655,1.66432875e-05,2.312528229166667e-05,EVALUATION,0.011026496713271161
BTC-USD,2025-01-01T00:00:00Z,93347.59,94960.91,92743.63,94383.59,6871.73848196,4.110349166666667e-05,2.2719218541666667e-05,SUPPORT_FORWARD_RETURN,
