instrument,timestamp,open,high,low,close,volume,sma_close_3,row_role,forward_return_5d
BTC-USD,2024-12-30T00:00:00Z,93563.35,94910.48,91271.19,92620.71,15271.24432744,,SUPPORT_SMA3_WARMUP,
BTC-USD,2024-12-31T00:00:00Z,92620.7,96148.94,91887.13,93354.22,10348.6325655,,SUPPORT_SMA3_WARMUP,
BTC-USD,2025-01-01T00:00:00Z,93347.59,94960.91,92743.63,94383.59,6871.73848196,93452.84,EVALUATION,0.08365670345872633
BTC-USD,2025-01-02T00:00:00Z,94383.59,97776.99,94177.0,96903.19,10912.47383962,94880.33333333334,EVALUATION,0.00040029641955019457
BTC-USD,2025-01-03T00:00:00Z,96905.48,98969.92,96016.63,98136.51,9021.88538159,96474.43,EVALUATION,-0.031587428572709464
BTC-USD,2025-01-04T00:00:00Z,98139.85,98761.02,97516.65,98209.85,2742.08960614,97749.85,EVALUATION,-0.05765623305605294
BTC-USD,2025-01-05T00:00:00Z,98209.85,98814.0,97250.0,98345.33,2377.92175899,98230.56333333332,EVALUATION,-0.03705463187728397
BTC-USD,2025-01-06T00:00:00Z,98347.65,102500.0,97900.0,102279.41,15173.55606778,99611.53,EVALUATION,-0.0754246626960402
BTC-USD,2025-01-07T00:00:00Z,102279.41,102735.99,96105.11,96941.98,16587.2869223,99188.90666666666,EVALUATION,-0.02509088425881134
BTC-USD,2025-01-08T00:00:00Z,96941.98,97254.35,92500.0,95036.63,14182.29739458,98086.00666666667,EVALUATION,-0.005578691079429099
BTC-USD,2025-01-09T00:00:00Z,95033.18,95363.26,91187.0,92547.44,9712.37853215,94842.01666666666,EVALUATION,0.04308622691238151
BTC-USD,2025-01-10T00:00:00Z,92547.44,95862.92,92209.25,94701.18,12634.03407823,94095.08333333333,EVALUATION,0.061340840737148294
BTC-USD,2025-01-11T00:00:00Z,94701.48,94983.65,93804.05,94565.02,2638.69956767,93937.88,EVALUATION,0.05728080002521008
BTC-USD,2025-01-12T00:00:00Z,94569.91,95383.84,93670.3,94509.62,2025.81612971,94591.94,EVALUATION,0.10154923911449454
BTC-USD,2025-01-13T00:00:00Z,94507.24,95900.0,89028.64,94506.45,13094.86359481,94527.03,EVALUATION,0.10505685061707437
BTC-USD,2025-01-14T00:00:00Z,94507.35,97353.29,94311.36,96534.96,11210.74226727,95183.67666666667,EVALUATION,0.04844017131203038
BTC-USD,2025-01-15T00:00:00Z,96534.97,100716.45,96400.0,100510.23,13610.74729401,97183.88,EVALUATION,0.016268990728605326
BTC-USD,2025-01-16T00:00:00Z,100504.27,100880.0,97277.58,99981.78,12312.37366854,99008.99,EVALUATION,0.06178605741966181
BTC-USD,2025-01-17T00:00:00Z,99981.46,105970.0,99937.81,104107.0,20518.30949325,101533.00333333333,EVALUATION,-0.00422536428866449
BTC-USD,2025-01-18T00:00:00Z,104107.0,104933.15,102233.45,104435.0,7835.29991824,102841.26000000001,EVALUATION,-0.004870397855125219
BTC-USD,2025-01-19T00:00:00Z,104435.01,106314.44,99518.0,101211.13,13312.63685598,103251.04333333333,EVALUATION,0.03595592698154837
BTC-USD,2025-01-20T00:00:00Z,101217.78,109358.01,99416.27,102145.43,32342.18311338,102597.18666666666,EVALUATION,0.025337697437858964
BTC-USD,2025-01-21T00:00:00Z,102145.42,107291.1,100051.0,106159.26,19411.23488978,103171.94,EVALUATION,-0.03387608391392327
BTC-USD,2025-01-22T00:00:00Z,106159.27,106431.34,103100.0,103667.11,10730.018962,103990.59999999999,EVALUATION,-0.015479258561370113
BTC-USD,2025-01-23T00:00:00Z,103659.6,106870.87,101200.01,103926.36,25064.86499945,104584.24333333333,EVALUATION,-0.025367577580894807
BTC-USD,2025-01-24T00:00:00Z,103926.36,107200.0,102751.92,104850.27,12921.99361413,104147.91333333333,EVALUATION,-0.010519953835121276
BTC-USD,2025-01-25T00:00:00Z,104866.13,105294.0,104104.0,104733.56,3404.85308291,104503.39666666667,EVALUATION,8.669618410750424e-05
BTC-USD,2025-01-26T00:00:00Z,104729.92,105478.8,102452.24,102563.0,4575.36611531,104048.94333333333,EVALUATION,-0.0014794809044197388
BTC-USD,2025-01-27T00:00:00Z,102565.28,103228.46,97715.03,102062.42,23647.14111877,103119.66,EVALUATION,-0.01409500186258561
BTC-USD,2025-01-28T00:00:00Z,102063.92,103770.85,100213.8,101290.0,9488.53429464,101971.80666666667,EVALUATION,-0.035674597689801524
BTC-USD,2025-01-29T00:00:00Z,101290.01,104829.64,101275.6,103747.25,11403.20278905,102366.55666666667,EVALUATION,-0.022044439732137544
BTC-USD,2025-01-30T00:00:00Z,103747.25,106484.77,103289.74,104742.64,13061.34881233,103259.96333333333,EVALUATION,-0.06633010204822021
BTC-USD,2025-01-31T00:00:00Z,104742.63,106090.0,101506.0,102411.26,13313.68104489,103633.71666666666,EVALUATION,-0.05637007102539304
BTC-USD,2025-02-01T00:00:00Z,102414.05,102781.65,100250.0,100623.85,3390.25555744,102592.58333333333,EVALUATION,-0.04034063494887152
BTC-USD,2025-02-02T00:00:00Z,100623.88,101459.84,96179.0,97676.52,10366.65062753,100237.20999999999,EVALUATION,-0.01166544426439442
BTC-USD,2025-02-03T00:00:00Z,97676.53,102599.85,91178.01,101460.2,31328.72219576,99920.19,EVALUATION,-0.04912221738179101
BTC-USD,2025-02-04T00:00:00Z,101460.15,101812.23,96145.76,97795.05,14168.7031661,98977.25666666667,EVALUATION,-0.013489742067722243
BTC-USD,2025-02-05T00:00:00Z,97795.06,99230.49,96161.01,96638.33,9308.59185883,98631.19333333333,EVALUATION,0.008341203743897463
BTC-USD,2025-02-06T00:00:00Z,96635.62,99182.15,95674.96,96564.62,9168.94674634,96999.33333333334,EVALUATION,-0.008186642271258315
BTC-USD,2025-02-07T00:00:00Z,96575.24,100235.79,95614.96,96537.08,12171.82534167,96580.01000000001,EVALUATION,0.013729957442259355
BTC-USD,2025-02-08T00:00:00Z,96536.93,96919.05,95682.33,96476.25,2972.45715184,96525.98333333334,EVALUATION,0.0015448361643408681
BTC-USD,2025-02-09T00:00:00Z,96476.24,97342.28,94730.67,96475.82,3417.87009701,96496.38333333333,EVALUATION,0.010709522862827114
BTC-USD,2025-02-10T00:00:00Z,96481.47,98367.23,95257.2,97444.41,6375.72539123,96798.82666666668,EVALUATION,0.0015653027197763958
BTC-USD,2025-02-11T00:00:00Z,97451.66,98500.0,94831.07,95774.08,7737.05105717,96564.77,EVALUATION,0.003610580232146443
BTC-USD,2025-02-12T00:00:00Z,95770.95,98119.98,94066.92,97862.53,9078.50356189,97027.00666666667,EVALUATION,-0.02126176382319156
BTC-USD,2025-02-13T00:00:00Z,97864.28,98100.0,95220.0,96625.29,6803.6078927,96753.96666666666,EVALUATION,-0.010534405640593714
BTC-USD,2025-02-14T00:00:00Z,96625.29,98890.11,96268.56,97509.03,7744.67640105,97332.28333333333,EVALUATION,-0.008994038808508353
BTC-USD,2025-02-15T00:00:00Z,97507.94,97997.85,97225.01,97596.94,1626.51929078,97243.75333333333,EVALUATION,0.0076873311806702205
BTC-USD,2025-02-16T00:00:00Z,97596.54,97738.22,96057.68,96119.88,2174.29326885,97075.28333333334,EVALUATION,0.00038649652912581267
BTC-USD,2025-02-17T00:00:00Z,96119.88,97050.64,95200.0,95781.8,3533.01273263,96499.54000000001,EVALUATION,0.008355658381863806
BTC-USD,2025-02-18T00:00:00Z,95781.8,96730.0,93333.0,95607.4,8867.39878431,95836.36,EVALUATION,0.006888378933011419
BTC-USD,2025-02-19T00:00:00Z,95612.97,96880.0,95000.01,96632.03,6945.44897339,96007.07666666666,EVALUATION,-0.052997023864654325
BTC-USD,2025-02-20T00:00:00Z,96632.03,98768.54,96419.07,98347.2,10582.84622768,96862.20999999999,EVALUATION,-0.09927542421136537
BTC-USD,2025-02-21T00:00:00Z,98347.2,99517.52,94721.92,96157.03,19298.23921958,97045.42,EVALUATION,-0.12526645217723553
BTC-USD,2025-02-22T00:00:00Z,96157.03,96982.52,95767.95,96582.12,7324.02366243,97028.78333333333,EVALUATION,-0.12380065792716077
BTC-USD,2025-02-23T00:00:00Z,96578.49,96679.93,95243.91,96265.98,3787.84705335,96335.04333333333,EVALUATION,-0.12432481339721468
BTC-USD,2025-02-24T00:00:00Z,96266.23,96515.41,91300.0,91510.82,12644.0435007,94786.30666666667,EVALUATION,-0.060015416756182605
BTC-USD,2025-02-25T00:00:00Z,91509.88,92549.99,85836.18,88583.74,31587.91715546,92120.18000000001,EVALUATION,0.06413976199243776
BTC-USD,2025-02-26T00:00:00Z,88583.17,89305.68,82111.12,84111.78,21568.55463119,88068.78,EVALUATION,0.024364244818026792
BTC-USD,2025-02-27T00:00:00Z,84111.77,86993.87,82554.11,84625.19,16836.55524727,85773.57,EVALUATION,0.031016414852362617
BTC-USD,2025-02-28T00:00:00Z,84627.5,85116.19,78167.81,84297.73,30755.74245077,84344.9,EVALUATION,0.07480628481929474
BTC-USD,2025-03-01T00:00:00Z,84297.74,86534.96,83772.54,86018.76,6852.5441262,84980.56,EVALUATION,0.04537486938895663
BTC-USD,2025-03-02T00:00:00Z,86018.82,95128.88,85003.35,94265.48,16751.22972996,88193.98999999999,EVALUATION,-0.07965270001277247
BTC-USD,2025-03-03T00:00:00Z,94265.47,94415.61,85007.01,86161.1,22691.67068614,88815.11333333333,EVALUATION,0.0005291250924139845
BTC-USD,2025-03-04T00:00:00Z,86161.09,88977.27,81444.0,87249.96,23130.37098654,89225.51333333334,EVALUATION,-0.07508072210004457
BTC-USD,2025-03-05T00:00:00Z,87247.93,91000.0,86329.22,90603.73,14900.93396554,88004.93000000001,EVALUATION,-0.13309628643324056
BTC-USD,2025-03-06T00:00:00Z,90607.73,92817.29,87790.5,89921.85,13303.43744669,89258.51333333334,EVALUATION,-0.07792699994495234
BTC-USD,2025-03-07T00:00:00Z,89915.02,91280.0,84608.27,86756.98,27137.2022302,89094.18666666666,EVALUATION,-0.035703755478809884
BTC-USD,2025-03-08T00:00:00Z,86753.3,86863.38,85200.0,86206.69,3023.2478665,87628.50666666667,EVALUATION,-0.059545958672117094
BTC-USD,2025-03-09T00:00:00Z,86206.64,86480.0,80000.0,80699.17,7565.44749561,84554.28,EVALUATION,0.04066113691132145
BTC-USD,2025-03-10T00:00:00Z,80708.21,84033.66,77389.0,78544.71,21375.10120997,81816.85666666667,EVALUATION,0.07392923088009362
BTC-USD,2025-03-11T00:00:00Z,78548.18,83600.0,76555.0,82914.51,17096.37980265,80719.46333333333,EVALUATION,-0.004244612915157875
BTC-USD,2025-03-12T00:00:00Z,82911.81,84442.69,80572.21,83659.43,12617.220582,81706.21666666667,EVALUATION,0.0042071766446412084
BTC-USD,2025-03-13T00:00:00Z,83659.45,84310.8,79890.0,81073.43,10506.80043483,82549.12333333332,EVALUATION,0.020047628427710462
BTC-USD,2025-03-14T00:00:00Z,81071.5,85318.61,80771.17,83980.49,10857.45703924,82904.45,EVALUATION,0.03450170390765761
BTC-USD,2025-03-15T00:00:00Z,83989.86,84690.43,83612.24,84351.46,2331.92028578,83135.12666666668,EVALUATION,-0.0019921409777614585
BTC-USD,2025-03-16T00:00:00Z,84351.45,85092.35,81969.44,82562.57,4059.89765099,83631.50666666668,EVALUATION,0.01816065076462614
BTC-USD,2025-03-17T00:00:00Z,82562.5,84758.46,82416.98,84011.4,7785.97733364,83641.81,EVALUATION,-0.0018970044541573028
BTC-USD,2025-03-18T00:00:00Z,84011.39,84029.67,81125.0,82698.76,7316.63296603,83090.91,EVALUATION,0.04104269519881565
BTC-USD,2025-03-19T00:00:00Z,82699.53,87045.45,82535.53,86877.96,13056.03519886,84529.37333333334,EVALUATION,0.007431804337947101
BTC-USD,2025-03-20T00:00:00Z,86877.97,87492.87,83596.75,84183.42,9880.31696275,84586.71333333333,EVALUATION,0.038540368162756966
BTC-USD,2025-03-21T00:00:00Z,84183.41,84809.72,83100.0,84061.96,6257.63558757,85041.11333333334,EVALUATION,0.03407070213447305
BTC-USD,2025-03-22T00:00:00Z,84061.96,84517.75,83659.69,83852.03,2108.51345069,84032.47,EVALUATION,0.04013558169074738
BTC-USD,2025-03-23T00:00:00Z,83852.06,86128.99,83804.67,86092.94,3467.46945277,84668.97666666667,EVALUATION,-0.01987549734043237
BTC-USD,2025-03-24T00:00:00Z,86092.95,88804.64,85533.06,87523.62,13107.50391644,85822.86333333333,EVALUATION,-0.05606246633765821
BTC-USD,2025-03-25T00:00:00Z,87518.09,88584.34,86321.97,87427.88,10153.98312373,87014.81333333332,EVALUATION,-0.057737874920448795
BTC-USD,2025-03-26T00:00:00Z,87432.82,88304.1,85850.0,86926.01,6885.71986041,87292.50333333333,EVALUATION,-0.05052216246897778
BTC-USD,2025-03-27T00:00:00Z,86926.01,87790.12,85784.0,87217.48,6904.09386105,87190.45666666667,EVALUATION,-0.02347132707801236
BTC-USD,2025-03-28T00:00:00Z,87214.07,87498.15,83533.4,84381.8,10031.80008987,86175.09666666666,EVALUATION,-0.02241857841382855
BTC-USD,2025-03-29T00:00:00Z,84381.81,84584.13,81608.99,82616.83,3194.24303663,84738.70333333334,EVALUATION,0.006748019743676892
BTC-USD,2025-03-30T00:00:00Z,82624.06,83508.98,81538.88,82379.98,2472.72302228,83126.20333333334,EVALUATION,0.01796771497152605
BTC-USD,2025-03-31T00:00:00Z,82379.98,83920.8,81265.16,82534.32,6887.94694226,82510.37666666666,EVALUATION,0.011679141477145327
BTC-USD,2025-04-01T00:00:00Z,82534.31,85566.53,82403.32,85170.37,9130.97692565,83361.55666666667,EVALUATION,-0.07983551087074059
BTC-USD,2025-04-02T00:00:00Z,85166.92,88530.0,82283.01,82490.08,16748.28262337,83398.25666666667,EVALUATION,-0.04061179235127432
BTC-USD,2025-04-03T00:00:00Z,82490.1,83953.45,81177.7,83174.33,11800.91106566,83611.59333333334,EVALUATION,-0.0832310882456162
BTC-USD,2025-04-04T00:00:00Z,83178.68,84720.67,81643.54,83860.16,14593.03092888,83174.85666666667,EVALUATION,-0.015089525228666467
BTC-USD,2025-04-05T00:00:00Z,83859.78,84238.35,82346.61,83498.25,2836.42920662,83510.91333333333,EVALUATION,-0.04725739761012959
BTC-USD,2025-04-06T00:00:00Z,83505.88,83773.58,77058.99,78370.75,11014.8594773,81909.72,EVALUATION,0.06392333874564171
BTC-USD,2025-04-07T00:00:00Z,78370.15,81223.67,74420.69,79140.01,26706.52930797,80336.33666666667,EVALUATION,0.07747029599819366
BTC-USD,2025-04-08T00:00:00Z,79140.02,80849.98,76167.35,76251.64,14917.02351692,77920.79999999999,EVALUATION,0.09811500447728094
BTC-USD,2025-04-09T00:00:00Z,76258.8,83583.35,74553.01,82594.75,23584.94464084,79328.79999999999,EVALUATION,0.02416146304698552
BTC-USD,2025-04-10T00:00:00Z,82593.15,82730.93,78387.24,79552.34,11876.12778689,79466.24333333333,EVALUATION,0.05125480909801028
BTC-USD,2025-04-11T00:00:00Z,79552.34,84299.0,78919.94,83380.47,9964.68703141,81842.52,EVALUATION,0.007774602373913142
BTC-USD,2025-04-12T00:00:00Z,83379.64,85909.97,82765.26,85271.01,3972.49282052,82734.60666666666,EVALUATION,-0.003624209447032345
BTC-USD,2025-04-13T00:00:00Z,85271.02,86092.99,83010.0,83733.07,3904.15929557,84128.18333333333,EVALUATION,0.008758785507327005
BTC-USD,2025-04-14T00:00:00Z,83733.07,85818.06,83655.27,84590.36,7247.02343319,84531.48,EVALUATION,0.005729139821606166
BTC-USD,2025-04-15T00:00:00Z,84590.36,86491.4,83592.77,83629.78,6461.77024421,83984.40333333334,EVALUATION,0.01850489143938905
BTC-USD,2025-04-16T00:00:00Z,83622.52,85526.4,83088.02,84028.72,8246.73748903,84082.95333333334,EVALUATION,0.0415732858955844
BTC-USD,2025-04-17T00:00:00Z,84028.71,85494.94,83711.69,84961.97,5865.70077325,84206.82333333333,EVALUATION,0.10036408054097623
BTC-USD,2025-04-18T00:00:00Z,84961.97,85150.94,84287.06,84466.47,1884.07668707,84485.72,EVALUATION,0.10980037404191267
BTC-USD,2025-04-19T00:00:00Z,84466.47,85625.0,84353.45,85074.99,1683.30746873,84834.47666666667,EVALUATION,0.10516568970504725
BTC-USD,2025-04-20T00:00:00Z,85074.59,85319.21,83972.82,85177.34,1812.14325365,84906.26666666666,EVALUATION,0.11190124040032234
BTC-USD,2025-04-21T00:00:00Z,85177.33,88575.62,85135.98,87522.07,12603.75828155,85924.8,EVALUATION,0.08163163873980572
BTC-USD,2025-04-22T00:00:00Z,87513.53,93952.62,87077.17,93489.1,19460.09432868,88729.50333333334,EVALUATION,0.003117689655799394
BTC-USD,2025-04-23T00:00:00Z,93486.57,94686.0,91902.19,93740.92,12538.32136507,91584.03,EVALUATION,0.013885611534429243
BTC-USD,2025-04-24T00:00:00Z,93740.93,94061.02,91685.18,94021.96,9320.8086182,93750.66,EVALUATION,0.002649700133883437
BTC-USD,2025-04-25T00:00:00Z,94021.97,95976.34,92880.01,94708.79,14148.6339475,94157.22333333333,EVALUATION,-0.005556506423532559
BTC-USD,2025-04-26T00:00:00Z,94707.79,95273.52,93903.01,94666.64,2253.98942317,94465.79666666666,EVALUATION,0.019630357642354213
BTC-USD,2025-04-27T00:00:00Z,94666.64,95351.11,93654.77,93780.57,2304.93789541,94385.33333333333,EVALUATION,0.033580943259355234
BTC-USD,2025-04-28T00:00:00Z,93780.56,95652.66,92829.44,95042.57,7348.4883725,94496.59333333334,EVALUATION,0.008614666038597285
BTC-USD,2025-04-29T00:00:00Z,95042.56,95499.0,93761.26,94271.09,5979.94472886,94364.74333333335,EVALUATION,1.5487250651258222e-05
BTC-USD,2025-04-30T00:00:00Z,94271.08,95263.74,92911.88,94182.54,6511.31778605,94498.73333333334,EVALUATION,0.005855119218487914
BTC-USD,2025-05-01T00:00:00Z,94182.55,97546.99,94136.79,96524.98,8334.02681063,94992.87,EVALUATION,0.0032550123294508015
BTC-USD,2025-05-02T00:00:00Z,96524.98,97948.56,96369.69,96929.81,5709.61012071,95879.10999999999,EVALUATION,0.0013258047240576332
BTC-USD,2025-05-03T00:00:00Z,96929.81,96974.78,95765.13,95861.33,2077.55675998,96438.70666666667,EVALUATION,0.07711305486790132
BTC-USD,2025-05-04T00:00:00Z,95865.47,96312.51,94151.67,94272.55,2834.39686495,95687.89666666667,EVALUATION,0.09243846697686653
BTC-USD,2025-05-05T00:00:00Z,94272.54,95218.82,93500.01,94733.99,5181.01206583,94955.95666666667,EVALUATION,0.10647920561564006
BTC-USD,2025-05-06T00:00:00Z,94733.99,96916.25,93363.28,96839.17,6164.34738969,95281.90333333334,EVALUATION,0.07536671369653414
BTC-USD,2025-05-07T00:00:00Z,96843.84,97738.05,95800.0,97058.32,8328.69875473,96210.49333333333,EVALUATION,0.05915917357728828
BTC-USD,2025-05-08T00:00:00Z,97058.33,104176.05,96888.25,103253.49,15379.43544074,99050.32666666666,EVALUATION,0.008499180027716102
BTC-USD,2025-05-09T00:00:00Z,103252.2,104352.6,102330.76,102986.96,7318.60440182,101099.59000000001,EVALUATION,0.005422239864153688
BTC-USD,2025-05-10T00:00:00Z,102986.94,104997.0,102831.41,104821.19,3104.17143581,103687.21333333335,EVALUATION,-0.009871668123592303
BTC-USD,2025-05-11T00:00:00Z,104817.83,104980.89,103360.22,104137.62,3055.22813204,103981.92333333334,EVALUATION,-0.00612257126675253
BTC-USD,2025-05-12T00:00:00Z,104137.58,105787.37,100703.71,102800.21,11005.40673978,103919.67333333334,EVALUATION,0.0035103041131920865
BTC-USD,2025-05-13T00:00:00Z,102800.22,105038.53,101447.78,104131.06,8727.89105836,103689.63,EVALUATION,0.022494729238327293
BTC-USD,2025-05-14T00:00:00Z,104131.2,104373.0,102603.27,103545.38,7628.70177301,103492.21666666667,EVALUATION,0.01999896084209629
BTC-USD,2025-05-15T00:00:00Z,103540.91,104200.0,101400.01,103786.43,7563.00946962,103820.95666666667,EVALUATION,0.029838293888709844
BTC-USD,2025-05-16T00:00:00Z,103786.4,104616.71,103125.51,103500.03,6881.65708111,103610.61333333334,EVALUATION,0.059898629981073315
BTC-USD,2025-05-17T00:00:00Z,103500.03,103741.98,102612.0,103161.07,1848.95251021,103482.51000000001,EVALUATION,0.08299119037830827
BTC-USD,2025-05-18T00:00:00Z,103162.53,106692.97,103130.95,106473.46,4130.60889099,104378.18666666668,EVALUATION,0.008040970961214144
BTC-USD,2025-05-19T00:00:00Z,106488.77,107137.68,102105.0,105616.18,10104.32339011,105083.57,EVALUATION,0.020620230726011934
BTC-USD,2025-05-20T00:00:00Z,105616.21,107355.0,104209.18,106883.24,8804.38724819,106324.29333333333,EVALUATION,0.02025986487685061
BTC-USD,2025-05-21T00:00:00Z,106883.24,110788.98,106128.14,109699.54,18333.91491262,107399.65333333332,EVALUATION,-0.0021442204771322526
BTC-USD,2025-05-22T00:00:00Z,109697.19,112000.0,109217.23,111722.53,11250.38756124,109435.10333333333,EVALUATION,-0.02456147385849561
BTC-USD,2025-05-23T00:00:00Z,111722.54,111824.07,106800.01,107329.61,9638.23489571,109583.89333333333,EVALUATION,0.004562394291752314
BTC-USD,2025-05-24T00:00:00Z,107332.08,109517.79,106895.77,107794.01,2611.3560546,108948.71666666666,EVALUATION,-0.020608102435376474
BTC-USD,2025-05-25T00:00:00Z,107794.01,109371.04,106632.35,109048.68,2996.9984274,108057.43333333332,EVALUATION,-0.04599248702506076
BTC-USD,2025-05-26T00:00:00Z,109048.41,110474.41,108706.04,109464.32,4641.38117417,108769.00333333333,EVALUATION,-0.044018452770729466
BTC-USD,2025-05-27T00:00:00Z,109464.33,110829.42,107536.41,108978.46,8827.06917845,109163.82,EVALUATION,-0.030102462449918987
BTC-USD,2025-05-28T00:00:00Z,108978.45,109344.89,106790.16,107819.29,6474.20131287,108754.02333333333,EVALUATION,-0.017755171639508904
BTC-USD,2025-05-29T00:00:00Z,107819.26,108943.35,105315.0,105572.58,9305.58410478,107456.77666666667,EVALUATION,-0.001181746245095039
BTC-USD,2025-05-30T00:00:00Z,105572.58,106377.66,103634.48,104033.26,7866.16241154,105808.37666666666,EVALUATION,0.006922017054930452
BTC-USD,2025-05-31T00:00:00Z,104033.0,104965.5,103110.01,104645.87,2403.60824408,104750.57,EVALUATION,-0.029391222032938313
BTC-USD,2025-06-01T00:00:00Z,104645.87,105937.46,103800.81,105697.94,2369.92891564,104792.35666666666,EVALUATION,-0.01229872597327819
BTC-USD,2025-06-02T00:00:00Z,105697.93,106000.0,103685.23,105904.94,5818.90812007,105416.25,EVALUATION,-0.002699779632564847
BTC-USD,2025-06-03T00:00:00Z,105909.79,106901.68,104910.01,105447.82,6486.4597778,105683.56666666668,EVALUATION,0.003191910463393066
BTC-USD,2025-06-04T00:00:00Z,105443.95,106058.47,104202.0,104753.38,4505.03599201,105368.71333333335,EVALUATION,0.05296029588734985
BTC-USD,2025-06-05T00:00:00Z,104753.37,105999.68,100345.73,101570.2,10627.57339852,103923.8,EVALUATION,0.08595080053007687
BTC-USD,2025-06-06T00:00:00Z,101570.2,105439.01,101132.91,104397.99,9677.25748525,103573.85666666666,EVALUATION,0.0409143892521302
BTC-USD,2025-06-07T00:00:00Z,104398.0,106000.0,103969.7,105619.02,4141.10124271,103862.40333333334,EVALUATION,0.0009660191885894065
BTC-USD,2025-06-08T00:00:00Z,105619.02,106548.9,105028.3,105784.4,1998.61011035,105267.13666666667,EVALUATION,0.003160201315127731
BTC-USD,2025-06-09T00:00:00Z,105784.41,110651.12,105368.27,110301.15,6581.24781856,107234.85666666666,EVALUATION,-0.0438411566878496
BTC-USD,2025-06-10T00:00:00Z,110299.69,110420.08,108362.14,110300.24,5433.6716937,108795.26333333334,EVALUATION,-0.04261994352868137
BTC-USD,2025-06-11T00:00:00Z,110300.25,110435.05,108091.74,108669.37,4603.3324446,109756.91999999998,EVALUATION,-0.01671114868890833
BTC-USD,2025-06-12T00:00:00Z,108673.77,108853.74,105706.78,105721.05,5734.67136139,108230.22,EVALUATION,-0.010694275170365808
BTC-USD,2025-06-13T00:00:00Z,105716.45,106233.0,102746.01,106118.7,7441.52465913,106836.37333333332,EVALUATION,-0.01133730435823277
BTC-USD,2025-06-14T00:00:00Z,106114.53,106264.36,104351.72,105465.42,2256.48702523,105768.39,EVALUATION,-0.0075239827424002925
BTC-USD,2025-06-15T00:00:00Z,105465.42,106184.13,104505.05,105599.25,1722.80945227,105727.79000000001,EVALUATION,-0.021604793594651395
BTC-USD,2025-06-16T00:00:00Z,105600.21,109000.0,104982.26,106853.38,5952.98369341,105972.68333333333,EVALUATION,-0.04392327130877849
BTC-USD,2025-06-17T00:00:00Z,106853.38,107792.9,103363.3,104590.44,7688.94642443,105681.02333333335,EVALUATION,-0.034358493950307545
BTC-USD,2025-06-18T00:00:00Z,104590.44,105603.63,103512.38,104915.6,4918.14382744,105453.14000000001,EVALUATION,0.004801859780623641
BTC-USD,2025-06-19T00:00:00Z,104915.6,105266.61,103916.37,104671.9,2279.05842007,104725.98000000001,EVALUATION,0.014035285496871719
BTC-USD,2025-06-20T00:00:00Z,104671.4,106553.86,102357.25,103317.8,5047.63626176,104301.76666666666,EVALUATION,0.03951323005329188
BTC-USD,2025-06-21T00:00:00Z,103317.79,104013.64,100919.19,102160.03,3287.51327489,103383.24333333333,EVALUATION,0.047666489526285494
BTC-USD,2025-06-22T00:00:00Z,102160.36,103417.0,98225.01,100996.87,7872.25874446,102158.23333333334,EVALUATION,0.06056138175371184
BTC-USD,2025-06-23T00:00:00Z,100996.87,106135.47,99677.07,105419.39,8910.86676597,102858.76333333334,EVALUATION,0.01833448286885364
BTC-USD,2025-06-24T00:00:00Z,105418.4,106366.29,104681.83,106141.0,5773.20907668,104185.75333333333,EVALUATION,0.021155255744716994
BTC-USD,2025-06-25T00:00:00Z,106141.01,108206.0,105875.0,107400.22,7072.65636297,106320.20333333334,EVALUATION,-0.0021136828211338887
BTC-USD,2025-06-26T00:00:00Z,107400.22,108345.0,106605.88,107029.64,4900.22231656,106856.95333333334,EVALUATION,-0.012313037771592983
BTC-USD,2025-06-27T00:00:00Z,107029.63,107804.2,106413.79,107113.38,6310.43715745,107181.08,EVALUATION,0.01657066558818321
BTC-USD,2025-06-28T00:00:00Z,107119.17,107599.81,106868.94,107352.2,1227.76803255,107165.07333333333,EVALUATION,0.02120711079977866
BTC-USD,2025-06-29T00:00:00Z,107352.2,108550.0,107230.0,108386.44,2154.86170312,107617.34,EVALUATION,-0.0033015200056391025
BTC-USD,2025-06-30T00:00:00Z,108386.44,108800.0,106724.76,107173.21,4839.04838063,107637.28333333333,EVALUATION,0.010015935885469673
BTC-USD,2025-07-01T00:00:00Z,107173.21,107579.3,105262.0,105711.78,5152.72760186,107090.47666666667,EVALUATION,0.03316754291716584
BTC-USD,2025-07-02T00:00:00Z,105711.77,109823.08,105119.7,108888.32,7995.79258367,107257.77,EVALUATION,-0.0056799480421776405
BTC-USD,2025-07-03T00:00:00Z,108887.03,110590.0,108574.31,109628.83,6434.57921608,108076.31,EVALUATION,-0.006118737197140622
BTC-USD,2025-07-04T00:00:00Z,109628.83,109812.94,107268.84,108028.6,3129.21859997,108848.58333333334,EVALUATION,0.03012396717165644
BTC-USD,2025-07-05T00:00:00Z,108028.6,108454.19,107783.1,108246.65,1513.15428554,108634.69333333333,EVALUATION,0.07191585143743495
BTC-USD,2025-07-06T00:00:00Z,108246.66,109736.64,107837.7,109217.98,1651.18120197,108497.74333333333,EVALUATION,0.07658244549111792
BTC-USD,2025-07-07T00:00:00Z,109217.98,109741.64,107507.0,108269.84,4455.08353019,108578.15666666666,EVALUATION,0.08499883254653362
BTC-USD,2025-07-08T00:00:00Z,108271.49,109255.99,107438.33,108958.04,3785.3907416,108815.28666666665,EVALUATION,0.09336410603568135
BTC-USD,2025-07-09T00:00:00Z,108953.58,112152.91,108329.87,111282.85,7683.83239574,109503.57666666666,EVALUATION,0.07710855715862786
BTC-USD,2025-07-10T00:00:00Z,111282.84,116842.0,110541.87,116031.3,12920.20742934,112090.73,EVALUATION,0.01508506756366601
BTC-USD,2025-07-11T00:00:00Z,116031.29,118909.74,115211.74,117582.16,10116.886206,114965.43666666668,EVALUATION,0.00935107842890437
BTC-USD,2025-07-12T00:00:00Z,117582.16,118244.51,116940.82,117472.65,2397.72381256,117028.70333333334,EVALUATION,0.015331568667260154
BTC-USD,2025-07-13T00:00:00Z,117472.65,119500.0,117238.69,119130.81,3461.0430314,118061.87333333332,EVALUATION,-0.009298686040999815
BTC-USD,2025-07-14T00:00:00Z,119130.81,123231.07,118949.18,119863.71,13536.79954839,118822.38999999998,EVALUATION,-0.016264639230673006
BTC-USD,2025-07-15T00:00:00Z,119863.71,119973.3,115697.37,117781.64,23726.31356081,118925.38666666666,EVALUATION,-0.003981435476700823
BTC-USD,2025-07-16T00:00:00Z,117781.63,120134.8,117033.23,118681.68,9250.98642597,118775.67666666667,EVALUATION,-0.01055672619396697
BTC-USD,2025-07-17T00:00:00Z,118681.67,120998.76,117469.0,119273.69,8360.35130892,118579.00333333333,EVALUATION,0.006310947535873135
BTC-USD,2025-07-18T00:00:00Z,119273.7,120918.68,116892.42,118023.05,8735.40386401,118659.47333333333,EVALUATION,0.006671493407431894
BTC-USD,2025-07-19T00:00:00Z,118023.06,118564.59,117337.59,117914.17,1700.0997198,118403.63666666667,EVALUATION,0.004095097306795248
BTC-USD,2025-07-20T00:00:00Z,117914.17,118921.76,116525.0,117312.7,2504.59032125,117749.97333333333,EVALUATION,0.0027326112177112893
BTC-USD,2025-07-21T00:00:00Z,117315.68,119745.93,116565.01,117428.79,5450.55450292,117551.88666666666,EVALUATION,0.004605684858032033
BTC-USD,2025-07-22T00:00:00Z,117428.79,120300.0,116185.0,120026.42,7564.58852928,118255.97,EVALUATION,-0.004673137797494897
BTC-USD,2025-07-23T00:00:00Z,120034.21,120180.93,117342.21,118810.44,5526.13819924,118755.21666666667,EVALUATION,-0.006227146368618874
BTC-USD,2025-07-24T00:00:00Z,118810.44,119557.7,117190.0,118397.04,7137.01277011,119077.96666666667,EVALUATION,-0.003916060739356242
BTC-USD,2025-07-25T00:00:00Z,118400.0,118518.2,114750.0,117633.27,24633.33644271,118280.25,EVALUATION,0.0016736761632145658
BTC-USD,2025-07-26T00:00:00Z,117633.27,118371.35,117095.73,117969.63,6974.42930567,117999.98000000001,EVALUATION,-0.01872091995202496
BTC-USD,2025-07-27T00:00:00Z,117981.73,119800.0,117849.99,119465.52,4999.42180703,118356.14000000001,EVALUATION,-0.052038362198565835
BTC-USD,2025-07-28T00:00:00Z,119465.52,119839.0,117380.6,118070.59,7647.38438521,118501.91333333333,EVALUATION,-0.04681817885385342
BTC-USD,2025-07-29T00:00:00Z,118074.43,119284.78,116900.0,117933.39,6070.86335715,118489.83333333334,EVALUATION,-0.031523387905664446
BTC-USD,2025-07-30T00:00:00Z,117933.39,118809.43,115728.49,117830.15,4647.7410138,117944.70999999999,EVALUATION,-0.023578854817718486
BTC-USD,2025-07-31T00:00:00Z,117830.15,118920.0,115500.0,115761.13,4647.6521388,117174.89,EVALUATION,-0.014237767029399273
BTC-USD,2025-08-01T00:00:00Z,115756.12,116065.12,112659.0,113248.73,9196.58441635,115613.33666666667,EVALUATION,0.015718498565061134
BTC-USD,2025-08-02T00:00:00Z,113248.83,114023.58,112000.0,112542.74,2946.5811158,113850.86666666667,EVALUATION,0.04418543568425659
BTC-USD,2025-08-03T00:00:00Z,112542.75,114794.99,111903.68,114215.73,2212.37278435,113335.73333333334,EVALUATION,0.021608757392698852
BTC-USD,2025-08-04T00:00:00Z,114215.7,115756.06,114118.18,115051.85,4655.53866243,113936.77333333333,EVALUATION,0.012521832547673029
BTC-USD,2025-08-05T00:00:00Z,115056.14,115112.75,112622.14,114112.95,4943.38930608,114460.17666666667,EVALUATION,0.04553751348992385
BTC-USD,2025-08-06T00:00:00Z,114112.95,115749.99,113347.87,115028.83,4481.39474697,114731.21,EVALUATION,0.03193121237519314
BTC-USD,2025-08-07T00:00:00Z,115028.83,117687.0,114268.6,117515.49,5804.23960803,115552.42333333334,EVALUATION,0.02210508589123017
BTC-USD,2025-08-08T00:00:00Z,117515.69,117687.0,115800.0,116683.79,4870.3042426,116409.37,EVALUATION,0.0572645094918498
BTC-USD,2025-08-09T00:00:00Z,116683.79,117937.89,116343.34,116492.51,2586.17129292,116897.26333333334,EVALUATION,0.016286712338844822
BTC-USD,2025-08-10T00:00:00Z,116492.5,119324.08,116480.0,119309.37,2850.61404026,117495.22333333333,EVALUATION,-0.015693738052593775
BTC-USD,2025-08-11T00:00:00Z,119309.37,122319.14,118050.0,118701.84,7220.80819945,118167.90666666666,EVALUATION,-0.010498236590098409
BTC-USD,2025-08-12T00:00:00Z,118701.83,120327.0,118190.81,120113.18,4615.45835079,119374.79666666666,EVALUATION,-0.021850890968001857
BTC-USD,2025-08-13T00:00:00Z,120109.04,123740.24,118931.34,123365.63,8512.8860955,120726.88333333333,EVALUATION,-0.0573812171185768
BTC-USD,2025-08-14T00:00:00Z,123365.63,124533.0,117208.97,118389.79,10154.04939662,120622.86666666667,EVALUATION,-0.04674051706654769
BTC-USD,2025-08-15T00:00:00Z,118389.79,119339.57,116859.32,117436.96,4990.799358,119730.79333333333,EVALUATION,-0.02691622807674865
BTC-USD,2025-08-16T00:00:00Z,117436.95,118028.68,117222.01,117455.68,1781.69438526,117760.81,EVALUATION,-0.042359637269138384
BTC-USD,2025-08-17T00:00:00Z,117455.69,118641.6,117249.49,117488.6,2021.61751952,117460.41333333333,EVALUATION,-0.004935968255643686
BTC-USD,2025-08-18T00:00:00Z,117488.59,117633.8,114703.26,116286.76,6762.85366719,117077.01333333334,EVALUATION,-0.007764340497576794
BTC-USD,2025-08-19T00:00:00Z,116286.75,116792.87,112696.56,112856.19,7918.58452813,115543.85,EVALUATION,0.0055097553798333365
BTC-USD,2025-08-20T00:00:00Z,112853.66,114627.37,112344.11,114276.0,5764.27605073,114472.98333333334,EVALUATION,-0.036300360530645004
BTC-USD,2025-08-21T00:00:00Z,114276.0,114812.0,111964.0,112480.3,6033.74435365,113204.16333333333,EVALUATION,-0.0061547666569168324
BTC-USD,2025-08-22T00:00:00Z,112480.29,117416.73,111649.75,116908.68,8547.72089091,114554.99333333333,EVALUATION,-0.04837510781919685
BTC-USD,2025-08-23T00:00:00Z,116911.9,116999.03,114505.0,115383.87,2245.41925268,114924.28333333333,EVALUATION,-0.024344997268682222
BTC-USD,2025-08-24T00:00:00Z,115383.87,115616.53,110635.0,113478.0,4602.76322486,115256.85,EVALUATION,-0.04493981212217335
BTC-USD,2025-08-25T00:00:00Z,113478.0,113645.32,109275.74,110127.74,8509.20658676,112996.53666666667,EVALUATION,-0.011802748335705493
BTC-USD,2025-08-26T00:00:00Z,110127.74,112399.99,108670.0,111788.01,7735.56524843,111797.91666666666,EVALUATION,-0.03166761802093088
BTC-USD,2025-08-27T00:00:00Z,111788.04,112683.39,110351.11,111253.21,5151.42127925,111056.32,EVALUATION,-0.018090803851861903
BTC-USD,2025-08-28T00:00:00Z,111253.22,113480.0,110858.78,112574.85,4637.29182209,111872.02333333335,EVALUATION,-0.01178691332922055
BTC-USD,2025-08-29T00:00:00Z,112574.84,112642.53,107469.13,108378.32,7806.0938333,110735.46,EVALUATION,0.031169425767072267
BTC-USD,2025-08-30T00:00:00Z,108378.32,108928.79,107369.69,108827.93,2828.67461609,109927.03333333333,EVALUATION,0.017393145307459168
BTC-USD,2025-08-31T00:00:00Z,108827.92,109489.79,108060.79,108247.95,2702.50957636,108484.73333333334,EVALUATION,0.022375204334123655
BTC-USD,2025-09-01T00:00:00Z,108247.95,109907.51,107250.0,109240.55,5396.96365977,108772.14333333334,EVALUATION,0.008898252526191142
BTC-USD,2025-09-02T00:00:00Z,109240.55,111801.86,108400.0,111247.94,7398.40595759,109578.81333333334,EVALUATION,-0.0010636601450777494
BTC-USD,2025-09-03T00:00:00Z,111247.94,112600.0,110533.77,111756.41,5205.45031255,110748.3,EVALUATION,0.002829009986988762
BTC-USD,2025-09-04T00:00:00Z,111756.4,112235.6,109321.0,110720.79,5253.71408228,111241.71333333333,EVALUATION,0.007483057156655093
BTC-USD,2025-09-05T00:00:00Z,110714.48,113390.0,110202.36,110670.02,7218.59124481,111049.07333333333,EVALUATION,0.029944423973177203
BTC-USD,2025-09-06T00:00:00Z,110670.02,111317.65,109993.0,110212.6,1621.65017738,110534.47,EVALUATION,0.048337485913588774
BTC-USD,2025-09-07T00:00:00Z,110214.21,111600.0,110200.01,111129.61,1646.11764246,110670.74333333333,EVALUATION,0.04478032452377012
BTC-USD,2025-09-08T00:00:00Z,111120.38,112940.84,110600.0,112072.57,5158.43294831,111138.26000000001,EVALUATION,0.03476122658738001
BTC-USD,2025-09-09T00:00:00Z,112072.57,113292.96,110765.72,111549.32,5158.45733241,111583.83333333334,EVALUATION,0.03375018332698043
BTC-USD,2025-09-10T00:00:00Z,111546.61,114362.1,110919.55,113983.97,7249.99346721,112535.28666666668,EVALUATION,0.012257074393881906
BTC-USD,2025-09-11T00:00:00Z,113983.98,115554.53,113433.92,115540.0,5575.3607407,113691.09666666668,EVALUATION,0.011187121343257722
BTC-USD,2025-09-12T00:00:00Z,115540.01,116833.25,114774.19,116106.03,6493.57632751,115210.0,EVALUATION,0.003258831604181056
BTC-USD,2025-09-13T00:00:00Z,116106.03,116378.04,115177.53,115968.35,2173.49651785,115871.46,EVALUATION,0.009913394473578307
BTC-USD,2025-09-14T00:00:00Z,115968.33,116226.61,115166.0,115314.13,1967.88683794,115796.17000000001,EVALUATION,0.003264300740941195
BTC-USD,2025-09-15T00:00:00Z,115314.12,116802.0,114395.84,115381.08,6142.67859527,115554.52,EVALUATION,0.0032182052724760712
BTC-USD,2025-09-16T00:00:00Z,115381.07,117000.0,114750.0,116832.56,6012.58313417,115842.59,EVALUATION,-0.01326933176847267
BTC-USD,2025-09-17T00:00:00Z,116832.56,117327.24,114724.57,116484.4,7151.30033814,116232.68,EVALUATION,-0.03217435124360002
BTC-USD,2025-09-18T00:00:00Z,116484.4,117998.17,116125.08,117117.99,7140.41942024,116811.65,EVALUATION,-0.043552489246101334
BTC-USD,2025-09-19T00:00:00Z,117117.99,117516.36,115132.71,115690.55,5874.11552075,116430.98000000001,EVALUATION,-0.020246943246444937
BTC-USD,2025-09-20T00:00:00Z,115690.55,116194.63,115463.22,115752.4,2830.8502542,116186.98000000001,EVALUATION,-0.058026269865678715
BTC-USD,2025-09-21T00:00:00Z,115752.9,115900.02,115237.16,115282.27,2071.01892785,115575.07333333333,EVALUATION,-0.048446131395573744
BTC-USD,2025-09-22T00:00:00Z,115282.26,115441.37,111761.22,112736.59,8494.39097785,114590.42,EVALUATION,-0.027102380868536002
BTC-USD,2025-09-23T00:00:00Z,112736.59,113357.0,111502.08,112017.21,4512.04618772,113345.35666666666,EVALUATION,0.0016110024522124622
BTC-USD,2025-09-24T00:00:00Z,112017.21,113999.98,111066.07,113348.17,4932.88303511,112700.65666666668,EVALUATION,0.008971472587515184
BTC-USD,2025-09-25T00:00:00Z,113348.16,113561.35,108623.7,109035.72,9197.26639402,111467.03333333333,EVALUATION,0.046149922245664055
BTC-USD,2025-09-26T00:00:00Z,109036.0,110369.99,108645.02,109697.29,6826.16968974,110693.72666666665,EVALUATION,0.08170375038435318
BTC-USD,2025-09-27T00:00:00Z,109697.29,109815.08,109116.0,109681.16,1950.48703402,109471.38999999998,EVALUATION,0.09974511575187583
BTC-USD,2025-09-28T00:00:00Z,109681.15,112385.84,109230.98,112197.67,2397.09714427,110525.37333333332,EVALUATION,0.0902044579000616
BTC-USD,2025-09-29T00:00:00Z,112197.66,114490.0,111582.65,114365.07,5553.41779958,112081.3,EVALUATION,0.07076889823090204
BTC-USD,2025-09-30T00:00:00Z,114361.66,114850.0,112695.85,114067.71,5044.09158186,113543.48333333334,EVALUATION,0.08287253246339388
BTC-USD,2025-10-01T00:00:00Z,114067.71,118718.8,113975.5,118659.97,9687.1228881,115697.58333333334,EVALUATION,0.051071309052243885
BTC-USD,2025-10-02T00:00:00Z,118662.72,121111.0,118336.01,120621.32,8816.90252269,117783.0,EVALUATION,0.006405418212965808
BTC-USD,2025-10-03T00:00:00Z,120621.33,123996.81,119327.83,122318.4,11835.08733617,120533.23,EVALUATION,0.008378543211814415
BTC-USD,2025-10-04T00:00:00Z,122318.39,122896.0,121572.64,122458.56,2705.28818527,121799.42666666667,EVALUATION,-0.006075932952339214
BTC-USD,2025-10-05T00:00:00Z,122458.55,125750.0,122195.28,123520.79,5820.77013157,122765.91666666666,EVALUATION,-0.08533389399468705
BTC-USD,2025-10-06T00:00:00Z,123520.8,126296.0,123115.77,124720.09,9135.3086452,123566.48,EVALUATION,-0.11186008605349784
BTC-USD,2025-10-07T00:00:00Z,124723.57,125226.34,120636.0,121393.95,8699.84065383,123211.61,EVALUATION,-0.05211108131830289
BTC-USD,2025-10-08T00:00:00Z,121393.96,124254.31,121090.06,123343.25,6727.94848453,123152.43,EVALUATION,-0.06542084791830927
BTC-USD,2025-10-09T00:00:00Z,123343.24,123822.08,119713.65,121714.51,6980.15210285,122150.57,EVALUATION,-0.07103927050275272
BTC-USD,2025-10-10T00:00:00Z,121714.51,122600.0,107000.0,112980.28,22432.34375511,119346.01333333334,EVALUATION,-0.019261414469852634
BTC-USD,2025-10-11T00:00:00Z,112976.01,113439.99,109683.96,110768.89,10041.88198008,115154.56,EVALUATION,-0.023209495012543657
BTC-USD,2025-10-12T00:00:00Z,110768.9,115847.0,109687.46,115067.98,9699.03564495,112939.04999999999,EVALUATION,-0.07477910014584421
BTC-USD,2025-10-13T00:00:00Z,115067.96,116077.51,113700.27,115274.03,8147.76104518,113703.63333333333,EVALUATION,-0.06996476136038621
BTC-USD,2025-10-14T00:00:00Z,115274.03,115514.91,109945.86,113068.0,11955.35437582,114470.00333333333,EVALUATION,-0.03883698305444516
BTC-USD,2025-10-15T00:00:00Z,113072.18,113671.99,110185.87,110804.12,7440.03782479,113048.71666666667,EVALUATION,-0.0021304261971486493
BTC-USD,2025-10-16T00:00:00Z,110804.11,112021.07,107464.53,108198.0,14792.78754529,110690.04000000001,EVALUATION,0.0015182350875246886
BTC-USD,2025-10-17T00:00:00Z,108197.99,109269.97,103516.75,106463.3,13824.34463474,108488.47333333333,EVALUATION,0.010545230140339479
BTC-USD,2025-10-18T00:00:00Z,106462.09,107535.68,106357.69,107208.91,3552.60959467,107290.07,EVALUATION,0.027116402918376803
BTC-USD,2025-10-19T00:00:00Z,107208.91,109499.0,106091.25,108676.78,4841.63812975,107449.66333333333,EVALUATION,0.021764998926173673
BTC-USD,2025-10-20T00:00:00Z,108676.77,111748.6,107449.91,110568.06,6286.43529012,108817.91666666666,EVALUATION,0.009931891723523156
BTC-USD,2025-10-21T00:00:00Z,110568.05,114082.29,107444.6,108362.27,12890.45189253,109202.37,EVALUATION,0.057084629179510404
BTC-USD,2025-10-22T00:00:00Z,108357.99,109188.27,106639.0,107585.98,9311.33986567,108838.76999999999,EVALUATION,0.060426832566845556
BTC-USD,2025-10-23T00:00:00Z,107588.02,111342.6,107511.46,110116.03,6881.35851313,108688.09333333332,EVALUATION,0.02534344908729458
BTC-USD,2025-10-24T00:00:00Z,110116.02,112158.39,109725.51,111042.13,5915.09477083,109581.38,EVALUATION,-0.00909564685043418
BTC-USD,2025-10-25T00:00:00Z,111042.13,111968.52,110693.01,111666.21,1478.94798996,110941.45666666667,EVALUATION,-0.03007203342891296
BTC-USD,2025-10-26T00:00:00Z,111666.22,115542.0,111260.33,114548.09,3808.17193597,112418.81,EVALUATION,-0.04358710826169154
BTC-USD,2025-10-27T00:00:00Z,114561.69,116410.06,113833.12,114087.06,5491.52581938,113433.78666666665,EVALUATION,-0.03536606167255074
BTC-USD,2025-10-28T00:00:00Z,114087.06,116114.13,112203.0,112906.75,5342.86134585,113847.29999999999,EVALUATION,-0.020997327440564928
BTC-USD,2025-10-29T00:00:00Z,112906.75,113690.17,109000.0,110032.13,6110.48087693,112341.98000000001,EVALUATION,-0.03157395935169127
BTC-USD,2025-10-30T00:00:00Z,110031.65,111629.2,106279.33,108308.18,8481.34743643,110415.68666666668,EVALUATION,-0.06315340170982464
BTC-USD,2025-10-31T00:00:00Z,108308.02,111066.1,108266.11,109555.27,6858.47522213,109298.52666666667,EVALUATION,-0.05190320830755113
BTC-USD,2025-11-01T00:00:00Z,109555.63,110500.0,109342.47,110052.25,1707.44713625,109305.23333333334,EVALUATION,-0.0796144558607389
BTC-USD,2025-11-02T00:00:00Z,110052.25,111221.99,108800.0,110536.01,3777.57822519,110047.84333333332,EVALUATION,-0.06560522674918323
BTC-USD,2025-11-03T00:00:00Z,110533.83,110749.0,105271.67,106557.98,8657.30683772,109048.74666666667,EVALUATION,-0.04009469774107943
BTC-USD,2025-11-04T00:00:00Z,106557.98,107269.85,98892.97,101468.15,17052.82209797,106187.38,EVALUATION,0.031801111974545826
BTC-USD,2025-11-05T00:00:00Z,101468.16,104550.0,98950.0,103869.0,10844.84576039,103965.04333333333,EVALUATION,0.02031770788204379
BTC-USD,2025-11-06T00:00:00Z,103866.67,104191.19,100235.02,101290.5,9488.56911128,102209.21666666667,EVALUATION,0.016969508492899132
BTC-USD,2025-11-07T00:00:00Z,101290.5,104041.99,99170.0,103284.27,9981.70774039,102814.59,EVALUATION,-0.015929434365949513
BTC-USD,2025-11-08T00:00:00Z,103281.79,103350.0,101422.74,102285.57,4365.22006206,102286.78,EVALUATION,-0.02611345862373371
BTC-USD,2025-11-09T00:00:00Z,102285.58,105471.04,101372.58,104694.95,5545.42134633,103421.59666666668,EVALUATION,-0.0973398430392296
BTC-USD,2025-11-10T00:00:00Z,104694.23,106653.0,104240.76,105979.38,7737.06153627,104319.96666666667,EVALUATION,-0.09845726593229742
BTC-USD,2025-11-11T00:00:00Z,105979.38,107482.0,102422.43,103009.35,6574.79380402,104561.22666666667,EVALUATION,-0.08567552362965114
BTC-USD,2025-11-12T00:00:00Z,103017.21,105316.64,100803.2,101639.01,6053.08600012,103542.58,EVALUATION,-0.09384595540629515
BTC-USD,2025-11-13T00:00:00Z,101636.03,104050.0,97870.0,99614.54,12710.66743459,101420.96666666667,EVALUATION,-0.06726006062970313
BTC-USD,2025-11-14T00:00:00Z,99610.49,99836.1,93951.32,94503.96,19645.40043753,98585.83666666667,EVALUATION,-0.03219293667693923
BTC-USD,2025-11-15T00:00:00Z,94501.08,96747.02,94222.2,95544.94,5157.02031554,96554.48000000001,EVALUATION,-0.09428086929564239
BTC-USD,2025-11-16T00:00:00Z,95544.94,96559.61,92943.83,94183.97,7161.13750207,94744.29000000001,EVALUATION,-0.09677963245762522
BTC-USD,2025-11-17T00:00:00Z,94182.03,95950.0,91158.35,92100.6,13319.956338,93943.17,EVALUATION,-0.08052716268949389
BTC-USD,2025-11-18T00:00:00Z,92100.6,93775.0,89183.48,92914.46,16182.4672286,93066.34333333334,EVALUATION,-0.06571829616186764
BTC-USD,2025-11-19T00:00:00Z,92914.45,92948.0,88483.12,91461.6,15642.23320328,92158.88666666667,EVALUATION,-0.03493706648473249
BTC-USD,2025-11-20T00:00:00Z,91465.04,93080.91,85980.7,86536.88,18857.80134874,90304.31333333334,EVALUATION,0.009107446443643363
BTC-USD,2025-11-21T00:00:00Z,86531.87,87395.93,80524.65,85068.88,31211.5604643,87689.12,EVALUATION,0.06347750199602942
BTC-USD,2025-11-22T00:00:00Z,85068.85,85547.11,83441.91,84684.0,7330.52185107,85429.92,EVALUATION,0.07832294175995469
BTC-USD,2025-11-23T00:00:00Z,84683.99,88100.0,84614.11,86808.28,9786.06365257,85520.38666666667,EVALUATION,0.047166238059318744
BTC-USD,2025-11-24T00:00:00Z,86808.28,89225.6,85213.17,88266.2,14868.61469913,86586.16,EVALUATION,0.02902424710704654
BTC-USD,2025-11-25T00:00:00Z,88264.0,88486.82,86067.02,87325.01,10484.73675809,87466.49666666667,EVALUATION,0.03486400974932602
BTC-USD,2025-11-26T00:00:00Z,87325.0,90628.53,86266.95,90468.84,11351.8707199,88686.68333333333,EVALUATION,-0.046275380561970225
BTC-USD,2025-11-27T00:00:00Z,90468.83,91925.4,90067.81,91316.7,8201.73046924,89703.51666666666,EVALUATION,-9.472528026077676e-05
BTC-USD,2025-11-28T00:00:00Z,91316.7,93161.86,90220.5,90902.7,9580.37061817,90896.07999999999,EVALUATION,0.028064512935259245
BTC-USD,2025-11-29T00:00:00Z,90902.69,91199.99,90200.0,90828.06,3143.58444031,91015.81999999999,EVALUATION,0.013932698771723206
BTC-USD,2025-11-30T00:00:00Z,90829.68,91980.8,90353.96,90369.51,3513.48557284,90700.09,EVALUATION,-0.011333689869514663
BTC-USD,2025-12-01T00:00:00Z,90364.0,90433.7,83800.0,86282.36,16664.36191777,89159.97666666667,EVALUATION,0.034602785551994586
BTC-USD,2025-12-02T00:00:00Z,86282.35,92342.0,86181.38,91308.05,13162.85699748,89319.97333333333,EVALUATION,-0.009919826346089011
BTC-USD,2025-12-03T00:00:00Z,91308.05,94181.41,91024.47,93453.84,9741.98216681,90348.08333333333,EVALUATION,-0.029961101651895694
BTC-USD,2025-12-04T00:00:00Z,93452.02,94087.05,90904.73,92093.54,6198.20707297,92285.14333333333,EVALUATION,0.00647667577986466
BTC-USD,2025-12-05T00:00:00Z,92093.7,92716.42,88099.05,89345.29,8310.94183595,91630.89,EVALUATION,0.030115745329160726
BTC-USD,2025-12-06T00:00:00Z,89345.29,90296.32,88932.0,89267.97,3017.16860213,90235.6,EVALUATION,0.03667642492598411
BTC-USD,2025-12-07T00:00:00Z,89262.8,91779.99,87733.18,90402.29,4070.57697141,89671.85,EVALUATION,-0.0013748545529100875
BTC-USD,2025-12-08T00:00:00Z,90402.3,92291.96,89599.0,90653.86,6661.98775031,90108.04000000001,EVALUATION,-0.004396282739642765
BTC-USD,2025-12-09T00:00:00Z,90653.86,94640.66,89537.55,92690.0,9862.67083813,91248.71666666667,EVALUATION,-0.04874732980904084
BTC-USD,2025-12-10T00:00:00Z,92690.0,94500.0,91556.64,92035.99,8904.69319331,91793.28333333334,EVALUATION,-0.061046662289393594
BTC-USD,2025-12-11T00:00:00Z,92035.85,93594.76,89257.98,92542.0,9119.99377433,92422.66333333333,EVALUATION,-0.050657971515636224
BTC-USD,2025-12-12T00:00:00Z,92539.63,92791.26,89500.0,90278.0,6137.8902612,91618.66333333333,EVALUATION,-0.04506335984403731
BTC-USD,2025-12-13T00:00:00Z,90278.0,90657.0,89777.79,90255.32,1542.14542217,91025.10666666667,EVALUATION,-0.05313038610909582
BTC-USD,2025-12-14T00:00:00Z,90255.32,90496.16,87565.38,88171.61,3643.36533229,89568.31,EVALUATION,-0.0008955263491275955
BTC-USD,2025-12-15T00:00:00Z,88174.37,90064.74,85129.63,86417.5,9868.30482589,88281.47666666667,EVALUATION,0.022061503746347633
BTC-USD,2025-12-16T00:00:00Z,86417.5,88148.0,85250.0,87854.01,7734.132664,87481.04,EVALUATION,0.008945977537052618
BTC-USD,2025-12-17T00:00:00Z,87854.0,90336.36,85267.69,86209.77,10021.43107061,86827.09333333332,EVALUATION,0.02722429255988046
BTC-USD,2025-12-18T00:00:00Z,86209.79,89447.75,84400.0,85460.02,9840.74407994,86507.93333333333,EVALUATION,0.02304352374361729
BTC-USD,2025-12-19T00:00:00Z,85460.85,89365.85,85052.78,88092.65,8046.9179144,86587.48,EVALUATION,-0.005489901824953569
BTC-USD,2025-12-20T00:00:00Z,88092.65,88530.6,87780.0,88324.0,1807.74517583,87292.22333333333,EVALUATION,-0.013046510574702297
BTC-USD,2025-12-21T00:00:00Z,88322.01,89046.44,87501.01,88639.95,2361.91088803,88352.2,EVALUATION,-0.015161786530791144
BTC-USD,2025-12-22T00:00:00Z,88639.87,90541.8,87846.17,88556.77,8901.70507789,88506.90666666666,EVALUATION,-0.008455254183277083
BTC-USD,2025-12-23T00:00:00Z,88555.03,88896.63,86533.86,87429.32,7050.61151888,88208.68000000001,EVALUATION,0.005123795998870806
BTC-USD,2025-12-24T00:00:00Z,87429.32,88001.2,86350.0,87609.03,5007.9834145,87865.04000000001,EVALUATION,-0.005687199139175481
BTC-USD,2025-12-25T00:00:00Z,87609.02,88534.4,86899.0,87171.68,2819.32696132,87403.34333333334,EVALUATION,0.014062135776206297
BTC-USD,2025-12-26T00:00:00Z,87171.46,89496.07,86569.53,87296.01,8673.64195064,87358.90666666666,EVALUATION,0.0023131641411791026
BTC-USD,2025-12-27T00:00:00Z,87296.17,87914.62,86944.24,87808.0,1955.01185796,87425.23,EVALUATION,0.01059516217201173
BTC-USD,2025-12-28T00:00:00Z,87806.75,88000.0,87349.52,87877.29,1859.62245916,87660.43333333332,EVALUATION,0.02367733461056898
BTC-USD,2025-12-29T00:00:00Z,87877.28,90325.0,86675.0,87110.78,10415.66618294,87598.69,EVALUATION,0.040032244000111294
BTC-USD,2025-12-30T00:00:00Z,87110.77,89343.52,86704.98,88397.5,8725.01685173,87795.19,EVALUATION,0.03502927118979615
BTC-USD,2025-12-31T00:00:00Z,88397.24,89100.0,87082.64,87497.94,7261.18123917,87668.73999999999,EVALUATION,0.07282594310220336
BTC-USD,2026-01-01T00:00:00Z,87497.95,88798.99,87361.74,88738.34,4001.39765552,88211.26,SUPPORT_FORWARD_RETURN,
BTC-USD,2026-01-02T00:00:00Z,88742.0,90935.22,88272.08,89957.99,11442.48043957,88731.42333333334,SUPPORT_FORWARD_RETURN,
BTC-USD,2026-01-03T00:00:00Z,89958.0,90697.0,89284.13,90598.02,2951.65444679,89764.78333333334,SUPPORT_FORWARD_RETURN,
BTC-USD,2026-01-04T00:00:00Z,90598.01,91764.64,90598.01,91494.0,3198.89444605,90683.33666666667,SUPPORT_FORWARD_RETURN,
BTC-USD,2026-01-05T00:00:00Z,91489.03,94825.27,91479.28,93870.06,12349.57555407,91987.36,SUPPORT_FORWARD_RETURN,
