instrument,timestamp,open,high,low,close,volume,sma_close_50,row_role,forward_return_1d
SPY,2023-10-20T00:00:00Z,410.71,411.28,406.07,406.24,1939948.0,,SUPPORT_SMA50_WARMUP,
SPY,2023-10-23T00:00:00Z,404.59,409.32,402.93,405.53,1325831.0,,SUPPORT_SMA50_WARMUP,
SPY,2023-10-24T00:00:00Z,407.62,409.67,405.74,408.46,1114518.0,,SUPPORT_SMA50_WARMUP,
SPY,2023-10-25T00:00:00Z,406.87,406.87,402.17,402.74,1306827.0,,SUPPORT_SMA50_WARMUP,
SPY,2023-10-26T00:00:00Z,401.62,402.42,397.04,397.89,2260803.0,,SUPPORT_SMA50_WARMUP,
SPY,2023-10-27T00:00:00Z,399.62,399.79,394.65,396.12,1810349.0,,SUPPORT_SMA50_WARMUP,
SPY,2023-10-30T00:00:00Z,398.82,401.82,397.58,400.83,1450213.0,,SUPPORT_SMA50_WARMUP,
SPY,2023-10-31T00:00:00Z,401.34,403.58,399.45,403.28,1403280.0,,SUPPORT_SMA50_WARMUP,
SPY,2023-11-01T00:00:00Z,404.34,408.39,403.76,407.6,1521992.0,,SUPPORT_SMA50_WARMUP,
SPY,2023-11-02T00:00:00Z,411.4,415.55,411.4,415.34,1370443.0,,SUPPORT_SMA50_WARMUP,
SPY,2023-11-03T00:00:00Z,417.7,420.74,417.67,419.23,1452655.0,,SUPPORT_SMA50_WARMUP,
SPY,2023-11-06T00:00:00Z,419.96,420.6,418.25,420.16,1260585.0,,SUPPORT_SMA50_WARMUP,
SPY,2023-11-07T00:00:00Z,420.13,421.98,419.02,421.32,1139427.0,,SUPPORT_SMA50_WARMUP,
SPY,2023-11-08T00:00:00Z,421.91,422.48,419.39,421.84,938576.0,,SUPPORT_SMA50_WARMUP,
SPY,2023-11-09T00:00:00Z,422.76,422.84,417.96,418.42,1103998.0,,SUPPORT_SMA50_WARMUP,
SPY,2023-11-10T00:00:00Z,420.45,425.21,418.97,425.01,1796559.0,,SUPPORT_SMA50_WARMUP,
SPY,2023-11-13T00:00:00Z,423.56,425.6,422.82,424.48,1119503.0,,SUPPORT_SMA50_WARMUP,
SPY,2023-11-14T00:00:00Z,430.44,434.01,430.23,432.67,2091007.0,,SUPPORT_SMA50_WARMUP,
SPY,2023-11-15T00:00:00Z,434.23,435.29,432.82,433.66,1593220.0,,SUPPORT_SMA50_WARMUP,
SPY,2023-11-16T00:00:00Z,433.21,434.45,432.21,434.2,1360772.0,,SUPPORT_SMA50_WARMUP,
SPY,2023-11-17T00:00:00Z,434.18,435.31,433.3,434.68,1080958.0,,SUPPORT_SMA50_WARMUP,
SPY,2023-11-20T00:00:00Z,434.57,438.88,434.51,438.07,1608190.0,,SUPPORT_SMA50_WARMUP,
SPY,2023-11-21T00:00:00Z,437.08,437.45,435.86,437.12,1105748.0,,SUPPORT_SMA50_WARMUP,
SPY,2023-11-22T00:00:00Z,438.78,440.07,437.75,438.78,1146131.0,,SUPPORT_SMA50_WARMUP,
SPY,2023-11-24T00:00:00Z,438.86,439.19,438.54,439.03,425092.0,,SUPPORT_SMA50_WARMUP,
SPY,2023-11-27T00:00:00Z,438.48,439.26,437.91,438.32,1009412.0,,SUPPORT_SMA50_WARMUP,
SPY,2023-11-28T00:00:00Z,437.84,440.0,437.35,438.66,1065276.0,,SUPPORT_SMA50_WARMUP,
SPY,2023-11-29T00:00:00Z,440.84,441.98,438.02,438.46,1583960.0,,SUPPORT_SMA50_WARMUP,
SPY,2023-11-30T00:00:00Z,439.22,440.47,437.23,440.02,1601972.0,,SUPPORT_SMA50_WARMUP,
SPY,2023-12-01T00:00:00Z,439.44,443.25,438.94,442.63,1728551.0,,SUPPORT_SMA50_WARMUP,
SPY,2023-12-04T00:00:00Z,439.3,440.64,438.2,440.32,1613164.0,,SUPPORT_SMA50_WARMUP,
SPY,2023-12-05T00:00:00Z,439.0,441.26,438.67,440.31,1533281.0,,SUPPORT_SMA50_WARMUP,
SPY,2023-12-06T00:00:00Z,442.41,442.47,438.17,438.53,1492618.0,,SUPPORT_SMA50_WARMUP,
SPY,2023-12-07T00:00:00Z,440.63,442.52,440.05,441.88,1573965.0,,SUPPORT_SMA50_WARMUP,
SPY,2023-12-08T00:00:00Z,441.17,444.3,440.93,443.75,1645376.0,,SUPPORT_SMA50_WARMUP,
SPY,2023-12-11T00:00:00Z,443.31,445.69,443.09,445.5,1726740.0,,SUPPORT_SMA50_WARMUP,
SPY,2023-12-12T00:00:00Z,445.12,447.66,444.19,447.66,1549133.0,,SUPPORT_SMA50_WARMUP,
SPY,2023-12-13T00:00:00Z,447.9,453.94,447.58,453.77,2119988.0,,SUPPORT_SMA50_WARMUP,
SPY,2023-12-14T00:00:00Z,455.71,456.84,452.55,455.21,2630046.0,,SUPPORT_SMA50_WARMUP,
SPY,2023-12-15T00:00:00Z,454.52,455.73,453.58,454.46,2678285.0,,SUPPORT_SMA50_WARMUP,
SPY,2023-12-18T00:00:00Z,456.01,457.93,455.86,457.03,1626415.0,,SUPPORT_SMA50_WARMUP,
SPY,2023-12-19T00:00:00Z,457.51,459.84,457.48,459.71,1262970.0,,SUPPORT_SMA50_WARMUP,
SPY,2023-12-20T00:00:00Z,458.85,460.79,452.99,453.21,2056789.0,,SUPPORT_SMA50_WARMUP,
SPY,2023-12-21T00:00:00Z,456.36,457.96,453.98,457.68,1759812.0,,SUPPORT_SMA50_WARMUP,
SPY,2023-12-22T00:00:00Z,458.86,460.29,456.76,458.64,1441165.0,,SUPPORT_SMA50_WARMUP,
SPY,2023-12-26T00:00:00Z,459.04,461.4,458.96,460.54,1050923.0,,SUPPORT_SMA50_WARMUP,
SPY,2023-12-27T00:00:00Z,460.4,461.53,459.88,461.44,1045120.0,,SUPPORT_SMA50_WARMUP,
SPY,2023-12-28T00:00:00Z,461.75,462.36,461.15,461.58,1105732.0,,SUPPORT_SMA50_WARMUP,
SPY,2023-12-29T00:00:00Z,461.31,461.87,458.33,460.28,4791892.0,,SUPPORT_SMA50_WARMUP,
SPY,2024-01-02T00:00:00Z,457.17,458.61,455.56,457.66,1982936.0,434.599,EVALUATION,-0.008237556264475865
SPY,2024-01-03T00:00:00Z,455.53,456.22,453.31,453.89,1590343.0,435.552,EVALUATION,-0.0030403842340654963
SPY,2024-01-04T00:00:00Z,453.35,456.01,452.23,452.51,1800797.0,436.4916,EVALUATION,0.0011049479569511522
SPY,2024-01-05T00:00:00Z,452.52,455.48,451.66,453.01,1412989.0,437.3826,EVALUATION,0.014260170857155474
SPY,2024-01-08T00:00:00Z,453.62,459.68,453.52,459.47,1804664.0,438.5172,EVALUATION,-0.0014364376346660546
SPY,2024-01-09T00:00:00Z,456.96,459.83,456.42,458.81,1027653.0,439.7356,EVALUATION,0.005645038251127943
SPY,2024-01-10T00:00:00Z,459.12,462.29,458.83,461.4,1072022.0,441.0412,EVALUATION,-0.00032509752925868884
SPY,2024-01-11T00:00:00Z,462.4,462.91,457.28,461.25,1203593.0,442.2496,EVALUATION,0.0006070460704605818
SPY,2024-01-12T00:00:00Z,462.64,463.39,460.16,461.53,1035875.0,443.4146,EVALUATION,-0.003791736181830041
SPY,2024-01-16T00:00:00Z,460.2,461.48,458.06,459.78,1880438.0,444.4582,EVALUATION,-0.005415633563878308
SPY,2024-01-17T00:00:00Z,456.84,457.78,454.97,457.29,1228548.0,445.2972,EVALUATION,0.008943996151238753
SPY,2024-01-18T00:00:00Z,459.07,461.88,457.44,461.38,1253996.0,446.1402,EVALUATION,0.01254930859595138
SPY,2024-01-19T00:00:00Z,462.47,467.37,461.83,467.17,1259826.0,447.0804,EVALUATION,0.0020121155039920513
SPY,2024-01-22T00:00:00Z,468.65,469.82,467.5,468.11,1009769.0,448.0162,EVALUATION,0.0028412125355150586
SPY,2024-01-23T00:00:00Z,468.66,469.71,467.58,469.44,912754.0,448.9682,EVALUATION,0.001235514655760106
SPY,2024-01-24T00:00:00Z,472.33,473.26,469.63,470.02,1099865.0,450.0002,EVALUATION,0.00534019828943455
SPY,2024-01-25T00:00:00Z,472.01,472.8,469.99,472.53,1336392.0,450.9506,EVALUATION,-0.001121621907603676
SPY,2024-01-26T00:00:00Z,472.06,473.59,471.17,472.0,966297.0,451.901,EVALUATION,0.007754237288135624
SPY,2024-01-29T00:00:00Z,472.22,475.82,471.71,475.66,933376.0,452.7608,EVALUATION,-0.0007147962830593713
SPY,2024-01-30T00:00:00Z,475.1,475.99,474.59,475.32,856429.0,453.594,EVALUATION,-0.01617857443406545
SPY,2024-01-31T00:00:00Z,472.94,473.56,467.63,467.63,1912371.0,454.2626,EVALUATION,0.012980347710797036
SPY,2024-02-01T00:00:00Z,469.35,473.7,468.45,473.7,1648140.0,455.043,EVALUATION,0.010365210048554063
SPY,2024-02-02T00:00:00Z,474.12,480.3,473.81,478.61,1267077.0,455.8538,EVALUATION,-0.0035101648523850892
SPY,2024-02-05T00:00:00Z,478.02,478.44,474.76,476.93,1002851.0,456.65,EVALUATION,0.002914473822154262
SPY,2024-02-06T00:00:00Z,477.86,478.63,476.47,478.32,779463.0,457.4408,EVALUATION,0.008174443886937777
SPY,2024-02-07T00:00:00Z,480.53,482.71,479.66,482.23,1233471.0,458.3048,EVALUATION,0.0008709536942952401
SPY,2024-02-08T00:00:00Z,482.35,482.87,481.53,482.65,860289.0,459.1914,EVALUATION,0.005262612659276966
SPY,2024-02-09T00:00:00Z,483.02,485.73,482.71,485.19,1113952.0,460.122,EVALUATION,-0.00020610482491401072
SPY,2024-02-12T00:00:00Z,485.33,487.51,484.37,485.09,965643.0,461.0546,EVALUATION,-0.013626337380692188
SPY,2024-02-13T00:00:00Z,478.65,480.12,475.14,478.48,2319364.0,461.8238,EVALUATION,0.009028590536699577
SPY,2024-02-14T00:00:00Z,481.02,483.23,478.74,482.8,1543742.0,462.6272,EVALUATION,0.00671085335542676
SPY,2024-02-15T00:00:00Z,483.46,486.25,482.97,486.04,1003136.0,463.5416,EVALUATION,-0.004773269689737458
SPY,2024-02-16T00:00:00Z,485.79,486.89,483.15,483.72,1077734.0,464.4098,EVALUATION,-0.00566443397006533
SPY,2024-02-20T00:00:00Z,481.94,482.55,478.81,480.98,1354728.0,465.2588,EVALUATION,0.0009979624932427988
SPY,2024-02-21T00:00:00Z,479.64,481.59,477.91,481.46,879558.0,466.0504,EVALUATION,0.020603996178291117
SPY,2024-02-22T00:00:00Z,488.03,492.35,487.06,491.38,1707191.0,467.003,EVALUATION,0.0006715780048027753
SPY,2024-02-23T00:00:00Z,493.1,493.91,491.01,491.71,1162330.0,467.92719999999997,EVALUATION,-0.003864066217892592
SPY,2024-02-26T00:00:00Z,492.16,492.59,489.81,489.81,871019.0,468.7702,EVALUATION,0.0021436883689593955
SPY,2024-02-27T00:00:00Z,490.62,491.06,488.84,490.86,661238.0,469.512,EVALUATION,-0.00160942020127941
SPY,2024-02-28T00:00:00Z,489.32,490.77,488.96,490.07,1070216.0,470.2092,EVALUATION,0.003999428653049586
SPY,2024-02-29T00:00:00Z,491.94,493.57,489.37,492.03,1115835.0,470.9606,EVALUATION,0.009389671361502261
SPY,2024-03-01T00:00:00Z,492.82,496.98,492.46,496.65,1239371.0,471.753,EVALUATION,-0.0011476895197825021
SPY,2024-03-04T00:00:00Z,495.94,497.85,495.75,496.08,1196469.0,472.4804,EVALUATION,-0.010179809708111609
SPY,2024-03-05T00:00:00Z,494.03,494.49,488.9,491.03,1569486.0,473.2368,EVALUATION,0.005152434678125539
SPY,2024-03-06T00:00:00Z,494.44,495.8,492.34,493.56,815242.0,473.9544,EVALUATION,0.01055596077477916
SPY,2024-03-07T00:00:00Z,496.86,499.49,496.02,498.77,757973.0,474.757,EVALUATION,-0.0065962267177255285
SPY,2024-03-08T00:00:00Z,499.15,501.74,494.92,495.48,1006823.0,475.4558,EVALUATION,-0.0008880277710502371
SPY,2024-03-11T00:00:00Z,494.2,495.59,492.39,495.04,700316.0,476.1278,EVALUATION,0.010766806722689148
SPY,2024-03-12T00:00:00Z,497.14,500.95,494.65,500.37,1093781.0,476.9036,EVALUATION,-0.0015388612426804338
SPY,2024-03-13T00:00:00Z,500.63,500.85,498.19,499.6,703671.0,477.69,EVALUATION,-0.002161729383506894
SPY,2024-03-14T00:00:00Z,500.56,500.71,495.58,498.52,1294366.0,478.5072,EVALUATION,-0.006679772125491423
SPY,2024-03-15T00:00:00Z,495.42,496.97,493.77,495.19,943977.0,479.3332,EVALUATION,0.006017892122215818
SPY,2024-03-18T00:00:00Z,498.52,500.63,497.73,498.17,933941.0,480.2464,EVALUATION,0.005620571290924747
SPY,2024-03-19T00:00:00Z,497.44,501.16,496.48,500.97,698881.0,481.2056,EVALUATION,0.009182186558077232
SPY,2024-03-20T00:00:00Z,500.95,505.61,500.33,505.57,986352.0,482.12760000000003,EVALUATION,0.0029867278517317075
SPY,2024-03-21T00:00:00Z,508.45,509.05,506.95,507.08,817329.0,483.093,EVALUATION,-0.0013015697720279995
SPY,2024-03-22T00:00:00Z,507.14,507.58,506.02,506.42,736691.0,483.9934,EVALUATION,-0.002902728960151757
SPY,2024-03-25T00:00:00Z,504.86,505.97,504.7,504.95,719998.0,484.8674,EVALUATION,-0.0022378453312209556
SPY,2024-03-26T00:00:00Z,506.17,506.58,503.56,503.82,856545.0,485.71320000000003,EVALUATION,0.008415704021277559
SPY,2024-03-27T00:00:00Z,506.73,508.08,504.56,508.06,872582.0,486.6788,EVALUATION,9.841357320006239e-05
SPY,2024-03-28T00:00:00Z,508.22,509.53,507.76,508.11,1017125.0,487.6952,EVALUATION,-0.001771270000590519
SPY,2024-04-01T00:00:00Z,508.67,509.31,506.04,507.21,714088.0,488.6118,EVALUATION,-0.006328739575323761
SPY,2024-04-02T00:00:00Z,503.25,504.06,501.67,504.0,815648.0,489.3484,EVALUATION,0.001230158730158637
SPY,2024-04-03T00:00:00Z,502.83,505.97,502.8,504.62,634103.0,490.0786,EVALUATION,-0.012365740557251037
SPY,2024-04-04T00:00:00Z,508.59,508.8,498.03,498.38,1038338.0,490.6574,EVALUATION,0.010574260604358177
SPY,2024-04-05T00:00:00Z,499.3,505.46,499.28,503.65,854635.0,491.33,EVALUATION,0.00019855058076045928
SPY,2024-04-08T00:00:00Z,504.33,505.2,503.07,503.75,475966.0,491.9544,EVALUATION,0.0013300248138958803
SPY,2024-04-09T00:00:00Z,505.6,505.72,499.58,504.42,689958.0,492.6028,EVALUATION,-0.00989254985924426
SPY,2024-04-10T00:00:00Z,498.68,501.31,497.38,499.43,900552.0,493.0782,EVALUATION,0.007488536932102718
SPY,2024-04-11T00:00:00Z,500.87,504.56,497.42,503.17,769777.0,493.6352,EVALUATION,-0.013832303197726437
SPY,2024-04-12T00:00:00Z,499.61,500.94,494.54,496.21,1054092.0,494.2068,EVALUATION,-0.012454404385240148
SPY,2024-04-15T00:00:00Z,500.41,500.5,489.13,490.03,1127351.0,494.53340000000003,EVALUATION,-0.0022039466971409682
SPY,2024-04-16T00:00:00Z,490.31,491.94,487.83,488.95,880401.0,494.7402,EVALUATION,-0.005747008896615169
SPY,2024-04-17T00:00:00Z,491.54,491.66,484.78,486.14,833510.0,494.9244,EVALUATION,-0.002180441848027348
SPY,2024-04-18T00:00:00Z,487.44,489.62,484.25,485.08,745224.0,495.0596,EVALUATION,-0.008493444380308413
SPY,2024-04-19T00:00:00Z,485.09,486.08,479.68,480.96,1039006.0,495.0342,EVALUATION,0.008794910179640736
SPY,2024-04-22T00:00:00Z,483.55,487.93,481.22,485.19,809102.0,495.085,EVALUATION,0.011933469362517712
SPY,2024-04-23T00:00:00Z,487.45,491.51,486.86,490.98,725640.0,495.2008,EVALUATION,0.00032587885453572163
SPY,2024-04-24T00:00:00Z,491.99,492.77,488.68,491.14,547706.0,495.3218,EVALUATION,-0.0042146842040965415
SPY,2024-04-25T00:00:00Z,484.76,489.77,483.25,489.07,904077.0,495.5336,EVALUATION,0.009262477763919419
SPY,2024-04-26T00:00:00Z,491.87,495.23,491.22,493.6,585586.0,495.7496,EVALUATION,0.003687196110210733
SPY,2024-04-29T00:00:00Z,495.6,496.07,492.77,495.42,452174.0,495.9372,EVALUATION,-0.015320334261838542
SPY,2024-04-30T00:00:00Z,493.73,494.89,487.65,487.83,745133.0,496.0194,EVALUATION,-0.004263780415308616
SPY,2024-05-01T00:00:00Z,486.98,493.57,485.53,485.75,955301.0,496.1148,EVALUATION,0.009819866186309811
SPY,2024-05-02T00:00:00Z,489.67,491.33,485.25,490.52,523585.0,496.296,EVALUATION,0.012333849792057539
SPY,2024-05-03T00:00:00Z,496.48,497.82,493.99,496.57,753740.0,496.39979999999997,EVALUATION,0.010330869766598916
SPY,2024-05-06T00:00:00Z,499.02,501.75,498.56,501.7,821251.0,496.5996,EVALUATION,0.0013952561291608045
SPY,2024-05-07T00:00:00Z,502.68,503.67,501.64,502.4,860251.0,496.8514,EVALUATION,-0.00011942675159237748
SPY,2024-05-08T00:00:00Z,500.81,502.82,500.53,502.34,446623.0,497.081,EVALUATION,0.005733168770155839
SPY,2024-05-09T00:00:00Z,502.57,505.25,501.87,505.22,795874.0,497.384,EVALUATION,0.001246981513004286
SPY,2024-05-10T00:00:00Z,506.81,507.61,504.74,505.85,696594.0,497.6604,EVALUATION,0.0002174557675198585
SPY,2024-05-13T00:00:00Z,507.6,507.6,504.84,505.96,565826.0,497.84659999999997,EVALUATION,0.004526049490078288
SPY,2024-05-14T00:00:00Z,506.22,508.78,505.66,508.25,714836.0,498.09,EVALUATION,0.012454500737826057
SPY,2024-05-15T00:00:00Z,510.67,514.84,510.13,514.58,869966.0,498.561,EVALUATION,-0.0018267324808582952
SPY,2024-05-16T00:00:00Z,514.66,516.18,513.37,513.64,672098.0,498.9626,EVALUATION,0.001284946655244923
SPY,2024-05-17T00:00:00Z,513.74,514.3,512.25,514.3,668182.0,499.2732,EVALUATION,0.0010305269298076514
SPY,2024-05-20T00:00:00Z,514.35,516.29,513.97,514.83,722515.0,499.6602,EVALUATION,0.00242798593710547
SPY,2024-05-21T00:00:00Z,514.11,516.23,513.95,516.08,634889.0,500.081,EVALUATION,-0.002906526119981434
SPY,2024-05-22T00:00:00Z,515.47,516.08,512.45,514.58,540069.0,500.3652,EVALUATION,-0.0072486299506393514
SPY,2024-05-23T00:00:00Z,517.65,517.73,509.71,510.85,837318.0,500.5902,EVALUATION,0.006655574043261225
SPY,2024-05-24T00:00:00Z,512.71,515.01,511.76,514.25,652720.0,500.9048,EVALUATION,0.0007972775887212791
SPY,2024-05-28T00:00:00Z,515.09,515.27,511.97,514.66,743236.0,501.2942,EVALUATION,-0.007092060777989295
SPY,2024-05-29T00:00:00Z,510.53,512.15,510.34,511.01,746282.0,501.551,EVALUATION,-0.00659478288096127
SPY,2024-05-30T00:00:00Z,509.25,510.11,506.37,507.64,825534.0,501.6844,EVALUATION,0.008963044677330556
SPY,2024-05-31T00:00:00Z,508.59,512.3,503.55,512.19,1409524.0,501.8168,EVALUATION,0.0008200082000819897
SPY,2024-06-03T00:00:00Z,513.85,513.95,507.68,512.61,591461.0,501.9274,EVALUATION,0.0010924484500887122
SPY,2024-06-04T00:00:00Z,511.42,513.93,509.89,513.17,566637.0,502.06239999999997,EVALUATION,0.011925872517879021
SPY,2024-06-05T00:00:00Z,515.54,519.31,513.65,519.29,842379.0,502.3492,EVALUATION,-3.851412505528895e-05
SPY,2024-06-06T00:00:00Z,519.54,520.03,517.4,519.27,658256.0,502.65819999999997,EVALUATION,-0.0011554682535097616
SPY,2024-06-07T00:00:00Z,517.98,521.44,517.26,518.67,625522.0,502.87039999999996,EVALUATION,0.0031812134883453247
SPY,2024-06-10T00:00:00Z,517.93,520.55,517.32,520.32,837823.0,503.1146,EVALUATION,0.0024408056580564885
SPY,2024-06-11T00:00:00Z,518.74,521.59,516.84,521.59,492135.0,503.4022,EVALUATION,0.00793726873598044
SPY,2024-06-12T00:00:00Z,526.07,528.4,524.84,525.73,866073.0,503.8368,EVALUATION,0.0019782017385350237
SPY,2024-06-13T00:00:00Z,527.52,527.69,524.21,526.77,632544.0,504.27979999999997,EVALUATION,0.0008162955369517277
SPY,2024-06-14T00:00:00Z,525.35,527.2,524.36,527.2,609688.0,504.8562,EVALUATION,0.007852807283763141
SPY,2024-06-17T00:00:00Z,526.51,532.66,526.05,531.34,712017.0,505.40999999999997,EVALUATION,0.0026160274024165098
SPY,2024-06-18T00:00:00Z,531.42,532.78,531.05,532.73,566922.0,505.9896,EVALUATION,-0.002646744129296219
SPY,2024-06-20T00:00:00Z,533.64,534.31,529.57,531.32,918152.0,506.5276,EVALUATION,-0.0021644206880977457
SPY,2024-06-21T00:00:00Z,530.43,531.67,529.15,530.17,1055859.0,507.1424,EVALUATION,-0.002546353056566586
SPY,2024-06-24T00:00:00Z,530.44,532.94,528.76,528.82,792068.0,507.6554,EVALUATION,0.003800915245262937
SPY,2024-06-25T00:00:00Z,529.86,531.25,528.62,530.83,414830.0,508.3478,EVALUATION,0.0014882354049319257
SPY,2024-06-26T00:00:00Z,529.72,532.24,529.31,531.62,341132.0,509.1796,EVALUATION,0.0014484029946202348
SPY,2024-06-27T00:00:00Z,531.59,532.81,530.7,532.39,375022.0,510.0484,EVALUATION,-0.004132309021581793
SPY,2024-06-28T00:00:00Z,533.1,536.18,529.12,530.19,1011331.0,510.9294,EVALUATION,0.0019992832758066736
SPY,2024-07-01T00:00:00Z,531.58,531.9,528.65,531.25,704770.0,511.8528,EVALUATION,0.0069082352941176595
SPY,2024-07-02T00:00:00Z,529.83,534.92,529.77,534.92,365169.0,512.932,EVALUATION,0.004131458909743646
SPY,2024-07-03T00:00:00Z,534.8,537.7,534.79,537.13,557810.0,513.9708,EVALUATION,0.006329938748533825
SPY,2024-07-05T00:00:00Z,537.65,540.84,537.17,540.53,438956.0,514.9618,EVALUATION,0.0009435183986088447
SPY,2024-07-08T00:00:00Z,541.14,542.0,540.07,541.04,516316.0,515.9598,EVALUATION,0.0011274582285967227
SPY,2024-07-09T00:00:00Z,542.12,542.87,541.32,541.65,403756.0,517.0114,EVALUATION,0.00965568171328357
SPY,2024-07-10T00:00:00Z,542.87,547.29,542.55,546.88,566521.0,518.077,EVALUATION,-0.008594207138677645
SPY,2024-07-11T00:00:00Z,547.06,547.91,541.63,542.18,902603.0,519.0122,EVALUATION,0.0062709801173044255
SPY,2024-07-12T00:00:00Z,543.34,549.22,542.91,545.58,672739.0,520.1672,EVALUATION,0.002877671468895393
SPY,2024-07-15T00:00:00Z,547.79,550.3,545.32,547.15,583915.0,521.3952,EVALUATION,0.005903317189070778
SPY,2024-07-16T00:00:00Z,548.55,550.68,547.74,550.38,506481.0,522.5924,EVALUATION,-0.013754133507758337
SPY,2024-07-17T00:00:00Z,544.71,546.14,542.38,542.81,982486.0,523.5172,EVALUATION,-0.007663823437298434
SPY,2024-07-18T00:00:00Z,544.32,545.18,536.47,538.65,912544.0,524.2562,EVALUATION,-0.006980413997957791
SPY,2024-07-19T00:00:00Z,538.24,539.81,533.93,534.89,1017532.0,524.906,EVALUATION,0.01041335601712512
SPY,2024-07-22T00:00:00Z,538.82,541.05,537.07,540.46,573487.0,525.6684,EVALUATION,-0.0017392591496133702
SPY,2024-07-23T00:00:00Z,540.49,542.36,539.14,539.52,372009.0,526.3543999999999,EVALUATION,-0.022538552787663035
SPY,2024-07-24T00:00:00Z,534.76,535.12,526.62,527.36,1116332.0,526.7846,EVALUATION,-0.00521465412621358
SPY,2024-07-25T00:00:00Z,527.47,533.44,523.7,524.61,1014214.0,527.1576,EVALUATION,0.011074893730580682
SPY,2024-07-26T00:00:00Z,528.49,533.18,527.63,530.42,678034.0,527.601,EVALUATION,0.001036914143509149
SPY,2024-07-29T00:00:00Z,532.19,533.05,529.07,530.97,551816.0,527.9288,EVALUATION,-0.005405201800478432
SPY,2024-07-30T00:00:00Z,532.27,533.32,524.76,528.1,744722.0,528.218,EVALUATION,0.015508426434387212
SPY,2024-07-31T00:00:00Z,535.11,539.27,533.62,536.29,993224.0,528.6578,EVALUATION,-0.01307128605791641
SPY,2024-08-01T00:00:00Z,538.45,540.6,525.66,529.28,1145235.0,528.9467999999999,EVALUATION,-0.018893591293833167
SPY,2024-08-02T00:00:00Z,522.04,523.18,515.07,519.28,1236956.0,529.0108,EVALUATION,-0.029117239254352056
SPY,2024-08-05T00:00:00Z,498.4,510.07,497.25,504.16,1484386.0,528.8024,EVALUATION,0.009024912726118606
SPY,2024-08-06T00:00:00Z,506.26,516.11,504.73,508.71,774935.0,528.7596,EVALUATION,-0.006585284346680709
SPY,2024-08-07T00:00:00Z,515.01,517.96,504.8,505.36,769811.0,528.5818,EVALUATION,0.023092448947285016
SPY,2024-08-08T00:00:00Z,510.57,517.69,508.54,517.03,869810.0,528.6292,EVALUATION,0.004351778426783692
SPY,2024-08-09T00:00:00Z,516.26,520.77,515.04,519.28,463391.0,528.7946,EVALUATION,0.0006932676012940675
SPY,2024-08-12T00:00:00Z,520.65,521.97,517.45,519.64,512980.0,529.0346,EVALUATION,0.016318990070048445
SPY,2024-08-13T00:00:00Z,522.85,528.4,522.56,528.12,859713.0,529.3532,EVALUATION,0.003294705748693394
SPY,2024-08-14T00:00:00Z,529.06,531.0,526.37,529.86,627760.0,529.6982,EVALUATION,0.01691012720341223
SPY,2024-08-15T00:00:00Z,535.69,539.18,534.87,538.82,1054828.0,530.2112,EVALUATION,0.0022642069707878854
SPY,2024-08-16T00:00:00Z,537.25,540.82,537.25,540.04,497168.0,530.6262,EVALUATION,0.009499296348418618
SPY,2024-08-19T00:00:00Z,540.55,545.23,539.75,545.17,632519.0,531.1442,EVALUATION,-0.0015041179815469263
SPY,2024-08-20T00:00:00Z,544.85,546.46,543.06,544.35,563025.0,531.6578,EVALUATION,0.003563883530816492
SPY,2024-08-21T00:00:00Z,545.44,547.72,543.76,546.29,638108.0,532.1772,EVALUATION,-0.007798055977594309
SPY,2024-08-22T00:00:00Z,548.16,548.73,540.8,542.03,847928.0,532.586,EVALUATION,0.010479124771691772
SPY,2024-08-23T00:00:00Z,545.27,548.68,543.1,547.71,698159.0,533.0255999999999,EVALUATION,-0.002337003158605966
SPY,2024-08-26T00:00:00Z,549.01,549.47,544.75,546.43,712177.0,533.4188,EVALUATION,0.001390846037004012
SPY,2024-08-27T00:00:00Z,545.14,547.66,544.04,547.19,474357.0,533.8186,EVALUATION,-0.005720133774374747
SPY,2024-08-28T00:00:00Z,546.83,547.25,540.89,544.06,626457.0,534.073,EVALUATION,-7.352130279736357e-05
SPY,2024-08-29T00:00:00Z,545.93,549.23,542.95,544.02,673660.0,534.2988,EVALUATION,0.009429800374986197
SPY,2024-08-30T00:00:00Z,546.29,549.75,542.93,549.15,944527.0,534.6554,EVALUATION,-0.020249476463625626
SPY,2024-09-03T00:00:00Z,546.13,546.4,535.48,538.03,812721.0,534.8126,EVALUATION,-0.0024162221437465936
SPY,2024-09-04T00:00:00Z,535.98,540.24,535.41,536.73,857093.0,534.9707999999999,EVALUATION,-0.0025152311217930823
SPY,2024-09-05T00:00:00Z,536.9,539.58,533.13,535.38,681939.0,535.0618,EVALUATION,-0.016343531697112335
SPY,2024-09-06T00:00:00Z,535.93,537.46,525.66,526.63,1096849.0,534.962,EVALUATION,0.011070390976587019
SPY,2024-09-09T00:00:00Z,530.74,533.69,528.82,532.46,664187.0,534.9634,EVALUATION,0.004244450287345547
SPY,2024-09-10T00:00:00Z,534.33,535.1,529.56,534.72,819534.0,535.054,EVALUATION,0.009967833632555267
SPY,2024-09-11T00:00:00Z,534.65,541.15,526.17,540.05,1231712.0,535.23,EVALUATION,0.008702897879826033
SPY,2024-09-12T00:00:00Z,540.88,545.05,538.66,544.75,940507.0,535.4266,EVALUATION,0.005066544286369767
SPY,2024-09-13T00:00:00Z,545.39,548.6,545.14,547.51,756298.0,535.6342,EVALUATION,0.0017533926320980608
SPY,2024-09-16T00:00:00Z,547.41,548.68,545.61,548.47,488997.0,535.793,EVALUATION,0.0004922785202472468
SPY,2024-09-17T00:00:00Z,550.65,552.0,546.44,548.74,756844.0,535.947,EVALUATION,-0.0031344534752342224
SPY,2024-09-18T00:00:00Z,549.28,554.08,546.53,547.02,654172.0,536.0544,EVALUATION,0.017110891740704126
SPY,2024-09-19T00:00:00Z,556.43,558.18,553.59,556.38,1040119.0,536.2444,EVALUATION,-0.002138825982242243
SPY,2024-09-20T00:00:00Z,555.03,556.42,552.45,555.19,1151421.0,536.5046,EVALUATION,0.002773825176966449
SPY,2024-09-23T00:00:00Z,556.4,557.4,555.26,556.73,504547.0,536.7276,EVALUATION,0.0028739245235571698
SPY,2024-09-24T00:00:00Z,557.59,558.43,554.81,558.33,698992.0,536.9512,EVALUATION,-0.002202998226855102
SPY,2024-09-25T00:00:00Z,558.24,558.96,556.13,557.1,558329.0,537.0856,EVALUATION,0.003841321127266095
SPY,2024-09-26T00:00:00Z,561.59,561.7,557.05,559.24,643492.0,537.4142,EVALUATION,-0.0013411057864244347
SPY,2024-09-27T00:00:00Z,560.54,561.22,557.69,558.49,633680.0,537.811,EVALUATION,0.004619599276620923
SPY,2024-09-30T00:00:00Z,557.61,561.4,555.39,561.07,816468.0,538.3346,EVALUATION,-0.009464059742991138
SPY,2024-10-01T00:00:00Z,560.47,560.47,553.24,555.76,1049644.0,538.6406,EVALUATION,0.0003778609471714045
SPY,2024-10-02T00:00:00Z,554.88,557.0,552.49,555.97,397194.0,538.9696,EVALUATION,-0.0018706045290214357
SPY,2024-10-03T00:00:00Z,554.56,556.9,552.71,554.93,751132.0,539.521,EVALUATION,0.009118267168832128
SPY,2024-10-04T00:00:00Z,559.41,560.4,555.36,559.99,677404.0,540.2286,EVALUATION,-0.008964445793674836
SPY,2024-10-07T00:00:00Z,558.35,558.98,553.88,554.97,622312.0,540.7196,EVALUATION,0.009496008793268063
SPY,2024-10-08T00:00:00Z,557.52,560.81,556.68,560.24,654089.0,541.305,EVALUATION,0.006764957875196265
SPY,2024-10-09T00:00:00Z,560.21,564.63,559.66,564.03,564712.0,542.0236,EVALUATION,-0.001507012038366784
SPY,2024-10-10T00:00:00Z,562.71,564.49,561.53,563.18,623045.0,542.5614,EVALUATION,0.005895095706523801
SPY,2024-10-11T00:00:00Z,562.94,567.18,562.94,566.5,521282.0,543.3058,EVALUATION,0.00812003530450145
SPY,2024-10-14T00:00:00Z,568.08,572.04,567.6,571.1,592179.0,544.3422,EVALUATION,-0.007511819296095346
SPY,2024-10-15T00:00:00Z,571.43,571.61,565.47,566.81,820884.0,545.5952,EVALUATION,0.004057797145428088
SPY,2024-10-16T00:00:00Z,566.68,569.62,565.92,569.11,439136.0,546.8032000000001,EVALUATION,8.785647765807703e-05
SPY,2024-10-17T00:00:00Z,572.69,572.84,569.0,569.16,565059.0,548.0792,EVALUATION,0.003918054677068072
SPY,2024-10-18T00:00:00Z,570.89,572.13,569.47,571.39,538888.0,549.1664,EVALUATION,-0.0015051015943576829
SPY,2024-10-21T00:00:00Z,570.71,571.57,567.56,570.53,561603.0,550.1914,EVALUATION,-0.0006660473594727323
SPY,2024-10-22T00:00:00Z,567.92,571.28,567.32,570.15,354662.0,551.2016,EVALUATION,-0.009067789178286323
SPY,2024-10-23T00:00:00Z,568.18,568.52,561.5,564.98,752782.0,551.9388,EVALUATION,0.002053170023717632
SPY,2024-10-24T00:00:00Z,566.91,566.94,563.59,566.14,663254.0,552.6644,EVALUATION,-0.0003885964602395875
SPY,2024-10-25T00:00:00Z,568.45,571.23,565.07,565.92,773465.0,553.2064,EVALUATION,0.003039298840825655
SPY,2024-10-28T00:00:00Z,569.45,569.45,567.42,567.64,643201.0,553.7584,EVALUATION,0.001603128743569826
SPY,2024-10-29T00:00:00Z,566.76,569.73,565.36,568.55,802413.0,554.226,EVALUATION,-0.0029724738369535375
SPY,2024-10-30T00:00:00Z,568.16,570.13,566.24,566.86,844091.0,554.6762,EVALUATION,-0.019846170130190854
SPY,2024-10-31T00:00:00Z,562.49,562.52,555.61,555.61,1253356.0,554.8626,EVALUATION,0.004517557279386519
SPY,2024-11-01T00:00:00Z,558.35,562.49,557.74,558.12,825087.0,555.1844,EVALUATION,-0.0021859098401777466
SPY,2024-11-04T00:00:00Z,558.26,559.55,555.07,556.9,701018.0,555.3682,EVALUATION,0.012138624528640785
SPY,2024-11-05T00:00:00Z,557.78,563.67,557.64,563.66,766644.0,555.7128,EVALUATION,0.02481992690629098
SPY,2024-11-06T00:00:00Z,575.9,578.55,572.23,577.65,1350029.0,556.322,EVALUATION,0.008032545659136137
SPY,2024-11-07T00:00:00Z,579.8,583.16,579.62,582.29,931015.0,557.0866,EVALUATION,0.004190351886517174
SPY,2024-11-08T00:00:00Z,582.78,586.04,582.78,584.73,754842.0,557.9008,EVALUATION,0.0009406050655857978
SPY,2024-11-11T00:00:00Z,586.35,586.58,583.53,585.28,869569.0,558.6234,EVALUATION,-0.0031779661016949623
SPY,2024-11-12T00:00:00Z,585.12,585.74,580.99,583.42,758918.0,559.5312,EVALUATION,0.0005142093174730356
SPY,2024-11-13T00:00:00Z,583.91,585.63,581.56,583.72,932260.0,560.471,EVALUATION,-0.006355787021174564
SPY,2024-11-14T00:00:00Z,583.88,584.3,579.31,580.01,608776.0,561.3636,EVALUATION,-0.01294805261978238
SPY,2024-11-15T00:00:00Z,576.39,576.83,570.68,572.5,954365.0,562.281,EVALUATION,0.004227074235807704
SPY,2024-11-18T00:00:00Z,572.71,576.14,572.14,574.92,637963.0,563.1302,EVALUATION,0.003356988798441707
SPY,2024-11-19T00:00:00Z,571.52,577.65,570.86,576.85,592020.0,563.9728,EVALUATION,0.0005027303458438048
SPY,2024-11-20T00:00:00Z,577.1,577.41,571.49,577.14,748523.0,564.7146,EVALUATION,0.005388640537824507
SPY,2024-11-21T00:00:00Z,579.99,581.65,574.24,580.25,747147.0,565.4245999999999,EVALUATION,0.003084877208099801
SPY,2024-11-22T00:00:00Z,580.27,582.62,579.78,582.04,674357.0,566.1152,EVALUATION,0.0033502852037661235
SPY,2024-11-25T00:00:00Z,585.94,587.18,581.8,583.99,736572.0,566.8256,EVALUATION,0.0054110515591019315
SPY,2024-11-26T00:00:00Z,585.28,587.7,584.56,587.15,720718.0,567.5938,EVALUATION,-0.0034062845950779685
SPY,2024-11-27T00:00:00Z,586.93,587.24,583.82,585.15,534416.0,568.3564,EVALUATION,0.006357344270699894
SPY,2024-11-29T00:00:00Z,586.09,589.7,585.92,588.87,483126.0,569.0062,EVALUATION,0.001969874505408642
SPY,2024-12-02T00:00:00Z,589.37,590.64,588.86,590.03,510225.0,569.703,EVALUATION,0.0003220175245326473
SPY,2024-12-03T00:00:00Z,589.81,590.5,588.77,590.22,595330.0,570.3728,EVALUATION,0.006218020399173074
SPY,2024-12-04T00:00:00Z,592.05,594.1,591.31,593.89,692429.0,571.084,EVALUATION,-0.001532270285743098
SPY,2024-12-05T00:00:00Z,593.92,594.7,592.6,592.98,849183.0,571.8016,EVALUATION,0.001973085095618776
SPY,2024-12-06T00:00:00Z,593.74,595.28,593.3,594.15,734753.0,572.4997999999999,EVALUATION,-0.0053353530253302806
SPY,2024-12-09T00:00:00Z,593.86,594.1,590.44,590.98,1070578.0,573.1496,EVALUATION,-0.00289349893397417
SPY,2024-12-10T00:00:00Z,591.68,591.99,588.55,589.27,866800.0,573.7136,EVALUATION,0.0077553583247069735
SPY,2024-12-11T00:00:00Z,592.08,594.64,591.89,593.84,731222.0,574.4752,EVALUATION,-0.0052371009026001
SPY,2024-12-12T00:00:00Z,592.88,593.43,590.73,590.73,758423.0,575.1704,EVALUATION,-0.00022006669713747762
SPY,2024-12-13T00:00:00Z,592.65,593.36,589.21,590.6,696804.0,575.8838,EVALUATION,0.004266847273958652
SPY,2024-12-16T00:00:00Z,592.3,594.04,591.58,593.12,855514.0,576.5464,EVALUATION,-0.004282438629619523
SPY,2024-12-17T00:00:00Z,590.52,591.48,589.26,590.58,1134815.0,577.2586,EVALUATION,-0.029530292255071422
SPY,2024-12-18T00:00:00Z,590.32,592.68,572.66,573.14,1561527.0,577.5166,EVALUATION,-0.0004710890881808316
SPY,2024-12-19T00:00:00Z,577.99,579.6,572.72,572.87,1310529.0,577.6934,EVALUATION,0.011608218269415271
SPY,2024-12-20T00:00:00Z,570.53,584.22,569.72,579.52,1741089.0,578.0201999999999,EVALUATION,-0.0031750414135837124
SPY,2024-12-23T00:00:00Z,579.52,580.34,576.41,577.68,94006.0,578.2438,EVALUATION,0.020513086830078908
SPY,2024-12-24T00:00:00Z,584.6,589.71,584.01,589.53,349441.0,578.6124,EVALUATION,3.392533034785039e-05
SPY,2024-12-26T00:00:00Z,587.89,590.82,586.58,589.55,479114.0,579.0672,EVALUATION,-0.010262064286320038
SPY,2024-12-27T00:00:00Z,585.93,586.16,579.42,583.5,1148065.0,579.355,EVALUATION,-0.01132819194515855
SPY,2024-12-30T00:00:00Z,576.61,580.28,573.16,576.89,679803.0,579.5096,EVALUATION,-0.003709546013971443
SPY,2024-12-31T00:00:00Z,578.6,579.21,573.16,574.75,1216032.0,579.5767999999999,EVALUATION,-0.002470639408438391
SPY,2025-01-02T00:00:00Z,578.01,579.67,569.3,573.33,744108.0,579.6328,SUPPORT_FORWARD_RETURN,
