instrument,timestamp,open,high,low,close,volume,sma_close_3,row_role,forward_return_1d
ATOM-USD,2024-12-30T00:00:00Z,6.267,6.557,6.109,6.338,394338.15,,SUPPORT_SMA3_WARMUP,
ATOM-USD,2024-12-31T00:00:00Z,6.338,6.525,6.145,6.175,414729.99,,SUPPORT_SMA3_WARMUP,
ATOM-USD,2025-01-01T00:00:00Z,6.174,6.644,6.039,6.53,428815.55,6.347666666666667,EVALUATION,0.025727411944869827
ATOM-USD,2025-01-02T00:00:00Z,6.531,6.8,6.531,6.698,367358.41,6.467666666666666,EVALUATION,0.10809196775156749
ATOM-USD,2025-01-03T00:00:00Z,6.703,7.459,6.667,7.422,616619.59,6.883333333333333,EVALUATION,-0.016976556184316816
ATOM-USD,2025-01-04T00:00:00Z,7.423,7.469,7.238,7.296,338019.87,7.1386666666666665,EVALUATION,0.006304824561403466
ATOM-USD,2025-01-05T00:00:00Z,7.293,7.368,7.144,7.342,251052.62,7.3533333333333335,EVALUATION,0.01620811767910668
ATOM-USD,2025-01-06T00:00:00Z,7.342,7.635,7.213,7.461,554997.89,7.366333333333333,EVALUATION,-0.09234687039270872
ATOM-USD,2025-01-07T00:00:00Z,7.445,7.769,6.766,6.772,637080.47,7.191666666666666,EVALUATION,-0.04621972829297116
ATOM-USD,2025-01-08T00:00:00Z,6.77,6.87,6.166,6.459,537023.68,6.897333333333334,EVALUATION,-0.009908654590493948
ATOM-USD,2025-01-09T00:00:00Z,6.458,6.601,6.243,6.395,593501.76,6.542,EVALUATION,0.03971853010164206
ATOM-USD,2025-01-10T00:00:00Z,6.397,6.673,6.364,6.649,420569.19,6.5009999999999994,EVALUATION,-0.005715145134606692
ATOM-USD,2025-01-11T00:00:00Z,6.652,6.737,6.514,6.611,266914.47,6.551666666666666,EVALUATION,-0.022689456965663157
ATOM-USD,2025-01-12T00:00:00Z,6.615,6.695,6.365,6.461,286851.12,6.573666666666666,EVALUATION,-0.02724036526853435
ATOM-USD,2025-01-13T00:00:00Z,6.461,6.697,5.9,6.285,626016.83,6.452333333333334,EVALUATION,-0.0023866348448687846
ATOM-USD,2025-01-14T00:00:00Z,6.285,6.315,6.052,6.27,587182.97,6.338666666666667,EVALUATION,0.06331738437001588
ATOM-USD,2025-01-15T00:00:00Z,6.271,6.689,6.145,6.667,719670.62,6.407333333333334,EVALUATION,-0.011249437528123574
ATOM-USD,2025-01-16T00:00:00Z,6.665,6.796,6.436,6.592,636047.8,6.509666666666666,EVALUATION,0.07038834951456319
ATOM-USD,2025-01-17T00:00:00Z,6.594,7.18,6.593,7.056,769461.89,6.7716666666666665,EVALUATION,-0.06660997732426299
ATOM-USD,2025-01-18T00:00:00Z,7.059,7.18,6.445,6.586,741891.51,6.744666666666667,EVALUATION,-0.10628606134224117
ATOM-USD,2025-01-19T00:00:00Z,6.583,6.762,5.771,5.886,1104492.27,6.509333333333333,EVALUATION,0.030071355759428986
ATOM-USD,2025-01-20T00:00:00Z,5.888,6.531,5.678,6.063,1179044.1,6.178333333333334,EVALUATION,0.029358403430644886
ATOM-USD,2025-01-21T00:00:00Z,6.064,6.354,5.834,6.241,638355.94,6.0633333333333335,EVALUATION,-0.0075308444159589705
ATOM-USD,2025-01-22T00:00:00Z,6.237,6.33,6.104,6.194,460947.27,6.166,EVALUATION,-0.012108492089118572
ATOM-USD,2025-01-23T00:00:00Z,6.196,6.22,5.856,6.119,657334.4,6.184666666666667,EVALUATION,0.015198561856512471
ATOM-USD,2025-01-24T00:00:00Z,6.124,6.417,5.955,6.212,550398.44,6.175,EVALUATION,-0.00273663876368313
ATOM-USD,2025-01-25T00:00:00Z,6.212,6.294,6.123,6.195,709929.28,6.175333333333333,EVALUATION,-0.016142050040355183
ATOM-USD,2025-01-26T00:00:00Z,6.195,6.416,6.082,6.095,438216.1,6.167333333333334,EVALUATION,-0.016899097621000836
ATOM-USD,2025-01-27T00:00:00Z,6.091,6.125,5.527,5.992,792551.54,6.094,EVALUATION,-0.05457276368491326
ATOM-USD,2025-01-28T00:00:00Z,5.994,6.066,5.609,5.665,497116.82,5.917333333333334,EVALUATION,0.027890556045895964
ATOM-USD,2025-01-29T00:00:00Z,5.663,5.982,5.652,5.823,504043.04,5.826666666666667,EVALUATION,0.0671475184612742
ATOM-USD,2025-01-30T00:00:00Z,5.82,6.277,5.77,6.214,503917.46,5.900666666666667,EVALUATION,0.0035403926617314507
ATOM-USD,2025-01-31T00:00:00Z,6.213,6.417,6.116,6.236,380678.89,6.091,EVALUATION,-0.06735086593970496
ATOM-USD,2025-02-01T00:00:00Z,6.239,6.414,5.793,5.816,371916.62,6.088666666666667,EVALUATION,-0.1614511691884457
ATOM-USD,2025-02-02T00:00:00Z,5.814,5.938,4.65,4.877,1403394.88,5.643,EVALUATION,0.011687512815255374
ATOM-USD,2025-02-03T00:00:00Z,4.88,5.033,3.655,4.934,2645344.41,5.209,EVALUATION,-0.04925010133765717
ATOM-USD,2025-02-04T00:00:00Z,4.934,4.982,4.406,4.691,1151086.71,4.834,EVALUATION,-0.0034107866126625863
ATOM-USD,2025-02-05T00:00:00Z,4.691,4.846,4.63,4.675,554129.28,4.766666666666667,EVALUATION,-0.05604278074866298
ATOM-USD,2025-02-06T00:00:00Z,4.676,4.735,4.36,4.413,708321.52,4.593,EVALUATION,-0.008837525492862097
ATOM-USD,2025-02-07T00:00:00Z,4.41,4.68,4.255,4.374,980061.45,4.487333333333334,EVALUATION,0.04503886602652041
ATOM-USD,2025-02-08T00:00:00Z,4.373,4.595,4.323,4.571,342216.77,4.4526666666666666,EVALUATION,-0.00021877050973517775
ATOM-USD,2025-02-09T00:00:00Z,4.568,4.787,4.389,4.57,539968.64,4.505,EVALUATION,0.054704595185995686
ATOM-USD,2025-02-10T00:00:00Z,4.569,4.84,4.439,4.82,519432.93,4.653666666666666,EVALUATION,-0.0244813278008299
ATOM-USD,2025-02-11T00:00:00Z,4.818,4.98,4.632,4.702,706191.58,4.697333333333333,EVALUATION,0.0776265418970652
ATOM-USD,2025-02-12T00:00:00Z,4.702,5.102,4.533,5.067,740102.58,4.8629999999999995,EVALUATION,-0.01598579040852588
ATOM-USD,2025-02-13T00:00:00Z,5.069,5.15,4.928,4.986,747299.82,4.918333333333333,EVALUATION,-0.01544324107501005
ATOM-USD,2025-02-14T00:00:00Z,4.99,5.091,4.867,4.909,728634.35,4.987333333333333,EVALUATION,-0.0158891831330209
ATOM-USD,2025-02-15T00:00:00Z,4.913,5.044,4.795,4.831,317908.88,4.908666666666667,EVALUATION,-0.01324777478782857
ATOM-USD,2025-02-16T00:00:00Z,4.833,4.875,4.696,4.767,443853.25,4.835666666666667,EVALUATION,0.010488777008600847
ATOM-USD,2025-02-17T00:00:00Z,4.764,4.948,4.709,4.817,315499.02,4.805000000000001,EVALUATION,-0.05086153207390498
ATOM-USD,2025-02-18T00:00:00Z,4.811,4.894,4.444,4.572,662091.18,4.7186666666666675,EVALUATION,0.02580927384077003
ATOM-USD,2025-02-19T00:00:00Z,4.569,4.706,4.488,4.69,282550.03,4.6930000000000005,EVALUATION,0.05031982942430702
ATOM-USD,2025-02-20T00:00:00Z,4.689,4.976,4.668,4.926,472243.1,4.729333333333334,EVALUATION,-0.03187170117742588
ATOM-USD,2025-02-21T00:00:00Z,4.926,5.082,4.677,4.769,424750.27,4.795,EVALUATION,0.04088907527783614
ATOM-USD,2025-02-22T00:00:00Z,4.769,5.027,4.742,4.964,315459.54,4.886333333333334,EVALUATION,-0.01732473811442392
ATOM-USD,2025-02-23T00:00:00Z,4.966,5.019,4.827,4.878,198047.35,4.870333333333334,EVALUATION,-0.10639606396063961
ATOM-USD,2025-02-24T00:00:00Z,4.878,4.901,4.265,4.359,466920.95,4.733666666666667,EVALUATION,0.021335168616655187
ATOM-USD,2025-02-25T00:00:00Z,4.359,4.542,4.109,4.452,678696.37,4.563000000000001,EVALUATION,0.033468104222821315
ATOM-USD,2025-02-26T00:00:00Z,4.452,4.689,4.409,4.601,302560.57,4.470666666666666,EVALUATION,-0.007389697891762581
ATOM-USD,2025-02-27T00:00:00Z,4.601,4.778,4.469,4.567,342557.6,4.54,EVALUATION,0.014232537770965559
ATOM-USD,2025-02-28T00:00:00Z,4.566,4.666,4.203,4.632,367182.53,4.6,EVALUATION,-0.030008635578583576
ATOM-USD,2025-03-01T00:00:00Z,4.632,4.657,4.414,4.493,189788.57,4.564,EVALUATION,0.09281103939461377
ATOM-USD,2025-03-02T00:00:00Z,4.492,4.93,4.406,4.91,400932.59,4.678333333333333,EVALUATION,-0.13930753564154785
ATOM-USD,2025-03-03T00:00:00Z,4.906,4.949,4.143,4.226,578079.55,4.543,EVALUATION,-0.015617605300520587
ATOM-USD,2025-03-04T00:00:00Z,4.223,4.252,3.887,4.16,877593.78,4.432,EVALUATION,0.03942307692307678
ATOM-USD,2025-03-05T00:00:00Z,4.16,4.354,4.096,4.324,403195.93,4.236666666666666,EVALUATION,-0.0161887141535616
ATOM-USD,2025-03-06T00:00:00Z,4.325,4.438,4.232,4.254,323254.45,4.246,EVALUATION,0.0016455101081336299
ATOM-USD,2025-03-07T00:00:00Z,4.258,4.442,4.071,4.261,481550.86,4.2796666666666665,EVALUATION,-0.03684581084252525
ATOM-USD,2025-03-08T00:00:00Z,4.259,4.275,4.073,4.104,546277.39,4.206333333333333,EVALUATION,-0.07261208576998046
ATOM-USD,2025-03-09T00:00:00Z,4.107,4.13,3.744,3.806,656355.28,4.057,EVALUATION,-0.05990541250656867
ATOM-USD,2025-03-10T00:00:00Z,3.807,4.041,3.571,3.578,611018.13,3.8293333333333335,EVALUATION,0.08524315259921744
ATOM-USD,2025-03-11T00:00:00Z,3.58,3.99,3.383,3.883,1051165.67,3.7556666666666665,EVALUATION,0.00103013134174601
ATOM-USD,2025-03-12T00:00:00Z,3.884,3.973,3.753,3.887,507427.0,3.7826666666666666,EVALUATION,0.005402624131721101
ATOM-USD,2025-03-13T00:00:00Z,3.889,3.966,3.785,3.908,414833.54,3.892666666666667,EVALUATION,0.0974923234390992
ATOM-USD,2025-03-14T00:00:00Z,3.904,4.318,3.891,4.289,639955.61,4.0280000000000005,EVALUATION,0.08416880391699721
ATOM-USD,2025-03-15T00:00:00Z,4.291,4.722,4.232,4.65,948280.64,4.282333333333334,EVALUATION,-0.007741935483871032
ATOM-USD,2025-03-16T00:00:00Z,4.655,4.758,4.5,4.614,707522.96,4.517666666666667,EVALUATION,0.00411790203727791
ATOM-USD,2025-03-17T00:00:00Z,4.615,4.736,4.528,4.633,468331.78,4.632333333333333,EVALUATION,0.019425857975393868
ATOM-USD,2025-03-18T00:00:00Z,4.632,4.832,4.527,4.723,939946.67,4.656666666666666,EVALUATION,0.005928435316536307
ATOM-USD,2025-03-19T00:00:00Z,4.727,4.764,4.573,4.751,513366.51,4.702333333333334,EVALUATION,-0.015365186276573461
ATOM-USD,2025-03-20T00:00:00Z,4.751,4.848,4.609,4.678,428420.2,4.717333333333333,EVALUATION,-0.017742625053441707
ATOM-USD,2025-03-21T00:00:00Z,4.68,4.721,4.473,4.595,435832.52,4.674666666666667,EVALUATION,0.06311207834602839
ATOM-USD,2025-03-22T00:00:00Z,4.592,5.045,4.581,4.885,653950.27,4.719333333333333,EVALUATION,-0.016171954964176005
ATOM-USD,2025-03-23T00:00:00Z,4.879,4.896,4.682,4.806,434878.77,4.762,EVALUATION,0.03225135247607169
ATOM-USD,2025-03-24T00:00:00Z,4.804,4.999,4.758,4.961,627990.28,4.884,EVALUATION,-0.024994960693408674
ATOM-USD,2025-03-25T00:00:00Z,4.956,5.015,4.793,4.837,476229.68,4.868,EVALUATION,0.00806284887326858
ATOM-USD,2025-03-26T00:00:00Z,4.836,4.983,4.775,4.876,835294.33,4.891333333333334,EVALUATION,-0.014356029532403669
ATOM-USD,2025-03-27T00:00:00Z,4.878,4.965,4.739,4.806,467473.74,4.839666666666667,EVALUATION,-0.053890969621306795
ATOM-USD,2025-03-28T00:00:00Z,4.806,4.824,4.499,4.547,284489.47,4.743,EVALUATION,-0.06707719375412358
ATOM-USD,2025-03-29T00:00:00Z,4.545,4.564,4.171,4.242,349592.19,4.531666666666666,EVALUATION,0.016973125884016893
ATOM-USD,2025-03-30T00:00:00Z,4.244,4.393,4.187,4.314,346567.33,4.367666666666667,EVALUATION,0.014140009272137322
ATOM-USD,2025-03-31T00:00:00Z,4.314,4.465,4.178,4.375,323411.94,4.310333333333333,EVALUATION,-0.0006857142857142895
ATOM-USD,2025-04-01T00:00:00Z,4.375,4.543,4.346,4.372,253094.27,4.353666666666666,EVALUATION,-0.03613906678865497
ATOM-USD,2025-04-02T00:00:00Z,4.375,4.603,4.142,4.214,476665.44,4.320333333333333,EVALUATION,0.10275272899857613
ATOM-USD,2025-04-03T00:00:00Z,4.213,4.712,4.195,4.647,577247.06,4.4110000000000005,EVALUATION,0.0725199053152572
ATOM-USD,2025-04-04T00:00:00Z,4.65,5.088,4.615,4.984,1633613.92,4.615,EVALUATION,-0.0363162118780096
ATOM-USD,2025-04-05T00:00:00Z,4.989,5.013,4.72,4.803,358809.18,4.811333333333334,EVALUATION,-0.07641057672288154
ATOM-USD,2025-04-06T00:00:00Z,4.803,4.83,4.376,4.436,535836.69,4.741,EVALUATION,-0.02389540126239853
ATOM-USD,2025-04-07T00:00:00Z,4.439,4.65,4.037,4.33,1112799.57,4.523,EVALUATION,-0.036951501154734445
ATOM-USD,2025-04-08T00:00:00Z,4.33,4.432,4.097,4.17,516906.41,4.311999999999999,EVALUATION,0.08776978417266168
ATOM-USD,2025-04-09T00:00:00Z,4.168,4.587,4.014,4.536,628046.27,4.345333333333333,EVALUATION,-0.04475308641975295
ATOM-USD,2025-04-10T00:00:00Z,4.536,4.54,4.224,4.333,462976.6,4.346333333333333,EVALUATION,-0.02123240249249958
ATOM-USD,2025-04-11T00:00:00Z,4.335,4.468,4.197,4.241,1147868.17,4.37,EVALUATION,0.02640886583352975
ATOM-USD,2025-04-12T00:00:00Z,4.241,4.397,4.159,4.353,899979.08,4.309,EVALUATION,-0.04709395818975426
ATOM-USD,2025-04-13T00:00:00Z,4.352,4.393,4.052,4.148,875598.88,4.247333333333333,EVALUATION,-0.004098360655737543
ATOM-USD,2025-04-14T00:00:00Z,4.149,4.275,4.062,4.131,620471.22,4.210666666666667,EVALUATION,-0.0365528927620431
ATOM-USD,2025-04-15T00:00:00Z,4.133,4.184,3.973,3.98,391903.89,4.086333333333333,EVALUATION,0.011055276381909618
ATOM-USD,2025-04-16T00:00:00Z,3.979,4.106,3.924,4.024,524723.49,4.045,EVALUATION,0.02112326043737567
ATOM-USD,2025-04-17T00:00:00Z,4.022,4.193,3.993,4.109,309464.92,4.0376666666666665,EVALUATION,0.003163786809442737
ATOM-USD,2025-04-18T00:00:00Z,4.111,4.224,4.072,4.122,275148.22,4.085,EVALUATION,0.02183406113537112
ATOM-USD,2025-04-19T00:00:00Z,4.122,4.252,4.122,4.212,180519.03,4.147666666666666,EVALUATION,-0.014957264957264904
ATOM-USD,2025-04-20T00:00:00Z,4.213,4.264,4.105,4.149,181379.04,4.161,EVALUATION,-0.020727886237647652
ATOM-USD,2025-04-21T00:00:00Z,4.15,4.294,4.05,4.063,410408.18,4.141333333333333,EVALUATION,0.06128476495200608
ATOM-USD,2025-04-22T00:00:00Z,4.063,4.339,3.983,4.312,574843.89,4.174666666666667,EVALUATION,0.022727272727272707
ATOM-USD,2025-04-23T00:00:00Z,4.314,4.442,4.278,4.41,504952.24,4.261666666666667,EVALUATION,0.03242630385487533
ATOM-USD,2025-04-24T00:00:00Z,4.41,4.616,4.282,4.553,488548.99,4.425,EVALUATION,-0.0015374478365911548
ATOM-USD,2025-04-25T00:00:00Z,4.553,4.633,4.423,4.546,534326.81,4.503,EVALUATION,0.0092388913330399
ATOM-USD,2025-04-26T00:00:00Z,4.548,4.738,4.546,4.588,578563.08,4.562333333333333,EVALUATION,-0.045553618134263396
ATOM-USD,2025-04-27T00:00:00Z,4.59,4.627,4.364,4.379,536871.47,4.504333333333333,EVALUATION,0.019182461749257973
ATOM-USD,2025-04-28T00:00:00Z,4.381,4.498,4.284,4.463,417599.86,4.476666666666667,EVALUATION,-0.01882142056912406
ATOM-USD,2025-04-29T00:00:00Z,4.463,4.537,4.338,4.379,343618.92,4.407,EVALUATION,-0.018269011189769202
ATOM-USD,2025-04-30T00:00:00Z,4.379,4.43,4.22,4.299,370117.41,4.380333333333333,EVALUATION,0.03140265177948365
ATOM-USD,2025-05-01T00:00:00Z,4.302,4.484,4.293,4.434,268547.51,4.370666666666667,EVALUATION,-0.014433919711321574
ATOM-USD,2025-05-02T00:00:00Z,4.435,4.514,4.331,4.37,444310.88,4.367666666666667,EVALUATION,-0.034553775743706994
ATOM-USD,2025-05-03T00:00:00Z,4.37,4.371,4.163,4.219,237609.63,4.341,EVALUATION,-0.028679781938848126
ATOM-USD,2025-05-04T00:00:00Z,4.219,4.248,4.068,4.098,237615.61,4.229,EVALUATION,-0.006100536847242433
ATOM-USD,2025-05-05T00:00:00Z,4.097,4.203,4.048,4.073,425675.2,4.13,EVALUATION,0.008593174564203165
ATOM-USD,2025-05-06T00:00:00Z,4.072,4.122,3.98,4.108,578134.91,4.093,EVALUATION,0.015579357351509282
ATOM-USD,2025-05-07T00:00:00Z,4.109,4.19,4.084,4.172,313944.06,4.117666666666667,EVALUATION,0.08820709491850431
ATOM-USD,2025-05-08T00:00:00Z,4.172,4.586,4.155,4.54,536856.53,4.273333333333333,EVALUATION,0.08942731277533023
ATOM-USD,2025-05-09T00:00:00Z,4.54,4.998,4.525,4.946,784450.18,4.552666666666666,EVALUATION,0.0887585928022645
ATOM-USD,2025-05-10T00:00:00Z,4.946,5.393,4.855,5.385,731079.1,4.957,EVALUATION,-0.013741875580315699
ATOM-USD,2025-05-11T00:00:00Z,5.384,5.42,5.117,5.311,558282.02,5.2139999999999995,EVALUATION,-0.014309922801732156
ATOM-USD,2025-05-12T00:00:00Z,5.311,5.497,5.113,5.235,668236.5,5.310333333333333,EVALUATION,0.00515759312320907
ATOM-USD,2025-05-13T00:00:00Z,5.234,5.368,4.953,5.262,662169.69,5.269333333333333,EVALUATION,-0.03230710756366395
ATOM-USD,2025-05-14T00:00:00Z,5.265,5.347,5.041,5.092,525110.18,5.1963333333333335,EVALUATION,-0.04379418695993709
ATOM-USD,2025-05-15T00:00:00Z,5.092,5.129,4.765,4.869,732996.16,5.074333333333333,EVALUATION,-0.01129595399465999
ATOM-USD,2025-05-16T00:00:00Z,4.869,4.989,4.781,4.814,328043.82,4.925,EVALUATION,-0.019941836310760297
ATOM-USD,2025-05-17T00:00:00Z,4.814,4.838,4.657,4.718,389560.86,4.800333333333334,EVALUATION,0.05277660025434505
ATOM-USD,2025-05-18T00:00:00Z,4.721,5.137,4.639,4.967,747557.2,4.833,EVALUATION,-0.0374471511979062
ATOM-USD,2025-05-19T00:00:00Z,4.968,5.005,4.584,4.781,645161.67,4.822,EVALUATION,0.014013804643379979
ATOM-USD,2025-05-20T00:00:00Z,4.78,4.887,4.656,4.848,448667.8,4.865333333333333,EVALUATION,0.0264026402640265
ATOM-USD,2025-05-21T00:00:00Z,4.851,5.07,4.781,4.976,627175.58,4.868333333333333,EVALUATION,0.048633440514469495
ATOM-USD,2025-05-22T00:00:00Z,4.978,5.23,4.972,5.218,494210.53,5.014,EVALUATION,-0.08125718666155624
ATOM-USD,2025-05-23T00:00:00Z,5.22,5.345,4.77,4.794,698146.36,4.996,EVALUATION,-0.01606174384647474
ATOM-USD,2025-05-24T00:00:00Z,4.793,4.864,4.695,4.717,363045.46,4.909666666666666,EVALUATION,0.016111935552257872
ATOM-USD,2025-05-25T00:00:00Z,4.719,4.821,4.576,4.793,363854.9,4.768,EVALUATION,-0.002712288754433523
ATOM-USD,2025-05-26T00:00:00Z,4.793,4.955,4.746,4.78,455928.17,4.763333333333334,EVALUATION,-0.005230125523012608
ATOM-USD,2025-05-27T00:00:00Z,4.781,4.962,4.68,4.755,792214.31,4.776,EVALUATION,0.019137749737118792
ATOM-USD,2025-05-28T00:00:00Z,4.757,4.855,4.641,4.846,427168.41,4.793666666666667,EVALUATION,-0.04787453569954603
ATOM-USD,2025-05-29T00:00:00Z,4.846,4.919,4.597,4.614,431643.41,4.738333333333333,EVALUATION,-0.06913740788903333
ATOM-USD,2025-05-30T00:00:00Z,4.614,4.639,4.237,4.295,653065.44,4.585,EVALUATION,0.012339930151338718
ATOM-USD,2025-05-31T00:00:00Z,4.292,4.396,4.179,4.348,401832.69,4.4190000000000005,EVALUATION,0.0050597976080957174
ATOM-USD,2025-06-01T00:00:00Z,4.351,4.387,4.258,4.37,311434.8,4.337666666666667,EVALUATION,0.02334096109839834
ATOM-USD,2025-06-02T00:00:00Z,4.367,4.494,4.261,4.472,450831.66,4.3966666666666665,EVALUATION,-0.01207513416815753
ATOM-USD,2025-06-03T00:00:00Z,4.473,4.533,4.375,4.418,327521.99,4.42,EVALUATION,-0.03327297419646902
ATOM-USD,2025-06-04T00:00:00Z,4.418,4.471,4.245,4.271,366853.79,4.3870000000000005,EVALUATION,-0.04401779442753451
ATOM-USD,2025-06-05T00:00:00Z,4.268,4.356,4.032,4.083,635609.97,4.257333333333333,EVALUATION,0.022777369581190365
ATOM-USD,2025-06-06T00:00:00Z,4.084,4.296,4.068,4.176,312761.97,4.176666666666667,EVALUATION,0.03256704980842917
ATOM-USD,2025-06-07T00:00:00Z,4.179,4.332,4.175,4.312,199833.32,4.190333333333333,EVALUATION,-0.009740259740259938
ATOM-USD,2025-06-08T00:00:00Z,4.31,4.328,4.204,4.27,193509.03,4.252666666666666,EVALUATION,0.03864168618266972
ATOM-USD,2025-06-09T00:00:00Z,4.272,4.5,4.21,4.435,311570.08,4.3389999999999995,EVALUATION,0.03720405862457721
ATOM-USD,2025-06-10T00:00:00Z,4.435,4.627,4.381,4.6,403599.56,4.435,EVALUATION,-0.019999999999999907
ATOM-USD,2025-06-11T00:00:00Z,4.602,4.628,4.456,4.508,267686.84,4.514333333333333,EVALUATION,-0.06477373558118893
ATOM-USD,2025-06-12T00:00:00Z,4.51,4.519,4.215,4.216,312746.52,4.441333333333333,EVALUATION,-0.019924098671726842
ATOM-USD,2025-06-13T00:00:00Z,4.215,4.219,4.006,4.132,558165.95,4.285333333333333,EVALUATION,-0.01040658276863482
ATOM-USD,2025-06-14T00:00:00Z,4.131,4.161,4.022,4.089,229920.87,4.145666666666667,EVALUATION,0.0014673514306675628
ATOM-USD,2025-06-15T00:00:00Z,4.088,4.134,4.01,4.095,188933.22,4.105333333333333,EVALUATION,0.011965811965812145
ATOM-USD,2025-06-16T00:00:00Z,4.095,4.299,4.063,4.144,245235.16,4.109333333333334,EVALUATION,-0.029440154440154465
ATOM-USD,2025-06-17T00:00:00Z,4.143,4.2,3.975,4.022,499475.93,4.087,EVALUATION,-0.001491795126802642
ATOM-USD,2025-06-18T00:00:00Z,4.023,4.08,3.924,4.016,332936.92,4.060666666666666,EVALUATION,0.005976095617529875
ATOM-USD,2025-06-19T00:00:00Z,4.017,4.076,3.96,4.04,238885.93,4.026,EVALUATION,-0.027970297029702995
ATOM-USD,2025-06-20T00:00:00Z,4.04,4.083,3.83,3.927,499096.7,3.9943333333333335,EVALUATION,-0.033868092691622054
ATOM-USD,2025-06-21T00:00:00Z,3.93,3.992,3.695,3.794,322833.14,3.9203333333333332,EVALUATION,-0.01897733263046919
ATOM-USD,2025-06-22T00:00:00Z,3.796,3.848,3.553,3.722,706871.13,3.814333333333333,EVALUATION,0.0948414830736164
ATOM-USD,2025-06-23T00:00:00Z,3.72,4.1,3.709,4.075,414177.03,3.8636666666666666,EVALUATION,0.0002453987730060003
ATOM-USD,2025-06-24T00:00:00Z,4.076,4.143,3.996,4.076,375350.12,3.9576666666666664,EVALUATION,-0.01790971540726194
ATOM-USD,2025-06-25T00:00:00Z,4.078,4.083,3.981,4.003,325857.95,4.051333333333333,EVALUATION,-0.026979765176117887
ATOM-USD,2025-06-26T00:00:00Z,4.003,4.068,3.891,3.895,573635.75,3.9913333333333334,EVALUATION,0.00872913992297808
ATOM-USD,2025-06-27T00:00:00Z,3.895,3.951,3.849,3.929,727906.12,3.942333333333333,EVALUATION,0.01705268516161884
ATOM-USD,2025-06-28T00:00:00Z,3.93,4.032,3.919,3.996,258553.2,3.94,EVALUATION,0.052552552552552756
ATOM-USD,2025-06-29T00:00:00Z,3.998,4.233,3.965,4.206,503012.01,4.043666666666667,EVALUATION,-0.02662862577270564
ATOM-USD,2025-06-30T00:00:00Z,4.207,4.239,4.058,4.094,288203.41,4.0986666666666665,EVALUATION,-0.04005862237420621
ATOM-USD,2025-07-01T00:00:00Z,4.095,4.111,3.915,3.93,428036.04,4.076666666666667,EVALUATION,0.0625954198473282
ATOM-USD,2025-07-02T00:00:00Z,3.93,4.255,3.902,4.176,402597.39,4.066666666666666,EVALUATION,0.002394636015325524
ATOM-USD,2025-07-03T00:00:00Z,4.177,4.264,4.157,4.186,277391.8,4.097333333333333,EVALUATION,-0.043717152412804494
ATOM-USD,2025-07-04T00:00:00Z,4.183,4.208,3.955,4.003,391631.96,4.121666666666667,EVALUATION,0.0032475643267548815
ATOM-USD,2025-07-05T00:00:00Z,4.003,4.033,3.947,4.016,239980.44,4.068333333333333,EVALUATION,0.016434262948207046
ATOM-USD,2025-07-06T00:00:00Z,4.014,4.137,3.98,4.082,165775.53,4.033666666666667,EVALUATION,-0.0083292503674669
ATOM-USD,2025-07-07T00:00:00Z,4.083,4.116,4.013,4.048,191540.76,4.048666666666667,EVALUATION,0.019268774703557368
ATOM-USD,2025-07-08T00:00:00Z,4.047,4.178,3.998,4.126,236758.67,4.085333333333334,EVALUATION,0.046534173533688605
ATOM-USD,2025-07-09T00:00:00Z,4.128,4.365,4.094,4.318,387045.03,4.164,EVALUATION,0.06947660954145451
ATOM-USD,2025-07-10T00:00:00Z,4.319,4.629,4.29,4.618,648920.23,4.354,EVALUATION,0.005197055002165385
ATOM-USD,2025-07-11T00:00:00Z,4.619,4.8,4.55,4.642,796509.92,4.526,EVALUATION,-0.012494614390349157
ATOM-USD,2025-07-12T00:00:00Z,4.643,4.734,4.497,4.584,488133.03,4.6146666666666665,EVALUATION,0.021378708551483605
ATOM-USD,2025-07-13T00:00:00Z,4.585,4.759,4.566,4.682,335265.47,4.636,EVALUATION,-0.027125160187953967
ATOM-USD,2025-07-14T00:00:00Z,4.682,4.855,4.489,4.555,650587.72,4.607,EVALUATION,0.02524698133918779
ATOM-USD,2025-07-15T00:00:00Z,4.554,4.718,4.434,4.67,648552.57,4.635666666666667,EVALUATION,0.016274089935760294
ATOM-USD,2025-07-16T00:00:00Z,4.669,4.882,4.606,4.746,526683.83,4.657,EVALUATION,0.02465233881163087
ATOM-USD,2025-07-17T00:00:00Z,4.747,4.904,4.637,4.863,680791.13,4.759666666666667,EVALUATION,-0.0008225375282747693
ATOM-USD,2025-07-18T00:00:00Z,4.863,5.16,4.786,4.859,929968.9,4.822666666666667,EVALUATION,0.03292858612883309
ATOM-USD,2025-07-19T00:00:00Z,4.86,5.051,4.758,5.019,424514.66,4.913666666666667,EVALUATION,0.031480374576608794
ATOM-USD,2025-07-20T00:00:00Z,5.017,5.283,4.985,5.177,701138.04,5.018333333333333,EVALUATION,0.0025111068186209895
ATOM-USD,2025-07-21T00:00:00Z,5.176,5.321,5.066,5.19,454315.61,5.128666666666667,EVALUATION,-0.01483622350674374
ATOM-USD,2025-07-22T00:00:00Z,5.188,5.212,4.924,5.113,998914.66,5.16,EVALUATION,-0.07999217680422466
ATOM-USD,2025-07-23T00:00:00Z,5.111,5.139,4.562,4.704,809941.46,5.0023333333333335,EVALUATION,-0.01636904761904756
ATOM-USD,2025-07-24T00:00:00Z,4.705,4.809,4.464,4.627,544223.62,4.814666666666667,EVALUATION,0.017938188891290396
ATOM-USD,2025-07-25T00:00:00Z,4.628,4.738,4.501,4.71,516952.18,4.6803333333333335,EVALUATION,0.012101910828025586
ATOM-USD,2025-07-26T00:00:00Z,4.709,4.839,4.672,4.767,271153.7,4.701333333333333,EVALUATION,0.02286553387874979
ATOM-USD,2025-07-27T00:00:00Z,4.765,4.892,4.738,4.876,344852.63,4.7843333333333335,EVALUATION,-0.04757998359310911
ATOM-USD,2025-07-28T00:00:00Z,4.877,4.952,4.61,4.644,451719.58,4.762333333333334,EVALUATION,-0.006244616709732975
ATOM-USD,2025-07-29T00:00:00Z,4.645,4.771,4.521,4.615,385852.14,4.711666666666667,EVALUATION,-0.04290357529794153
ATOM-USD,2025-07-30T00:00:00Z,4.615,4.617,4.25,4.417,642830.21,4.558666666666666,EVALUATION,-0.04663798958569154
ATOM-USD,2025-07-31T00:00:00Z,4.416,4.516,4.186,4.211,467301.32,4.414333333333333,EVALUATION,-0.01686060318214211
ATOM-USD,2025-08-01T00:00:00Z,4.212,4.263,4.038,4.14,874914.47,4.256,EVALUATION,-0.011594202898550732
ATOM-USD,2025-08-02T00:00:00Z,4.139,4.2,4.01,4.092,445524.61,4.147666666666667,EVALUATION,0.04447702834799627
ATOM-USD,2025-08-03T00:00:00Z,4.09,4.286,4.037,4.274,272811.22,4.168666666666667,EVALUATION,0.008890968647636832
ATOM-USD,2025-08-04T00:00:00Z,4.274,4.339,4.216,4.312,519412.6,4.226,EVALUATION,-0.019248608534322864
ATOM-USD,2025-08-05T00:00:00Z,4.312,4.318,4.137,4.229,411167.91,4.2716666666666665,EVALUATION,0.021991014424213695
ATOM-USD,2025-08-06T00:00:00Z,4.229,4.343,4.13,4.322,317209.05,4.2876666666666665,EVALUATION,0.03447478019435457
ATOM-USD,2025-08-07T00:00:00Z,4.321,4.473,4.291,4.471,347918.17,4.3406666666666665,EVALUATION,0.02974726012077844
ATOM-USD,2025-08-08T00:00:00Z,4.472,4.663,4.397,4.604,840978.88,4.4656666666666665,EVALUATION,0.027150304083405796
ATOM-USD,2025-08-09T00:00:00Z,4.606,4.792,4.602,4.729,510996.17,4.601333333333333,EVALUATION,-0.013956438993444675
ATOM-USD,2025-08-10T00:00:00Z,4.73,4.803,4.572,4.663,361678.59,4.665333333333333,EVALUATION,-0.03795839588247918
ATOM-USD,2025-08-11T00:00:00Z,4.661,4.775,4.452,4.486,653801.32,4.6259999999999994,EVALUATION,0.04926437806509143
ATOM-USD,2025-08-12T00:00:00Z,4.485,4.795,4.465,4.707,540012.28,4.618666666666666,EVALUATION,0.031442532398555434
ATOM-USD,2025-08-13T00:00:00Z,4.708,4.894,4.655,4.855,693140.14,4.682666666666666,EVALUATION,-0.06838311019567467
ATOM-USD,2025-08-14T00:00:00Z,4.858,4.918,4.436,4.523,672154.96,4.695,EVALUATION,-0.013707716117620894
ATOM-USD,2025-08-15T00:00:00Z,4.522,4.632,4.334,4.461,623746.1,4.6129999999999995,EVALUATION,0.025778973324366516
ATOM-USD,2025-08-16T00:00:00Z,4.46,4.606,4.45,4.576,275576.33,4.52,EVALUATION,0.010270979020979176
ATOM-USD,2025-08-17T00:00:00Z,4.577,4.759,4.545,4.623,492155.22,4.553333333333334,EVALUATION,-0.03352801211334633
ATOM-USD,2025-08-18T00:00:00Z,4.624,4.63,4.383,4.468,548081.61,4.555666666666667,EVALUATION,-0.03983885407341092
ATOM-USD,2025-08-19T00:00:00Z,4.466,4.513,4.278,4.29,587954.41,4.460333333333334,EVALUATION,0.04289044289044286
ATOM-USD,2025-08-20T00:00:00Z,4.292,4.583,4.268,4.474,371842.3,4.410666666666667,EVALUATION,-0.009834599910594655
ATOM-USD,2025-08-21T00:00:00Z,4.475,4.518,4.401,4.43,400995.74,4.398,EVALUATION,0.08758465011286676
ATOM-USD,2025-08-22T00:00:00Z,4.43,4.852,4.295,4.818,1266794.59,4.574,EVALUATION,0.014736405147364184
ATOM-USD,2025-08-23T00:00:00Z,4.82,4.98,4.67,4.889,781746.88,4.7123333333333335,EVALUATION,-0.020454080589077606
ATOM-USD,2025-08-24T00:00:00Z,4.888,4.968,4.653,4.789,620356.81,4.832,EVALUATION,-0.07872207141365628
ATOM-USD,2025-08-25T00:00:00Z,4.792,4.85,4.39,4.412,722077.04,4.696666666666666,EVALUATION,0.02606527651858581
ATOM-USD,2025-08-26T00:00:00Z,4.411,4.583,4.39,4.527,595313.38,4.576,EVALUATION,-0.0075104925999557315
ATOM-USD,2025-08-27T00:00:00Z,4.527,4.599,4.474,4.493,484481.19,4.477333333333333,EVALUATION,0.06409971066102815
ATOM-USD,2025-08-28T00:00:00Z,4.49,4.806,4.462,4.781,679145.17,4.600333333333333,EVALUATION,-0.06212089521020703
ATOM-USD,2025-08-29T00:00:00Z,4.782,4.808,4.427,4.484,655312.94,4.586,EVALUATION,0.004906333630686932
ATOM-USD,2025-08-30T00:00:00Z,4.484,4.558,4.421,4.506,342825.05,4.590333333333334,EVALUATION,-0.008877052818464293
ATOM-USD,2025-08-31T00:00:00Z,4.504,4.619,4.462,4.466,305377.7,4.485333333333333,EVALUATION,-0.015450067174205051
ATOM-USD,2025-09-01T00:00:00Z,4.465,4.598,4.322,4.397,570863.68,4.456333333333333,EVALUATION,0.007959972708664997
ATOM-USD,2025-09-02T00:00:00Z,4.397,4.471,4.352,4.432,440828.91,4.431666666666667,EVALUATION,0.02075812274368216
ATOM-USD,2025-09-03T00:00:00Z,4.432,4.565,4.404,4.524,482692.42,4.4510000000000005,EVALUATION,-0.030282935455349325
ATOM-USD,2025-09-04T00:00:00Z,4.525,4.541,4.34,4.387,537605.21,4.447666666666667,EVALUATION,0.012309095053567365
ATOM-USD,2025-09-05T00:00:00Z,4.387,4.556,4.366,4.441,629502.62,4.450666666666667,EVALUATION,-0.0067552353073632165
ATOM-USD,2025-09-06T00:00:00Z,4.443,4.459,4.361,4.411,265280.53,4.413,EVALUATION,0.01700294717751083
ATOM-USD,2025-09-07T00:00:00Z,4.412,4.508,4.409,4.486,316529.8,4.446,EVALUATION,0.01292911279536324
ATOM-USD,2025-09-08T00:00:00Z,4.487,4.597,4.474,4.544,708582.35,4.480333333333333,EVALUATION,0.010563380281690238
ATOM-USD,2025-09-09T00:00:00Z,4.545,4.678,4.491,4.592,426967.56,4.540666666666667,EVALUATION,0.020470383275261295
ATOM-USD,2025-09-10T00:00:00Z,4.593,4.717,4.559,4.686,492487.72,4.607333333333333,EVALUATION,0.0017072129748185727
ATOM-USD,2025-09-11T00:00:00Z,4.684,4.706,4.59,4.694,399306.85,4.657333333333334,EVALUATION,0.01235619940349375
ATOM-USD,2025-09-12T00:00:00Z,4.696,4.755,4.602,4.752,392516.11,4.710666666666667,EVALUATION,0.015151515151515138
ATOM-USD,2025-09-13T00:00:00Z,4.751,4.89,4.739,4.824,526121.67,4.756666666666666,EVALUATION,-0.03876451077943621
ATOM-USD,2025-09-14T00:00:00Z,4.826,4.87,4.614,4.637,373152.62,4.737666666666666,EVALUATION,-0.026957084321759806
ATOM-USD,2025-09-15T00:00:00Z,4.637,4.677,4.458,4.512,670342.36,4.657666666666666,EVALUATION,0.007757092198581672
ATOM-USD,2025-09-16T00:00:00Z,4.51,4.576,4.42,4.547,908447.95,4.565333333333333,EVALUATION,0.015394765779634945
ATOM-USD,2025-09-17T00:00:00Z,4.548,4.64,4.455,4.617,632092.57,4.558666666666666,EVALUATION,0.012345679012345734
ATOM-USD,2025-09-18T00:00:00Z,4.618,4.704,4.558,4.674,407247.04,4.612666666666667,EVALUATION,-0.043217800599058664
ATOM-USD,2025-09-19T00:00:00Z,4.674,4.774,4.455,4.472,476671.55,4.587666666666667,EVALUATION,-0.004472271914132464
ATOM-USD,2025-09-20T00:00:00Z,4.471,4.5,4.425,4.452,334301.69,4.532666666666667,EVALUATION,-0.011680143755615324
ATOM-USD,2025-09-21T00:00:00Z,4.452,4.513,4.4,4.4,426401.25,4.441333333333334,EVALUATION,-0.052727272727272734
ATOM-USD,2025-09-22T00:00:00Z,4.4,4.425,4.084,4.168,1183824.65,4.34,EVALUATION,-0.009117082533589338
ATOM-USD,2025-09-23T00:00:00Z,4.168,4.224,4.101,4.13,354748.16,4.232666666666667,EVALUATION,0.00556900726392251
ATOM-USD,2025-09-24T00:00:00Z,4.128,4.229,4.072,4.153,445683.96,4.150333333333333,EVALUATION,-0.03298820130026481
ATOM-USD,2025-09-25T00:00:00Z,4.155,4.165,3.945,4.016,955880.52,4.099666666666667,EVALUATION,0.026394422310756838
ATOM-USD,2025-09-26T00:00:00Z,4.014,4.185,3.969,4.122,431655.72,4.0969999999999995,EVALUATION,-0.0019408054342552328
ATOM-USD,2025-09-27T00:00:00Z,4.123,4.163,4.059,4.114,260724.57,4.084,EVALUATION,0.01628585318424891
ATOM-USD,2025-09-28T00:00:00Z,4.115,4.187,4.026,4.181,216037.97,4.138999999999999,EVALUATION,-0.01626405166228162
ATOM-USD,2025-09-29T00:00:00Z,4.18,4.185,4.011,4.113,456192.57,4.136,EVALUATION,-0.002188183807439903
ATOM-USD,2025-09-30T00:00:00Z,4.113,4.161,3.979,4.104,484139.09,4.132666666666667,EVALUATION,0.009015594541910366
ATOM-USD,2025-10-01T00:00:00Z,4.105,4.257,3.935,4.141,1424313.17,4.1193333333333335,EVALUATION,0.042501811156725466
ATOM-USD,2025-10-02T00:00:00Z,4.141,4.323,4.133,4.317,697449.6,4.187333333333333,EVALUATION,-0.0078758397034977
ATOM-USD,2025-10-03T00:00:00Z,4.318,4.356,4.199,4.283,597184.02,4.247,EVALUATION,-0.03362129348587439
ATOM-USD,2025-10-04T00:00:00Z,4.284,4.296,4.092,4.139,1030639.16,4.246333333333334,EVALUATION,0.0016912297656437314
ATOM-USD,2025-10-05T00:00:00Z,4.137,4.306,4.116,4.146,507076.41,4.189333333333334,EVALUATION,0.030873130728412912
ATOM-USD,2025-10-06T00:00:00Z,4.147,4.308,4.111,4.274,750454.82,4.186333333333334,EVALUATION,-0.05100608329433787
ATOM-USD,2025-10-07T00:00:00Z,4.273,4.299,4.043,4.056,640824.54,4.158666666666667,EVALUATION,0.02909270216962523
ATOM-USD,2025-10-08T00:00:00Z,4.057,4.207,4.012,4.174,447133.97,4.168,EVALUATION,-0.027551509343555436
ATOM-USD,2025-10-09T00:00:00Z,4.175,4.187,3.99,4.059,545126.54,4.096333333333334,EVALUATION,-0.200049273220005
ATOM-USD,2025-10-10T00:00:00Z,4.06,4.192,3.0,3.247,2525514.34,3.826666666666667,EVALUATION,-0.03172158915922385
ATOM-USD,2025-10-11T00:00:00Z,3.272,3.328,2.872,3.144,2837746.82,3.4833333333333334,EVALUATION,0.10941475826972002
ATOM-USD,2025-10-12T00:00:00Z,3.144,3.554,3.04,3.488,1217918.8,3.293,EVALUATION,0.04587155963302747
ATOM-USD,2025-10-13T00:00:00Z,3.489,3.669,3.447,3.648,657816.93,3.4266666666666667,EVALUATION,-0.04797149122807021
ATOM-USD,2025-10-14T00:00:00Z,3.653,3.67,3.295,3.473,701872.11,3.5363333333333333,EVALUATION,-0.03944716383530089
ATOM-USD,2025-10-15T00:00:00Z,3.472,3.52,3.28,3.336,807110.65,3.4856666666666665,EVALUATION,-0.024880095923261347
ATOM-USD,2025-10-16T00:00:00Z,3.338,3.423,3.2,3.253,547409.61,3.354,EVALUATION,-0.029818628957885007
ATOM-USD,2025-10-17T00:00:00Z,3.253,3.306,3.016,3.156,754955.82,3.248333333333333,EVALUATION,0.010139416983523386
ATOM-USD,2025-10-18T00:00:00Z,3.155,3.237,3.145,3.188,395791.5,3.199,EVALUATION,0.012860727728983612
ATOM-USD,2025-10-19T00:00:00Z,3.189,3.292,3.117,3.229,507855.17,3.191,EVALUATION,0.013626509755342298
ATOM-USD,2025-10-20T00:00:00Z,3.23,3.327,3.181,3.273,435578.61,3.23,EVALUATION,-0.02658111824014675
ATOM-USD,2025-10-21T00:00:00Z,3.273,3.374,3.171,3.186,955743.91,3.2293333333333334,EVALUATION,-0.02259887005649719
ATOM-USD,2025-10-22T00:00:00Z,3.185,3.228,3.033,3.114,663273.06,3.191,EVALUATION,0.023121387283236983
ATOM-USD,2025-10-23T00:00:00Z,3.113,3.234,3.11,3.186,470012.26,3.162,EVALUATION,0.0
ATOM-USD,2025-10-24T00:00:00Z,3.187,3.226,3.129,3.186,479514.89,3.162,EVALUATION,-0.010671688637790222
ATOM-USD,2025-10-25T00:00:00Z,3.186,3.197,3.137,3.152,302545.81,3.174666666666667,EVALUATION,0.032360406091370475
ATOM-USD,2025-10-26T00:00:00Z,3.153,3.284,3.119,3.254,712147.27,3.1973333333333334,EVALUATION,-0.023355869698832188
ATOM-USD,2025-10-27T00:00:00Z,3.256,3.286,3.158,3.178,626321.93,3.1946666666666665,EVALUATION,-0.024858401510383765
ATOM-USD,2025-10-28T00:00:00Z,3.177,3.214,3.036,3.099,520662.94,3.177,EVALUATION,-0.0003226847370120245
ATOM-USD,2025-10-29T00:00:00Z,3.097,3.178,3.04,3.098,577433.84,3.125,EVALUATION,-0.04744996772111032
ATOM-USD,2025-10-30T00:00:00Z,3.096,3.154,2.854,2.951,993355.05,3.0493333333333332,EVALUATION,0.0037275499830566883
ATOM-USD,2025-10-31T00:00:00Z,2.951,3.031,2.937,2.962,639023.36,3.0036666666666667,EVALUATION,0.02261985145172174
ATOM-USD,2025-11-01T00:00:00Z,2.962,3.046,2.945,3.029,402118.48,2.980666666666667,EVALUATION,0.008583690987124637
ATOM-USD,2025-11-02T00:00:00Z,3.028,3.077,2.951,3.055,599984.05,3.0153333333333334,EVALUATION,-0.17839607201309338
ATOM-USD,2025-11-03T00:00:00Z,3.054,3.063,2.472,2.51,2027160.19,2.8646666666666665,EVALUATION,-0.0007968127490038945
ATOM-USD,2025-11-04T00:00:00Z,2.507,2.64,2.351,2.508,2033091.4,2.691,EVALUATION,0.06379585326953752
ATOM-USD,2025-11-05T00:00:00Z,2.508,2.72,2.407,2.668,1101301.14,2.562,EVALUATION,-0.007871064467766198
ATOM-USD,2025-11-06T00:00:00Z,2.668,2.677,2.532,2.647,892187.74,2.607666666666667,EVALUATION,0.1518700415564791
ATOM-USD,2025-11-07T00:00:00Z,2.648,3.175,2.644,3.049,1973400.62,2.7880000000000003,EVALUATION,-0.03148573302722202
ATOM-USD,2025-11-08T00:00:00Z,3.047,3.152,2.89,2.953,1128646.29,2.883,EVALUATION,0.006434134778191769
ATOM-USD,2025-11-09T00:00:00Z,2.953,3.002,2.833,2.972,578176.95,2.9913333333333334,EVALUATION,0.04777927321668907
ATOM-USD,2025-11-10T00:00:00Z,2.971,3.154,2.95,3.114,761319.77,3.013,EVALUATION,-0.054913294797687806
ATOM-USD,2025-11-11T00:00:00Z,3.118,3.155,2.936,2.943,542496.69,3.009666666666667,EVALUATION,-0.01766904519198098
ATOM-USD,2025-11-12T00:00:00Z,2.945,3.114,2.862,2.891,617491.21,2.982666666666667,EVALUATION,-0.008993427879626315
ATOM-USD,2025-11-13T00:00:00Z,2.889,3.014,2.767,2.865,559741.48,2.8996666666666666,EVALUATION,-0.023385689354275763
ATOM-USD,2025-11-14T00:00:00Z,2.865,2.91,2.75,2.798,845107.16,2.8513333333333333,EVALUATION,0.02037169406719075
ATOM-USD,2025-11-15T00:00:00Z,2.797,2.996,2.796,2.855,616212.26,2.8393333333333333,EVALUATION,-0.03187390542907187
ATOM-USD,2025-11-16T00:00:00Z,2.855,2.879,2.696,2.764,506826.35,2.8056666666666663,EVALUATION,-0.021707670043415228
ATOM-USD,2025-11-17T00:00:00Z,2.763,2.91,2.682,2.704,784644.5,2.7743333333333333,EVALUATION,0.019970414201183395
ATOM-USD,2025-11-18T00:00:00Z,2.703,2.819,2.665,2.758,1316621.33,2.742,EVALUATION,-0.010152284263959421
ATOM-USD,2025-11-19T00:00:00Z,2.757,2.787,2.619,2.73,546271.8,2.730666666666667,EVALUATION,0.00219780219780219
ATOM-USD,2025-11-20T00:00:00Z,2.726,3.133,2.716,2.736,1671667.63,2.7413333333333334,EVALUATION,-0.08187134502923987
ATOM-USD,2025-11-21T00:00:00Z,2.736,2.823,2.445,2.512,1263222.19,2.6593333333333335,EVALUATION,0.0011942675159235527
ATOM-USD,2025-11-22T00:00:00Z,2.513,2.53,2.439,2.515,585202.2,2.587666666666667,EVALUATION,-0.008349900596421489
ATOM-USD,2025-11-23T00:00:00Z,2.515,2.568,2.481,2.494,631285.96,2.507,EVALUATION,0.003207698476342946
ATOM-USD,2025-11-24T00:00:00Z,2.494,2.545,2.384,2.502,801034.86,2.5036666666666667,EVALUATION,-0.013589128697042319
ATOM-USD,2025-11-25T00:00:00Z,2.5,2.531,2.413,2.468,625188.72,2.488,EVALUATION,0.02309562398703391
ATOM-USD,2025-11-26T00:00:00Z,2.468,2.56,2.433,2.525,813022.33,2.498333333333333,EVALUATION,-0.001980198019801982
ATOM-USD,2025-11-27T00:00:00Z,2.525,2.555,2.501,2.52,456875.79,2.5043333333333333,EVALUATION,-0.031746031746031744
ATOM-USD,2025-11-28T00:00:00Z,2.519,2.544,2.428,2.44,706943.95,2.495,EVALUATION,-0.004918032786885296
ATOM-USD,2025-11-29T00:00:00Z,2.438,2.456,2.392,2.428,335384.51,2.462666666666667,EVALUATION,-0.021416803953871466
ATOM-USD,2025-11-30T00:00:00Z,2.428,2.455,2.372,2.376,387500.76,2.4146666666666667,EVALUATION,-0.045454545454545525
ATOM-USD,2025-12-01T00:00:00Z,2.377,2.381,2.141,2.268,1253751.65,2.357333333333333,EVALUATION,0.04365079365079372
ATOM-USD,2025-12-02T00:00:00Z,2.269,2.431,2.247,2.367,634343.99,2.3369999999999997,EVALUATION,0.010561892691170138
ATOM-USD,2025-12-03T00:00:00Z,2.37,2.419,2.313,2.392,580032.62,2.3423333333333334,EVALUATION,-0.03344481605351168
ATOM-USD,2025-12-04T00:00:00Z,2.395,2.409,2.284,2.312,512482.64,2.357,EVALUATION,-0.0488754325259515
ATOM-USD,2025-12-05T00:00:00Z,2.313,2.337,2.153,2.199,574565.39,2.301,EVALUATION,0.016825829922692215
ATOM-USD,2025-12-06T00:00:00Z,2.199,2.283,2.187,2.236,376528.01,2.249,EVALUATION,-0.0254919499105547
ATOM-USD,2025-12-07T00:00:00Z,2.236,2.25,2.139,2.179,626519.65,2.2046666666666668,EVALUATION,0.032124827902707764
ATOM-USD,2025-12-08T00:00:00Z,2.178,2.271,2.174,2.249,461793.3,2.2213333333333334,EVALUATION,0.036016007114272997
ATOM-USD,2025-12-09T00:00:00Z,2.249,2.42,2.197,2.33,586996.31,2.252666666666667,EVALUATION,-0.02618025751072961
ATOM-USD,2025-12-10T00:00:00Z,2.33,2.375,2.246,2.269,580117.13,2.2826666666666666,EVALUATION,-0.03702071397091233
ATOM-USD,2025-12-11T00:00:00Z,2.267,2.273,2.161,2.185,648104.93,2.2613333333333334,EVALUATION,-0.019679633867277002
ATOM-USD,2025-12-12T00:00:00Z,2.187,2.205,2.072,2.142,764890.6,2.198666666666667,EVALUATION,0.019607843137255054
ATOM-USD,2025-12-13T00:00:00Z,2.143,2.195,2.14,2.184,582932.34,2.1703333333333337,EVALUATION,-0.03708791208791207
ATOM-USD,2025-12-14T00:00:00Z,2.183,2.192,2.083,2.103,452513.25,2.1430000000000002,EVALUATION,-0.024726581074655307
ATOM-USD,2025-12-15T00:00:00Z,2.109,2.165,2.003,2.051,671606.82,2.1126666666666667,EVALUATION,-0.024865919063871367
ATOM-USD,2025-12-16T00:00:00Z,2.051,2.07,1.99,2.0,699923.01,2.0513333333333335,EVALUATION,-0.028000000000000025
ATOM-USD,2025-12-17T00:00:00Z,2.0,2.089,1.922,1.944,936425.48,1.9983333333333335,EVALUATION,-0.04681069958847739
ATOM-USD,2025-12-18T00:00:00Z,1.944,1.971,1.831,1.853,858819.24,1.9323333333333332,EVALUATION,0.060442525634107014
ATOM-USD,2025-12-19T00:00:00Z,1.853,1.989,1.844,1.965,866225.05,1.9206666666666667,EVALUATION,0.00865139949109417
ATOM-USD,2025-12-20T00:00:00Z,1.964,2.002,1.959,1.982,448902.79,1.9333333333333333,EVALUATION,-0.019172552976791102
ATOM-USD,2025-12-21T00:00:00Z,1.983,1.995,1.908,1.944,351097.42,1.9636666666666667,EVALUATION,0.0015432098765433278
ATOM-USD,2025-12-22T00:00:00Z,1.943,1.999,1.923,1.947,503641.94,1.9576666666666667,EVALUATION,0.012326656394453073
ATOM-USD,2025-12-23T00:00:00Z,1.946,1.999,1.917,1.971,532365.07,1.9540000000000002,EVALUATION,0.006595636732622978
ATOM-USD,2025-12-24T00:00:00Z,1.971,1.991,1.915,1.984,400051.68,1.9673333333333334,EVALUATION,-0.013608870967741882
ATOM-USD,2025-12-25T00:00:00Z,1.983,2.024,1.954,1.957,393915.78,1.9706666666666668,EVALUATION,0.0449667858967806
ATOM-USD,2025-12-26T00:00:00Z,1.956,2.058,1.95,2.045,363883.79,1.9953333333333334,EVALUATION,0.019070904645476894
ATOM-USD,2025-12-27T00:00:00Z,2.045,2.096,2.028,2.084,973139.79,2.0286666666666666,EVALUATION,-0.005278310940499131
ATOM-USD,2025-12-28T00:00:00Z,2.085,2.11,2.055,2.073,335844.52,2.067333333333333,EVALUATION,-0.053063193439459644
ATOM-USD,2025-12-29T00:00:00Z,2.073,2.1,1.958,1.963,703217.35,2.04,EVALUATION,0.0010188487009679115
ATOM-USD,2025-12-30T00:00:00Z,1.962,2.0,1.953,1.965,480376.56,2.0003333333333333,EVALUATION,-0.01984732824427493
ATOM-USD,2025-12-31T00:00:00Z,1.965,1.982,1.905,1.926,662369.96,1.9513333333333334,EVALUATION,0.07424714434060231
ATOM-USD,2026-01-01T00:00:00Z,1.927,2.077,1.916,2.069,701184.72,1.9866666666666668,SUPPORT_FORWARD_RETURN,
