instrument,timestamp,open,high,low,close,volume,funding_rate,funding_rate_lag_1,row_role,forward_return_1d
BTC-USD,2026-06-23T00:00:00Z,63950.61,64211.95,61862.27,62644.86,6931.61213742,2.89342394269e-05,,SUPPORT_FUNDINGSIGN_WARMUP,
BTC-USD,2026-06-24T00:00:00Z,62644.86,63156.34,59010.74,60983.13,15635.11089006,5.083967825383333e-05,2.89342394269e-05,EVALUATION,-0.02098088438556689
BTC-USD,2026-06-25T00:00:00Z,60983.14,61868.39,58000.0,59703.65,15027.87126075,-5.2784246135200005e-05,5.083967825383333e-05,EVALUATION,0.005006059093539461
BTC-USD,2026-06-26T00:00:00Z,59703.66,60660.0,58243.36,60002.53,14344.89687871,3.1026889606733335e-05,-5.2784246135200005e-05,EVALUATION,-0.0011281190976447641
BTC-USD,2026-06-27T00:00:00Z,60002.97,60838.92,59765.1,59934.84,4263.41546366,4.114860317193334e-05,3.1026889606733335e-05,EVALUATION,-0.007688850091198907
BTC-USD,2026-06-28T00:00:00Z,59934.84,60455.0,58810.11,59474.01,4245.96241874,3.7257066244666666e-05,4.114860317193334e-05,EVALUATION,0.011580184352795397
BTC-USD,2026-06-29T00:00:00Z,59473.99,60702.63,58800.0,60162.73,10607.13260857,4.227297382703333e-05,3.7257066244666666e-05,EVALUATION,-0.027239455390405398
BTC-USD,2026-06-30T00:00:00Z,60162.73,60191.99,58056.0,58523.93,9465.93232684,6.696370401166667e-05,4.227297382703333e-05,EVALUATION,0.024562943739424137
BTC-USD,2026-07-01T00:00:00Z,58523.93,61287.33,57717.55,59961.45,10684.76298705,3.281775000776667e-05,6.696370401166667e-05,EVALUATION,0.025392481335924977
BTC-USD,2026-07-02T00:00:00Z,59961.46,62147.89,59520.02,61484.02,9926.92193918,7.383219251323334e-05,3.281775000776667e-05,EVALUATION,0.016853159568941622
BTC-USD,2026-07-03T00:00:00Z,61484.02,62899.99,61162.79,62520.22,5258.18045215,8.460943529003334e-05,7.383219251323334e-05,EVALUATION,0.009056749960252741
BTC-USD,2026-07-04T00:00:00Z,62520.22,63410.0,62274.16,63086.45,3145.81597083,5.53703806968e-05,8.460943529003334e-05,EVALUATION,0.00783036610872867
BTC-USD,2026-07-05T00:00:00Z,63086.46,63940.79,62384.08,63580.44,3932.92874482,6.491941707853334e-05,5.53703806968e-05,EVALUATION,0.0066278245321989004
BTC-USD,2026-07-06T00:00:00Z,63580.45,64658.85,61250.0,64001.84,9896.48050701,6.786266352653333e-05,6.491941707853334e-05,EVALUATION,-0.010602351432396295
BTC-USD,2026-07-07T00:00:00Z,64001.85,64272.92,62583.0,63323.27,8692.3130837,7.559124139693334e-05,6.786266352653333e-05,EVALUATION,-0.017143302927975723
BTC-USD,2026-07-08T00:00:00Z,63322.07,63720.88,61453.09,62237.7,7237.78820087,6.216746469356667e-05,7.559124139693334e-05,EVALUATION,0.015064020681998302
BTC-USD,2026-07-09T00:00:00Z,62237.7,63448.46,61636.05,63175.25,6006.35289135,3.6278239458300005e-05,6.216746469356667e-05,EVALUATION,0.01508882038456516
BTC-USD,2026-07-10T00:00:00Z,63175.25,64669.42,62865.01,64128.49,7404.52499746,7.760767668596668e-05,3.6278239458300005e-05,EVALUATION,-0.005542778256590775
BTC-USD,2026-07-11T00:00:00Z,64128.49,64458.7,63769.84,63773.04,2617.29724763,3.1587887671300005e-05,7.760767668596668e-05,EVALUATION,-0.0005130694726173113
BTC-USD,2026-07-12T00:00:00Z,63773.05,64250.56,63588.2,63740.32,2633.31782959,6.19161749768e-05,3.1587887671300005e-05,EVALUATION,-0.02314673035842929
BTC-USD,2026-07-13T00:00:00Z,63740.32,64388.01,61750.9,62264.94,9591.1892568,5.4222940419233335e-05,6.19161749768e-05,EVALUATION,0.04374371837505975
BTC-USD,2026-07-14T00:00:00Z,62264.94,65055.04,62190.4,64988.64,7504.53812142,5.4083971558e-05,5.4222940419233335e-05,EVALUATION,-0.004185500727511782
BTC-USD,2026-07-15T00:00:00Z,64988.65,65559.5,64431.11,64716.63,5757.28000036,7.65230416322e-05,5.4083971558e-05,EVALUATION,-0.014618035580653665
BTC-USD,2026-07-16T00:00:00Z,64712.04,64946.07,63690.78,63770.6,5101.5478066,4.464196211016667e-05,7.65230416322e-05,EVALUATION,0.0019350609842152533
BTC-USD,2026-07-17T00:00:00Z,63770.6,64353.56,62452.52,63894.0,7455.05858276,4.598967344546667e-05,4.464196211016667e-05,EVALUATION,0.014122765830907547
BTC-USD,2026-07-18T00:00:00Z,63893.99,64827.93,63842.35,64796.36,3120.98182893,5.839378777416666e-05,4.598967344546667e-05,EVALUATION,-0.001768309207492491
BTC-USD,2026-07-19T00:00:00Z,64796.36,64918.7,64238.08,64681.78,2337.25546535,3.945713342273333e-05,5.839378777416666e-05,EVALUATION,0.00821359585342285
BTC-USD,2026-07-20T00:00:00Z,64681.79,65756.09,63702.01,65213.05,8359.60489964,9.6512768071e-06,3.945713342273333e-05,EVALUATION,0.019982656845523916
BTC-USD,2026-07-21T00:00:00Z,65213.05,66923.95,65106.79,66516.18,7284.09774035,-4.575344895733333e-06,9.6512768071e-06,EVALUATION,-0.006458127932181146
BTC-USD,2026-07-22T00:00:00Z,66516.17,66698.55,65484.0,66086.61,5859.41989993,2.2406596971266665e-05,-4.575344895733333e-06,EVALUATION,-0.015667016359289687
BTC-USD,2026-07-23T00:00:00Z,66086.6,66287.74,64564.09,65051.23,6960.21139899,1.0719659319066665e-05,2.2406596971266665e-05,EVALUATION,-0.014879195981382765
BTC-USD,2026-07-24T00:00:00Z,65051.24,65762.78,63641.0,64083.32,7327.49813634,1.2718079468666667e-05,1.0719659319066665e-05,EVALUATION,0.003312718504596912
BTC-USD,2026-07-25T00:00:00Z,64083.31,64387.43,63732.0,64295.61,2180.46852205,1.8775124845100003e-05,1.2718079468666667e-05,EVALUATION,0.01626020812307405
BTC-USD,2026-07-26T00:00:00Z,64295.61,65511.36,64229.6,65341.07,2390.56790196,2.6755641998700004e-05,1.8775124845100003e-05,EVALUATION,-0.025200689244911367
BTC-USD,2026-07-27T00:00:00Z,65341.07,65705.08,63545.0,63694.43,5069.45269918,5.03266830334e-05,2.6755641998700004e-05,EVALUATION,0.002397226884674364
BTC-USD,2026-07-28T00:00:00Z,63693.44,64041.02,62645.39,63847.12,6232.18054403,8.951726501833334e-06,5.03266830334e-05,EVALUATION,0.000767771514204485
BTC-USD,2026-07-29T00:00:00Z,63847.12,64665.3,63194.45,63896.14,8092.70552294,5.865729241916667e-05,8.951726501833334e-06,EVALUATION,0.01292347237250957
BTC-USD,2026-07-30T00:00:00Z,63896.14,65118.08,63502.91,64721.9,8025.87127027,6.735490140013333e-05,5.865729241916667e-05,EVALUATION,-0.029294566445051795
BTC-USD,2026-07-31T00:00:00Z,64721.9,65360.0,62358.96,62825.9,8260.37090197,7.682663703003334e-05,6.735490140013333e-05,EVALUATION,-0.0009820790470173035
BTC-USD,2026-08-01T00:00:00Z,62826.69,63093.0,62209.81,62764.2,3060.55404241,2.1038754352633335e-05,7.682663703003334e-05,EVALUATION,0.01171511785380841
BTC-USD,2026-08-02T00:00:00Z,62764.2,63730.49,62743.87,63499.49,3283.94724012,1.905937207383333e-05,2.1038754352633335e-05,EVALUATION,-0.0005193742500922971
BTC-USD,2026-08-03T00:00:00Z,63499.49,64032.43,62210.14,63466.51,7086.70328594,3.729650287153333e-05,1.905937207383333e-05,EVALUATION,0.00920170338655768
BTC-USD,2026-08-04T00:00:00Z,63466.51,64497.24,63250.0,64050.51,6227.77436334,6.11540597457e-05,3.729650287153333e-05,EVALUATION,0.008626316948920465
BTC-USD,2026-08-05T00:00:00Z,64050.51,64988.78,63814.8,64603.03,6932.34404967,2.3479344612533334e-05,6.11540597457e-05,EVALUATION,-0.005196815071986549
BTC-USD,2026-08-06T00:00:00Z,64603.02,64944.16,64087.41,64267.3,4520.43206155,6.384242899459999e-05,2.3479344612533334e-05,EVALUATION,0.009714271487988313
BTC-USD,2026-08-07T00:00:00Z,64267.3,65348.97,64099.35,64891.61,6181.48293213,4.5616572345133335e-05,6.384242899459999e-05,EVALUATION,0.00026367044984709764
BTC-USD,2026-08-08T00:00:00Z,64891.6,65150.16,64789.89,64908.72,2494.26436439,3.28294264163e-05,4.5616572345133335e-05,EVALUATION,-0.0009248372175572062
BTC-USD,2026-08-09T00:00:00Z,64908.71,65426.0,64675.22,64848.69,3044.21136585,2.1452437709166666e-05,3.28294264163e-05,EVALUATION,-0.01444608981307105
BTC-USD,2026-08-10T00:00:00Z,64848.68,65341.83,63733.03,63911.88,6197.02944527,8.212622371143334e-05,2.1452437709166666e-05,EVALUATION,-0.005947720517687771
BTC-USD,2026-08-11T00:00:00Z,63911.88,64439.38,63158.0,63531.75,6020.29333133,0.0001,8.212622371143334e-05,EVALUATION,-0.0018892915746850925
BTC-USD,2026-08-12T00:00:00Z,63531.75,64416.3,63235.88,63411.72,6570.08215862,6.825277091993333e-05,0.0001,EVALUATION,0.00021494449291070694
BTC-USD,2026-08-13T00:00:00Z,63411.71,63949.9,62772.84,63425.35,5119.66743787,7.501203665736667e-05,6.825277091993333e-05,EVALUATION,-0.007097477585854772
BTC-USD,2026-08-14T00:00:00Z,63425.35,63561.45,62468.21,62975.19,5116.86738135,9.420089093226667e-05,7.501203665736667e-05,EVALUATION,0.0006917009698581555
BTC-USD,2026-08-15T00:00:00Z,62975.18,63123.68,62830.01,63018.75,1233.57820711,7.664057754886667e-05,9.420089093226667e-05,EVALUATION,-0.0028894575027272884
BTC-USD,2026-08-16T00:00:00Z,63018.75,63318.09,62631.18,62836.66,1794.19400235,5.4170726837233336e-05,7.664057754886667e-05,EVALUATION,0.026219089302327525
BTC-USD,2026-08-17T00:00:00Z,62836.67,64588.0,62679.42,64484.18,6069.64648358,5.19697784261e-05,5.4170726837233336e-05,EVALUATION,0.0030573390248584964
BTC-USD,2026-08-18T00:00:00Z,64477.26,65020.0,63979.36,64681.33,5099.57954731,1.8206824589e-05,5.19697784261e-05,EVALUATION,0.07140669494582119
BTC-USD,2026-08-19T00:00:00Z,64681.33,70022.44,64112.04,69300.01,16917.83327784,6.72499600124e-05,1.8206824589e-05,EVALUATION,0.053562185633162285
BTC-USD,2026-08-20T00:00:00Z,69300.01,73391.43,68853.22,73011.87,16155.04322781,8.629843010533334e-05,6.72499600124e-05,EVALUATION,0.07277816607080467
BTC-USD,2026-08-21T00:00:00Z,73010.86,79500.0,73004.7,78325.54,20245.16913846,6.40926567872e-05,8.629843010533334e-05,EVALUATION,-0.016228423066090514
BTC-USD,2026-08-22T00:00:00Z,78325.54,78828.37,76471.7,77054.44,5400.20084011,0.0001,6.40926567872e-05,EVALUATION,0.008759002076973
BTC-USD,2026-08-23T00:00:00Z,77054.44,78055.25,75538.12,77729.36,4600.67451175,0.0001,0.0001,EVALUATION,0.016110128785313593
BTC-USD,2026-08-24T00:00:00Z,77729.36,79999.99,76652.0,78981.59,11216.61146606,0.0001,0.0001,EVALUATION,-0.005758177317017665
BTC-USD,2026-08-25T00:00:00Z,78981.59,81265.3,77832.0,78526.8,10819.3622223,7.60868718922e-05,0.0001,EVALUATION,0.006359357569644786
BTC-USD,2026-08-26T00:00:00Z,78526.79,79239.09,77601.02,79026.18,6497.47138279,6.896836744663334e-05,7.60868718922e-05,EVALUATION,0.0158069136076171
BTC-USD,2026-08-27T00:00:00Z,79026.18,80835.82,78551.99,80275.34,9599.70176084,2.7325805966633334e-05,6.896836744663334e-05,EVALUATION,-0.030347426744003703
BTC-USD,2026-08-28T00:00:00Z,80275.35,81479.5,76845.71,77839.19,11750.1430688,7.665500923943333e-05,2.7325805966633334e-05,EVALUATION,0.00507122440508434
BTC-USD,2026-08-29T00:00:00Z,77839.19,78334.44,77348.65,78233.93,2765.11334273,7.054916382823333e-05,7.665500923943333e-05,EVALUATION,-0.00727037488721316
BTC-USD,2026-08-30T00:00:00Z,78233.92,79394.55,77000.0,77665.14,4007.1655077,4.323742754513333e-05,7.054916382823333e-05,EVALUATION,0.011557308723064263
BTC-USD,2026-08-31T00:00:00Z,77672.1,79257.14,77369.59,78562.74,7716.42678336,7.40533095129e-05,4.323742754513333e-05,EVALUATION,-0.014816820289109134
BTC-USD,2026-09-01T00:00:00Z,78562.74,79195.32,76366.12,77398.69,7523.97854815,5.2856020208000004e-05,7.40533095129e-05,EVALUATION,-0.0011799941316836815
BTC-USD,2026-09-02T00:00:00Z,77398.7,77750.0,76219.18,77307.36,4983.63357935,7.950612939183333e-05,5.2856020208000004e-05,EVALUATION,0.05118050855701206
BTC-USD,2026-09-03T00:00:00Z,77307.36,82283.0,76929.29,81263.99,11050.40122438,4.7476101242e-05,7.950612939183333e-05,EVALUATION,-0.01955195653080788
BTC-USD,2026-09-04T00:00:00Z,81263.99,81438.01,78626.0,79675.12,6701.30838176,4.155793205013334e-05,4.7476101242e-05,EVALUATION,0.001963599176254993
BTC-USD,2026-09-05T00:00:00Z,79675.12,80200.67,79458.74,79831.57,2147.97686767,-1.3331357771900001e-05,4.155793205013334e-05,EVALUATION,0.0063578857336765715
BTC-USD,2026-09-06T00:00:00Z,79833.86,80564.24,79250.0,80339.13,2000.39186862,2.7313913893e-05,-1.3331357771900001e-05,EVALUATION,-0.015523693124384175
BTC-USD,2026-09-07T00:00:00Z,80339.13,80462.23,78666.0,79091.97,3292.97954149,2.0424804631666668e-05,2.7313913893e-05,EVALUATION,-0.008153292932266076
BTC-USD,2026-09-08T00:00:00Z,79091.97,79477.07,77589.0,78447.11,5149.1413426,5.01830413533e-05,2.0424804631666668e-05,EVALUATION,-0.0020794902450836927
BTC-USD,2026-09-09T00:00:00Z,78449.28,79752.73,77727.0,78283.98,5255.8427141,6.177747080796667e-05,5.01830413533e-05,EVALUATION,-0.022321680629932117
BTC-USD,2026-09-10T00:00:00Z,78283.98,78554.18,76440.0,76536.55,6390.76117588,7.396353759086666e-05,6.177747080796667e-05,EVALUATION,0.008780118779850854
BTC-USD,2026-09-11T00:00:00Z,76536.55,79852.22,76030.0,77208.55,7310.99918713,6.260891380970001e-05,7.396353759086666e-05,EVALUATION,0.0007032899853707253
BTC-USD,2026-09-12T00:00:00Z,77208.55,77495.0,77049.56,77262.85,1669.17865116,5.1598981585099995e-05,6.260891380970001e-05,EVALUATION,-0.005992530692305542
BTC-USD,2026-09-13T00:00:00Z,77262.85,77425.43,76457.09,76799.85,2218.40141229,6.307096137333334e-05,5.1598981585099995e-05,EVALUATION,0.017905764138862024
BTC-USD,2026-09-14T00:00:00Z,76799.85,79591.17,76347.27,78175.01,6547.43119962,4.993908860366667e-05,6.307096137333334e-05,EVALUATION,-0.03314153717409174
BTC-USD,2026-09-15T00:00:00Z,78175.0,78242.76,74887.5,75584.17,10155.2013027,4.7525347961666665e-05,4.993908860366667e-05,EVALUATION,0.007419807613155083
BTC-USD,2026-09-16T00:00:00Z,75584.17,76499.99,74911.53,76144.99,6945.70295886,4.0578376731666665e-05,4.7525347961666665e-05,EVALUATION,0.002675816229012584
BTC-USD,2026-09-17T00:00:00Z,76144.99,77105.42,75921.88,76348.74,5353.30278119,7.535189141713334e-05,4.0578376731666665e-05,EVALUATION,0.059284540910563566
BTC-USD,2026-09-18T00:00:00Z,76348.74,81388.47,76205.46,80875.04,12360.2523087,7.518050833083333e-05,7.535189141713334e-05,EVALUATION,0.004437339381841543
BTC-USD,2026-09-19T00:00:00Z,80875.04,81925.0,80822.48,81233.91,3325.31440002,0.0001,7.518050833083333e-05,EVALUATION,-0.0009142733619494914
BTC-USD,2026-09-20T00:00:00Z,81233.91,81472.04,80085.0,81159.64,3612.2748174,9.285955868296667e-05,0.0001,EVALUATION,0.06697047941563072
BTC-USD,2026-09-21T00:00:00Z,81160.33,87397.0,80837.42,86594.94,14077.54012157,7.094303111423334e-05,9.285955868296667e-05,EVALUATION,-0.004583293203967775
BTC-USD,2026-09-22T00:00:00Z,86594.94,86734.0,85059.28,86198.05,8943.87588877,8.480330632960001e-05,7.094303111423334e-05,EVALUATION,-0.021111150426256775
BTC-USD,2026-09-23T00:00:00Z,86198.05,87282.81,83513.0,84378.31,7836.10064765,5.07560842352e-05,8.480330632960001e-05,EVALUATION,8.473741652337274e-05
BTC-USD,2026-09-24T00:00:00Z,84378.31,84929.78,82708.96,84385.46,6839.37550902,1.0406071574633334e-05,5.07560842352e-05,EVALUATION,-0.003464222390919036
BTC-USD,2026-09-25T00:00:00Z,84385.47,85250.0,83091.19,84093.13,7277.8815177,3.407515643186667e-05,1.0406071574633334e-05,EVALUATION,0.0038471632581638104
BTC-USD,2026-09-26T00:00:00Z,84093.13,84470.44,83777.77,84416.65,1990.34470923,1.0715996580233335e-05,3.407515643186667e-05,EVALUATION,0.0005388747362042867
BTC-USD,2026-09-27T00:00:00Z,84416.64,85158.5,84113.56,84462.14,2958.05456342,-1.2546447269966667e-05,1.0715996580233335e-05,EVALUATION,-0.011903558209630849
BTC-USD,2026-09-28T00:00:00Z,84463.08,84992.0,82510.37,83456.74,6680.12066817,3.64225110825e-05,-1.2546447269966667e-05,SUPPORT_FORWARD_RETURN,
